imdb_id,title_en,title_kr,year,genre,director,imdb_url
tt0315386,A Fairy's Mandarin Duck,Cheonyeo wonang,1990,"Fantasy,Horror",Seung-ho Ahn,https://www.imdb.com/title/tt0315386/
tt3161388,A Sketch of a Rainy Day,Bi-oneun nal-ui suchaehwa,1990,Romance,Kwak Jae-young,https://www.imdb.com/title/tt3161388/
tt0381725,A Soldier's Journal 2,Zzolbyeong sucheob 2,1990,Drama,Ju-Taek Ha,https://www.imdb.com/title/tt0381725/
tt0375943,Age of Prostitution,Maechun shidae,1990,Drama,Jin-seon Yu,https://www.imdb.com/title/tt0375943/
tt0279642,All That Falls Has Wings,Churakhaneun geosheun nalgaega itda,1990,"Drama,Romance",Kil-soo Chang,https://www.imdb.com/title/tt0279642/
tt0330844,An Amourous Woman,Saeknyeondo,1990,,Ho-tae Park,https://www.imdb.com/title/tt0330844/
tt0102192,Black Republic,Geudeuldo ulicheoleom,1990,Drama,Park Kwang-su,https://www.imdb.com/title/tt0102192/
tt0126668,Buhwaleui nolae,Buhwaleui nolae,1990,Drama,Jeong-Kuk Lee,https://www.imdb.com/title/tt0126668/
tt0310821,Burning Sun,Bultaneun taeyang,1990,Action,Sun-deok Bang,https://www.imdb.com/title/tt0310821/
tt0425856,Chunhwa chunpung,Chunhwa chunpung,1990,Drama,Ki-pung Choi,https://www.imdb.com/title/tt0425856/
tt0310967,Daeng Chilly and Sang Light,Daeng Chiliwa Sang Light,1990,"Action,Family,Sci-Fi",Sun-deok Bang,https://www.imdb.com/title/tt0310967/
tt0334379,Dectective So Jeok-gung,So Jeok-gung tamjeong,1990,Comedy,Ki-nam Nam,https://www.imdb.com/title/tt0334379/
tt0392186,Free Madam,Jayu buin,1990,Drama,Jae-ho Park,https://www.imdb.com/title/tt0392186/
tt0330480,Free Woman,Jayu yeoja,1990,,Ho-tae Park,https://www.imdb.com/title/tt0330480/
tt7371332,Ggok-Ji-Ddan,Kkogjittan,1990,Drama,Yeong-nam Kim,https://www.imdb.com/title/tt7371332/
tt0426004,Ggumguneun shikmo,Ggumguneun shikmo,1990,Drama,Ki-pung Choi,https://www.imdb.com/title/tt0426004/
tt0426026,Hong Du-gae,Hong Du-gae,1990,"Drama,Thriller",Jun-shik Kim,https://www.imdb.com/title/tt0426026/
tt0333588,Hostess Miss Ko,Hostess Miss Ko,1990,"Drama,Romance",Yong-jun Park,https://www.imdb.com/title/tt0333588/
tt0311368,Jongja gol,Jongja gol,1990,"Drama,Mystery",Sun-deok Bang,https://www.imdb.com/title/tt0311368/
tt0188776,Korean Connection,Korean Connection,1990,"Action,Crime,Drama",Young Nam Ko,https://www.imdb.com/title/tt0188776/
tt0153930,Lovers in Woomuk-Baemi,Woomukbaemi ui sarang,1990,"Drama,Romance",Jang Sun-woo,https://www.imdb.com/title/tt0153930/
tt0376789,Man Market,Namja shijang,1990,Drama,Jin-seon Yu,https://www.imdb.com/title/tt0376789/
tt0330612,Marijuana,Marijuana,1990,"Crime,Drama,Thriller",In Soo Kim,https://www.imdb.com/title/tt0330612/
tt0242661,Mayumi: Virgin Terrorist,Mayumi,1990,"Drama,Thriller",Shin Sang-ok,https://www.imdb.com/title/tt0242661/
tt0330423,Military Academy,Hwarang dae,1990,,Ha Won Choi,https://www.imdb.com/title/tt0330423/
tt0330190,Moonlight Over a University Town,Daehakchonui dalbit,1990,"Drama,Thriller",,https://www.imdb.com/title/tt0330190/
tt0350675,Mrs Cabaret,Cabaret buin,1990,"Drama,Romance",Bong-eun Kim,https://www.imdb.com/title/tt0350675/
tt0360469,My Friend,Chinguya chinguya,1990,"Action,Drama,Romance",In-hyeon Choi,https://www.imdb.com/title/tt0360469/
tt0151708,"My Love, My Bride",Naeui salang naeui sinboo,1990,"Comedy,Romance",Lee Myung-se,https://www.imdb.com/title/tt0151708/
tt0307216,Naneun nalmada ileoseonda,Naneun nalmada ileoseonda,1990,Drama,Kang Woo-suk,https://www.imdb.com/title/tt0307216/
tt0298463,North Korean Partisan in South Korea,Nambugun,1990,War,Jeong Ji-yeong,https://www.imdb.com/title/tt0298463/
tt0105875,Only Because You Are a Woman,Danji geudaega yeojalaneun iyumaneulo,1990,Drama,Yoo-jin Kim,https://www.imdb.com/title/tt0105875/
tt0416094,Oseam,Oseam,1990,Drama,Cheol-su Park,https://www.imdb.com/title/tt0416094/
tt0330031,Red Cherry 5,Balgan aengdu 5,1990,,Ho-tae Park,https://www.imdb.com/title/tt0330031/
tt0330032,Red Woman,Balgan saekgalui yeoja,1990,,Ho-tae Park,https://www.imdb.com/title/tt0330032/
tt0306108,Rooster,Sutalk,1990,"Drama,Romance",Shin Seung-soo,https://www.imdb.com/title/tt0306108/
tt0427807,Saebyeokeul gaeuriroda,Saebyeokeul gaeuriroda,1990,Drama,Ki-won Lee,https://www.imdb.com/title/tt0427807/
tt11729234,Samtos and Dori with Braids,Samtos and Dori with Braids,1990,Action,Myeong-hwa Jo,https://www.imdb.com/title/tt11729234/
tt0330485,Scorpion Troops,Jeongal gundan,1990,"Action,Drama",In Soo Kim,https://www.imdb.com/title/tt0330485/
tt0105704,Searching for Our Class,Uribanul chasubnida,1990,Drama,Gyu-deok Hwang,https://www.imdb.com/title/tt0105704/
tt0315998,Service Charge,Hwadae,1990,"Drama,Romance",Ki-hyeon Kim,https://www.imdb.com/title/tt0315998/
tt0377003,Soldier on Leave,Yeoguneochul,1990,Romance,Tae-Yeong Woo,https://www.imdb.com/title/tt0377003/
tt0324014,Soldiers of Innocence,Joeoeob-neun byeongsa,1990,"Drama,War",Han Woo Jung,https://www.imdb.com/title/tt0324014/
tt0417177,"Star Jjangga II: Super Betaman, Majingga V","Star Jjangga II: Super Betaman, Majingga V",1990,"Adventure,Family,Sci-Fi",Yeong-han Kim,https://www.imdb.com/title/tt0417177/
tt0381723,Super Hong Gil-dong 4: Mixed-Up Hong Gil-dong,Syupeo Hong Gil-dong 4: Jjamppong Hong Gil-dong,1990,"Action,Fantasy,Sci-Fi",Jong-ho Lim,https://www.imdb.com/title/tt0381723/
tt0334441,Superman Iljimae,Superman Iljimae,1990,"Action,Adventure,Fantasy",Ki-nam Nam,https://www.imdb.com/title/tt0334441/
tt0333145,Tainted Rose,Beolremeokeun jangmi,1990,"Drama,Thriller",Se-han No,https://www.imdb.com/title/tt0333145/
tt0380232,The Age of Everywoman,Botong yeoja shidae,1990,Drama,Mun-ok Kim,https://www.imdb.com/title/tt0380232/
tt0297914,The Dream,Ggum,1990,Drama,Bae Chang-ho,https://www.imdb.com/title/tt0297914/
tt0099240,The General's Son,Janggunui adeul,1990,"Action,Crime,Drama",Im Kwon-taek,https://www.imdb.com/title/tt0099240/
tt0315385,The Land of Paradise,Cheongukui dang,1990,Drama,Gyu-shik Bang,https://www.imdb.com/title/tt0315385/
tt0328160,The Land of Water,Mului nara,1990,,Yeong-jin Yu,https://www.imdb.com/title/tt0328160/
tt2172017,The Night Before the Strike,Paupjeonya,1990,Drama,Dong-hong Jang,https://www.imdb.com/title/tt2172017/
tt0103952,The Way to Cheong Song,Cheongsongeuro ganeun kil,1990,Drama,Lee Doo-yong,https://www.imdb.com/title/tt0103952/
tt0333662,The Whore,Jangbu ilsaek,1990,Drama,Yong-jun Park,https://www.imdb.com/title/tt0333662/
tt0416055,The Woman Who Walks on Water,Mulwireul geodneun yeoja,1990,Drama,Cheol-su Park,https://www.imdb.com/title/tt0416055/
tt0316767,Tib 2,Tip 2,1990,Drama,Yeong-Ryeor Han,https://www.imdb.com/title/tt0316767/
tt0316050,Time to Go to Bed,Jamjalie duel shigan,1990,"Drama,Romance",Gyu-shik Bang,https://www.imdb.com/title/tt0316050/
tt0333200,Two Crazy Heroes,Byeolnan du yeongwoong,1990,"Action,Comedy",Ki-nam Nam,https://www.imdb.com/title/tt0333200/
tt0312060,Vain Glory,Yuadogjon,1990,Drama,Jeong-su Lim,https://www.imdb.com/title/tt0312060/
tt0298344,"Well, Let's Look at the Sky Sometimes",Geurae gaggeum haneuleul boja,1990,Drama,Sung-Hong Kim,https://www.imdb.com/title/tt0298344/
tt0334024,Who Broke the Rose's Stem?,Nuga bulgeun jangmireul geokeotna,1990,"Mystery,Thriller",Ki-nam Nam,https://www.imdb.com/title/tt0334024/
tt0312053,Yeongung pilsal,Yeongung pilsal,1990,Action,Sun-deok Bang,https://www.imdb.com/title/tt0312053/
tt0330692,You Are My Ecstatic Hell,Neoneun naui hwangholhan jiok,1990,,Geum-hwan Jo,https://www.imdb.com/title/tt0330692/
tt0327969,You Know What? It's a Secret,Itjanhayo bimiliyeyo,1990,,Geum-hwan Jo,https://www.imdb.com/title/tt0327969/
tt0432459,Young Shim,Yeongshimi,1990,"Drama,Romance",Mi-rye Lee,https://www.imdb.com/title/tt0432459/
tt0334762,Young-gu and Daeng-chil 3: Young-gu Rambo,Young-guwa daengchili 3tan: Young-gu Rambo,1990,"Action,Comedy,War",Ki-nam Nam,https://www.imdb.com/title/tt0334762/
tt0101985,A Brighter Summer Day,A Brighter Summer Day,1991,"Crime,Drama,Romance",Edward Yang,https://www.imdb.com/title/tt0101985/
tt0333658,After Midnight,Jajeong ihu,1991,"Crime,Mystery,Romance",In Soo Kim,https://www.imdb.com/title/tt0333658/
tt0381714,Ban-dal Mask: Space Warrior,Woojui yongsa bandal gamyeon,1991,"Action,Sci-Fi",Jong-ho Lim,https://www.imdb.com/title/tt0381714/
tt0103795,Berlin Report,Bereullin ripoteu,1991,"Drama,Mystery",Park Kwang-su,https://www.imdb.com/title/tt0103795/
tt0298535,Beyond the Mountain,Sansani buseojin ileumiyeo,1991,Drama,Jeong Ji-yeong,https://www.imdb.com/title/tt0298535/
tt0316610,Beyond the Silk Curtain,Silk curtain jeopyeon,1991,Drama,Deok-je Oh,https://www.imdb.com/title/tt0316610/
tt0330059,Bigaein ohureul johahaseyo,Do You Like the Afternoon After the Rain?,1991,,Geum-hwan Jo,https://www.imdb.com/title/tt0330059/
tt0378033,Black Snow,Heukseol,1991,Action,Lee Doo-yong,https://www.imdb.com/title/tt0378033/
tt0301049,Boccaccio 91,Boccaccio 91,1991,Drama,Jeong-jin Kim,https://www.imdb.com/title/tt0301049/
tt0432395,Byeoli bitnaneun bame,Byeoli bitnaneun bame,1991,"Drama,Romance",Yun-mo Seo,https://www.imdb.com/title/tt0432395/
tt0416623,Byeon Geum-ryeon,Byeon Geum-ryeon,1991,Drama,Jong-seon Eom,https://www.imdb.com/title/tt0416623/
tt0306612,Byeonshinjeonsa trans toady,Byeonshinjeonsa trans toady,1991,"Action,Family,Sci-Fi",Myeong-hwa Jo,https://www.imdb.com/title/tt0306612/
tt20912860,Camels Don't Cry Alone,Camels Don't Cry Alone,1991,Drama,Seok-gi Lee,https://www.imdb.com/title/tt20912860/
tt0315243,Can't Survive on Rice Alone,Babman meokgo motsala,1991,"Action,Drama",Ki-hyeon Kim,https://www.imdb.com/title/tt0315243/
tt0315886,Dark Whistle,Geomeun hwipalam,1991,"Crime,Mystery",Gyu-shik Bang,https://www.imdb.com/title/tt0315886/
tt0308834,Echo of Love and Death,Salangwa jugeumui meali,1991,"Drama,War",Jung Jin-woo,https://www.imdb.com/title/tt0308834/
tt0333667,Enemies and Foes,Jeokgwa jeok,1991,"Action,Crime",Il-su Oh,https://www.imdb.com/title/tt0333667/
tt0104586,Fly High Run Far,Gaebyeok,1991,Drama,Im Kwon-taek,https://www.imdb.com/title/tt0104586/
tt0331164,For Agnes,Agneseul uihayeo,1991,,Yeong-jin Yu,https://www.imdb.com/title/tt0331164/
tt0330595,Form of the Last Man,Majimak namjaui moseub,1991,Drama,,https://www.imdb.com/title/tt0330595/
tt0305685,Itaewon bamhaneule migugdali deuneunga,Itaewon bamhaneule migugdali deuneunga,1991,Drama,Sam-yuk Yoon,https://www.imdb.com/title/tt0305685/
tt36629956,Jeonguggu,Jeonguggu,1991,Action,Il-su Kwon,https://www.imdb.com/title/tt36629956/
tt0430166,"Love, Love: The Stories of Han Hie-jak",Han Hie-jakui love love,1991,Drama,Jeong-jin Kim,https://www.imdb.com/title/tt0430166/
tt0311835,Mature Outing,Songsukhan wicheul,1991,"Drama,Romance",Jeong-su Lim,https://www.imdb.com/title/tt0311835/
tt0424276,Meonameon Saigon,Meonameon Saigon,1991,"Romance,War",Dong-ju Hwang,https://www.imdb.com/title/tt0424276/
tt0376581,"Money, Money, Money",Dona dona dona,1991,Drama,Jin-seon Yu,https://www.imdb.com/title/tt0376581/
tt0380701,Moonlight of Seoul,Seoului dalbit,1991,Drama,Mun-ok Kim,https://www.imdb.com/title/tt0380701/
tt0315306,Mulberry Field Traveller,Bongbatnaguene,1991,Drama,Ki-hyeon Kim,https://www.imdb.com/title/tt0315306/
tt0418003,Neoegero dodashi,Neoegero dodashi,1991,Romance,Jae-seok Shim,https://www.imdb.com/title/tt0418003/
tt0853255,Oegilgage hasoseo,Oegilgage hasoseo,1991,"Biography,Drama",Yeong-seok Oh,https://www.imdb.com/title/tt0853255/
tt0322187,Oh... Where Will I Go?,Eoheo oy... eoigali?,1991,,Mun-su Kang,https://www.imdb.com/title/tt0322187/
tt0191345,Passion Portrait,Jeolmeun nalui chosang,1991,"Drama,Romance",Ji-kyoon Kwak,https://www.imdb.com/title/tt0191345/
tt0333686,Please Wait a Little Longer,Jogeumman chamajwoyo,1991,Drama,Ki-nam Nam,https://www.imdb.com/title/tt0333686/
tt5240408,Praise of Death,Death Song,1991,"Biography,Drama,Music",Ho-sun Kim,https://www.imdb.com/title/tt5240408/
tt0298512,Puleun ossomae,Puleun ossomae,1991,"Drama,War",Yu-min Kim,https://www.imdb.com/title/tt0298512/
tt0333663,Rose Motel,Jangmi-yeogwan,1991,"Drama,Fantasy,Romance",Yeong-su Seo,https://www.imdb.com/title/tt0333663/
tt0432438,Sarangeun jigeumbuteo shijakiya,Sarangeun jigeumbuteo shijakiya,1991,Drama,Mi-rye Lee,https://www.imdb.com/title/tt0432438/
tt0409274,Seoul Evita,Seoul Evita,1991,"Drama,Musical",Cheol-su Park,https://www.imdb.com/title/tt0409274/
tt0103156,Silver Stallion,The Silver Stallion Will Never Come,1991,"Drama,War",Kil-soo Chang,https://www.imdb.com/title/tt0103156/
tt0101564,Son of a General II,Janggunui adeul II,1991,"Action,Crime,Drama",Im Kwon-taek,https://www.imdb.com/title/tt0101564/
tt0150090,Son of a General III,Janggunui adeul III,1991,"Action,Crime,Drama",Im Kwon-taek,https://www.imdb.com/title/tt0150090/
tt0310577,Son's Country,The Country of Sons,1991,Drama,Sun-deok Bang,https://www.imdb.com/title/tt0310577/
tt11117130,Super Hong Gil-dong 5,Syupeo Hong Gil-dong 5: Buchae dosawa Hong Gil-dong,1991,"Action,Comedy",Jong-woo Jo,https://www.imdb.com/title/tt11117130/
tt0132539,Susanne Brink's Arirang,Susan Brinkui arirang,1991,Drama,Kil-soo Chang,https://www.imdb.com/title/tt0132539/
tt0298609,Teenage Coup,Yeolilgobsaleui coup d'etat,1991,Drama,Sung-Hong Kim,https://www.imdb.com/title/tt0298609/
tt0334284,The Lovely Woman Next Door,Salangseureon iwootjib yeoja,1991,"Drama,Romance",Yong-jun Park,https://www.imdb.com/title/tt0334284/
tt0416819,The Pinwheel That Spins Alone,Honjadoneun baramgaebi,1991,Drama,Ha Myeong-jung,https://www.imdb.com/title/tt0416819/
tt0104655,The Road to the Racetrack,Gyeongmajang ganeun gil,1991,"Drama,Romance",Jang Sun-woo,https://www.imdb.com/title/tt0104655/
tt0427812,The Trio Stars,Samjungseong,1991,"Family,Sci-Fi",Ki-pung Choi,https://www.imdb.com/title/tt0427812/
tt0333500,The Wind in the Shade of the Flowers,Ggotgeuneul soke buneun baram,1991,"Mystery,Romance",Yong-jun Park,https://www.imdb.com/title/tt0333500/
tt0416792,The Winter Dream Does Not Fly,Gyeoul ggumeun nalgi anheunda,1991,Drama,Seong-shik Choi,https://www.imdb.com/title/tt0416792/
tt0310706,The Woods that Stood the Wind,Balambulmyeon iliseoneum sup,1991,Drama,Jeong-su Lim,https://www.imdb.com/title/tt0310706/
tt0414588,Theresaui yeonin,Theresaui yeonin,1991,"Drama,Romance",Cheol-su Park,https://www.imdb.com/title/tt0414588/
tt0318510,Wedding Dress of Tears,Nunmului wedding dress,1991,"Drama,Romance",Hyeok-su Lee,https://www.imdb.com/title/tt0318510/
tt0307246,Who Saw the Dragon's Claws?,Who Saw the Dragon's Claws?,1991,"Mystery,Thriller",Kang Woo-suk,https://www.imdb.com/title/tt0307246/
tt0380071,Women Build Houses in the Memories,Yeojaneun chuoksoke jibeul jitneunda,1991,Drama,Ju-Taek Ha,https://www.imdb.com/title/tt0380071/
tt0307685,Yeolahob jeolmanggeute buleuneun hanaui salangnolae,Yeolahob jeolmanggeute buleuneun hanaui salangnolae,1991,Family,Kang Woo-suk,https://www.imdb.com/title/tt0307685/
tt0327970,You Know What? It's a Secret 2,Itjanhayo bimiliyeyo 2,1991,,Geum-hwan Jo,https://www.imdb.com/title/tt0327970/
tt0306254,Yuhogui kang,Yuhogui kang,1991,Thriller,Kim Sung-su,https://www.imdb.com/title/tt0306254/
tt0334763,e Young-gu and Daengchili 4: Hong Kong Granny Ghost,Young-guwa daengchili 4tan: Hongkong halmaegwishin,1991,"Action,Fantasy,Horror",Ki-nam Nam,https://www.imdb.com/title/tt0334763/
tt0306426,20 salgajiman salgo shipeoyo,20 salgajiman salgo shipeoyo,1992,Drama,Kang Woo-suk,https://www.imdb.com/title/tt0306426/
tt0305162,27 jangmi,27 jangmi,1992,,Shin Seung-soo,https://www.imdb.com/title/tt0305162/
tt0333912,An Unknown White Bird,Mijiui hwinsae,1992,"Drama,Romance",Yong-jun Park,https://www.imdb.com/title/tt0333912/
tt0376669,An Unlikely Farewell,Ibyeolanin ibyeol,1992,Romance,Tae-chang Park,https://www.imdb.com/title/tt0376669/
tt3161412,Autumn Journey,Ga-eul-yeohaeng,1992,"Drama,Romance",Kwak Jae-young,https://www.imdb.com/title/tt3161412/
tt0429666,Bi cheoreom eumak cheoreom,Bi cheoreom eumak cheoreom,1992,Drama,Jae-seok Ahn,https://www.imdb.com/title/tt0429666/
tt0383213,Bihwang,Bihwang,1992,Drama,Yeo-song Moon,https://www.imdb.com/title/tt0383213/
tt0297789,Bikiniseom iyagi,Bikiniseom iyagi,1992,Drama,Yu-min Kim,https://www.imdb.com/title/tt0297789/
tt0317563,Black Hat,Geomeun moja,1992,"Action,Crime",Hyeok-su Lee,https://www.imdb.com/title/tt0317563/
tt0313305,Boccaccio 92,Boccaccio 92,1992,,Kim Ki-Young,https://www.imdb.com/title/tt0313305/
tt0416624,Byeon Geum-ryeon 2,Byeon Geum-ryeon 2,1992,Drama,Jong-seon Eom,https://www.imdb.com/title/tt0416624/
tt0331234,"Come Back, Frog Boys",Dolaora gaeguri sonyeo,1992,Drama,Geum-hwan Jo,https://www.imdb.com/title/tt0331234/
tt0334568,Danger Water Level,Uiheom suwi,1992,"Drama,Thriller",In Soo Kim,https://www.imdb.com/title/tt0334568/
tt0333416,"Dark Night, Dark Place",Eodun bam eodun goshe,1992,Thriller,Il-su Oh,https://www.imdb.com/title/tt0333416/
tt0301177,Decadence 37'2'',Decadence 37'2'',1992,Drama,Jeong-jin Kim,https://www.imdb.com/title/tt0301177/
tt0298299,Deugeoun bada,Deugeoun bada,1992,Drama,Yu-min Kim,https://www.imdb.com/title/tt0298299/
tt0104319,Dr. Lamb,Goh yeung yee sang,1992,"Comedy,Crime,Horror",Danny Lee,https://www.imdb.com/title/tt0104319/
tt0376663,Enchanting Temptation,Hwangholhan yuhok,1992,Drama,Tae-chang Park,https://www.imdb.com/title/tt0376663/
tt0414328,Flower in the Snow,Nunggot,1992,Drama,Cheol-su Park,https://www.imdb.com/title/tt0414328/
tt0333082,Foggy Nights in Rio Are Deep,Angaeye jeojun rioui bameun gibeo,1992,"Drama,Romance",Yong-jun Park,https://www.imdb.com/title/tt0333082/
tt0330023,Foolish Lover,Baekchi aein,1992,Drama,,https://www.imdb.com/title/tt0330023/
tt0376872,From the Seom River to the Sky,Seomgangeseo haneulgaji,1992,Drama,Jin-seon Yu,https://www.imdb.com/title/tt0376872/
tt0382522,Hong-do,Aesadang Hong-do,1992,Drama,,https://www.imdb.com/title/tt0382522/
tt0330682,I Call You Angel,Naneun neoreul cheonsarayo bureunda,1992,Drama,In Soo Kim,https://www.imdb.com/title/tt0330682/
tt0376786,I Will Forget You,Na ije neoreul ijeuri,1992,Drama,Tae-Yeong Woo,https://www.imdb.com/title/tt0376786/
tt0311397,Kim's War,Kimui jeonjaeng,1992,"Action,Drama",Young-bin Kim,https://www.imdb.com/title/tt0311397/
tt0334328,Last Tango in Seoul 2,Seouleseo majimak tango 2,1992,Drama,Yong-jun Park,https://www.imdb.com/title/tt0334328/
tt0334282,Love War,Salang jeonjaeng,1992,Drama,Yeong-su Seo,https://www.imdb.com/title/tt0334282/
tt0334283,Love and Tears,Salanggwa nunmul,1992,Drama,Ki-nam Nam,https://www.imdb.com/title/tt0334283/
tt0305198,"Man Upstairs, Woman Downstairs",Alaecheung yeojawa wicheung namja,1992,Romance,Shin Seung-soo,https://www.imdb.com/title/tt0305198/
tt0107347,Marriage Story,Gyeolhon iyagi,1992,"Comedy,Romance",Kim Ui-seok,https://www.imdb.com/title/tt0107347/
tt0307170,Mister Mama,Mister Mama,1992,"Comedy,Drama",Kang Woo-suk,https://www.imdb.com/title/tt0307170/
tt0378590,Mulberry 3,Pong 3,1992,Drama,Lee Doo-yong,https://www.imdb.com/title/tt0378590/
tt0319902,Myong-ja Akiko Sonia,Myeongja aggiggo sonya,1992,,Lee Jang-ho,https://www.imdb.com/title/tt0319902/
tt0301656,Naui anaeneun seulpeuge haneun geotdeul,Things that Sadden My Wife,1992,Thriller,Young Nam Ko,https://www.imdb.com/title/tt0301656/
tt0430395,Ne meotdaero haera,Ne meotdaero haera,1992,"Action,Crime",Seok-geun Oh,https://www.imdb.com/title/tt0430395/
tt0316000,Oh Jak-du the Emporer,Hwanje Oh Jak-du,1992,"Action,Crime",Gyu-shik Bang,https://www.imdb.com/title/tt0316000/
tt0105075,Our Twisted Hero,Urideului ilgeuleojin yeongung,1992,Drama,Jong-won Park,https://www.imdb.com/title/tt0105075/
tt0301826,Senaui shinhonilgi,Senaui shinhonilgi,1992,Comedy,Jeong-jin Kim,https://www.imdb.com/title/tt0301826/
tt0417119,Seoul Janus,Seoul yanuseu,1992,"Drama,Thriller",Yeong-han Kim,https://www.imdb.com/title/tt0417119/
tt0313574,Silence of Body,Seong-ae-ui chimmuk,1992,Drama,In-yeob Jeong,https://www.imdb.com/title/tt0313574/
tt0356329,Sons and Lovers,Adeulgwa yeonin,1992,"Drama,Romance",Moon-jin Cho,https://www.imdb.com/title/tt0356329/
tt0297829,Stairway to Heaven,Cheongugeui gyedan,1992,Drama,Bae Chang-ho,https://www.imdb.com/title/tt0297829/
tt11117654,Super Hong Gil-dong 6,Syupeo Hong Gil-dong 6: Geurim dosawa Hong Gil-dong,1992,"Action,Comedy",Jong-woo Jo,https://www.imdb.com/title/tt11117654/
tt11122764,Super Hong Gil-dong 7: Hong Gil-dong and the Fat Taoist Woman,Syupeo Hong Gil-dong 7: Ttungnyeo dosawa Hong Gil-dong,1992,"Action,Comedy",Chun-beom Kim,https://www.imdb.com/title/tt11122764/
tt0307549,Tantra buin,Tantra buin,1992,Drama,Myeong-hwa Jo,https://www.imdb.com/title/tt0307549/
tt2111340,Teomineiteowa hyeongsa gompaeng-i,Teomineiteowa hyeongsa gompaeng-i,1992,"Action,Comedy,Fantasy",Bae Hae-Seong,https://www.imdb.com/title/tt2111340/
tt0307558,Teugmyeong minyeogundan,Teugmyeong minyeogundan,1992,Action,Myeong-hwa Jo,https://www.imdb.com/title/tt0307558/
tt0376616,The Blue in You,Geudaneanui blue,1992,"Drama,Romance",Hyun-seung Lee,https://www.imdb.com/title/tt0376616/
tt0417273,The Color of Youth,Wonsaekui cheongchun,1992,Thriller,Yeong-han Kim,https://www.imdb.com/title/tt0417273/
tt0416493,The Easy Virtue,Badampung,1992,Thriller,Jong-seon Eom,https://www.imdb.com/title/tt0416493/
tt0333907,The Fool and the Thief,Meojeoriwa doduknom,1992,Comedy,Ki-nam Nam,https://www.imdb.com/title/tt0333907/
tt0330917,The Maiden Scriptures,Sonyeokyeong,1992,,Ho-tae Park,https://www.imdb.com/title/tt0330917/
tt0471268,The Moon Is... The Sun's Dream,Daleun... haega kkuneun kkum,1992,"Crime,Romance,Thriller",Park Chan-wook,https://www.imdb.com/title/tt0471268/
tt0330715,The One and Only Life I Have,Ojik dan hanbeonbunin naeinsaenginde,1992,,Ho-tae Park,https://www.imdb.com/title/tt0330715/
tt0111246,"The Sorrow, Like a Withdrawn Dagger, Left My Heart",Gaseume dodneum kallo seulpeumeul jaleugo,1992,"Drama,Romance",Ki-Seon Hong,https://www.imdb.com/title/tt0111246/
tt0315337,The Woman Who Walked Against the Red Light,Bulkeun shinhoe geodneun yeoja,1992,Mystery,Seung-ho Ahn,https://www.imdb.com/title/tt0315337/
tt0305662,The Woman Who Won't Divorce,Ihonhaji anheun yeoja,1992,"Drama,Romance",Ji-kyoon Kwak,https://www.imdb.com/title/tt0305662/
tt0307608,Ulemae 7: Dolaon Ulemae,Ulemae 7: Dolaon Ulemae,1992,"Action,Family,Sci-Fi",Jong-ho Lim,https://www.imdb.com/title/tt0307608/
tt0298341,Walking All the Way to Heaven,Geoleoseo haneulgaji,1992,"Drama,Romance",Hyeon-su Jang,https://www.imdb.com/title/tt0298341/
tt0111700,White Badge,Hayan jeonjaeng,1992,War,Jeong Ji-yeong,https://www.imdb.com/title/tt0111700/
tt0417280,Yojeolboktong shinyangbangdeon,Yojeolboktong shinyangbangdeon,1992,Drama,Yeong-han Kim,https://www.imdb.com/title/tt0417280/
tt0334766,Young-gu and Count Dracula,Young-guwa heubhyeolgwi dracula,1992,"Action,Family,Horror",Hyung-rae Shim,https://www.imdb.com/title/tt0334766/
tt0247145,Young-gu and the Golden Bat,Young-guwa hwanggeum bakjwi,1992,"Action,Family,Sci-Fi",Ki-nam Nam,https://www.imdb.com/title/tt0247145/
tt0334399,18 Years Old,Sonyeo 18se,1993,"Drama,Romance",Ki-nam Nam,https://www.imdb.com/title/tt0334399/
tt0304065,A Different Kind of Man,Gaseum dallin namja,1993,Comedy,Shin Seung-soo,https://www.imdb.com/title/tt0304065/
tt2162711,An Unattached Unit,Sosogeomneun budae,1993,"Drama,War",Jung-mo Kang,https://www.imdb.com/title/tt2162711/
tt0313306,Boccaccio 93,Boccaccio 93,1993,,Kim Ki-Young,https://www.imdb.com/title/tt0313306/
tt0425795,Bulggot shoot tonki,Bulggot shoot tonki,1993,"Family,Sport",Ki-pung Choi,https://www.imdb.com/title/tt0425795/
tt0299667,Chinatown 2,Chinatown 2,1993,Action,Woo-sang Park,https://www.imdb.com/title/tt0299667/
tt0330429,Divorcees,Ihonnyeo,1993,,Jo Geon-Seon,https://www.imdb.com/title/tt0330429/
tt0106568,First Love,Cheot sarang,1993,"Drama,Romance",Lee Myung-se,https://www.imdb.com/title/tt0106568/
tt0317932,Heartless Third Wharf,Mujeongui je3 budu,1993,"Action,Crime",Hyeok-su Lee,https://www.imdb.com/title/tt0317932/
tt0311521,Honeymoon,Milwol yeohaeng,1993,Thriller,Eung-cheol Kim,https://www.imdb.com/title/tt0311521/
tt11199314,Hong Gil-dong vs. Terminator,Hong Gil-dong dae teomineiteo,1993,"Action,Comedy",Jae-seok Ahn,https://www.imdb.com/title/tt11199314/
tt0321999,Hot Rain,Tteugeo-un bi,1993,Romance,Wan-gi Kim,https://www.imdb.com/title/tt0321999/
tt0306038,I Will Survive,Saleolilatda,1993,Drama,Sam-yuk Yoon,https://www.imdb.com/title/tt0306038/
tt4306404,Invincible Fighter Thunderhawk,Oigye Eseo on Ulemae 9: Mujeok Ui Paiteo Ulemae,1993,"Action,Comedy,Sci-Fi",Han-yeol Lee,https://www.imdb.com/title/tt4306404/
tt38081969,Jeonguggu 2,Jeonguggu 2,1993,Action,Il-su Kwon,https://www.imdb.com/title/tt38081969/
tt11729310,Kid Cop,Kid Cop,1993,,Lee Joon-ik,https://www.imdb.com/title/tt11729310/
tt6998510,Legend of Fist of the North Star,Fist of the North Star,1993,"Action,Drama,Fantasy",,https://www.imdb.com/title/tt6998510/
tt0331095,Life of a Woman,Yeojaui ilsaeng,1993,,Ho-tae Park,https://www.imdb.com/title/tt0331095/
tt0377969,Love Hunter,Ggun sanyang,1993,Action,Seung-ho Kim,https://www.imdb.com/title/tt0377969/
tt0309433,Love Is Oh Yeah!,Chamgyeoneun no salaneun oh-yeah,1993,"Family,Romance",Yoo-jin Kim,https://www.imdb.com/title/tt0309433/
tt0305190,Madame Aema 9,Aema buin 9,1993,Drama,Kim Sung-su,https://www.imdb.com/title/tt0305190/
tt0305780,Maechun 3,Maechun 3,1993,Crime,Jin-seon Yu,https://www.imdb.com/title/tt0305780/
tt0381163,Mother's Field,Emiui deul,1993,Drama,Tae-ho Seol,https://www.imdb.com/title/tt0381163/
tt0414288,Mueose seuneun mulgeoningo,Mueose seuneun mulgeoningo,1993,"Fantasy,Romance",Byeong-gan Yang,https://www.imdb.com/title/tt0414288/
tt0310750,No Emergency,Bisangguga eobtda,1993,"Drama,Horror,Thriller",Young-bin Kim,https://www.imdb.com/title/tt0310750/
tt0384827,"On a Windy Day, We Must Go to Apgujeong",Barambuneun nalimyeon apgujeongdopge gayahanda,1993,"Drama,Romance",Ha Yoo,https://www.imdb.com/title/tt0384827/
tt0376814,Orange Country,Orange nara,1993,Drama,Jin-seon Yu,https://www.imdb.com/title/tt0376814/
tt0107171,Passage to Buddha,Hwaeomgyeong,1993,Drama,Jang Sun-woo,https://www.imdb.com/title/tt0107171/
tt0366209,Pure White Cult,Baekbaekgyo,1993,Drama,Yeong-cheol Choi,https://www.imdb.com/title/tt0366209/
tt0318043,Sara Is Guilty,Saraneun yujoi,1993,"Drama,Romance,Thriller",,https://www.imdb.com/title/tt0318043/
tt0108073,Secret Signs,Jeung-in,1993,Crime,Kin-Nam Cho,https://www.imdb.com/title/tt0108073/
tt0334325,Seoul Emmanuelle,Seoul Emmanuelle,1993,"Romance,Thriller",Yeong-su Seo,https://www.imdb.com/title/tt0334325/
tt0334348,Shinaeri,Shinaeri,1993,Drama,Ki-nam Nam,https://www.imdb.com/title/tt0334348/
tt0108192,Sopyonje,Seopyeonje,1993,"Drama,Music",Im Kwon-taek,https://www.imdb.com/title/tt0108192/
tt11191074,Super Hong Gil-dong 8: Hong Gil-dong Taoist School,Syupeo Hong Gil-dong 8: Hong Gil-dong dosahaggyo,1993,"Action,Comedy",Chun-beom Kim,https://www.imdb.com/title/tt11191074/
tt11199244,Super Hong Gil-dong 9,Syupeo Hong Gil-dong 9,1993,"Action,Comedy",Jae-gyu Lee,https://www.imdb.com/title/tt11199244/
tt0151196,"That Woman, That Man","Geu yeoja, geu namja",1993,,Kim Ui-seok,https://www.imdb.com/title/tt0151196/
tt0109006,The 101st Proposition,101beonjjae peuropojeu,1993,"Comedy,Romance",Seok-geun Oh,https://www.imdb.com/title/tt0109006/
tt0379592,The Age of Women Will Never End,Yeojaui shidae ggeutnaji anhneunda,1993,Drama,Sang-hun Han,https://www.imdb.com/title/tt0379592/
tt0417812,The End of a Short Trip,Jalbeun yeohaeng geut,1993,"Crime,Romance,Thriller",Geon-jo Yu,https://www.imdb.com/title/tt0417812/
tt29417443,The Great Summon,The Great Summon,1993,"Action,Crime,Drama",Jeong-yong Kim,https://www.imdb.com/title/tt29417443/
tt0295451,The Moon Rises Alone,The Moon Rises Alone,1993,,Hyung-tak Lee,https://www.imdb.com/title/tt0295451/
tt0107005,To the Starry Island,Geu seome gago shibda,1993,"Drama,Fantasy",Park Kwang-su,https://www.imdb.com/title/tt0107005/
tt0108418,Two Cops,Tukabseu,1993,"Action,Comedy",Kang Woo-suk,https://www.imdb.com/title/tt0108418/
tt4306342,Ulemae 8: Esperman gwa ulemae,Ulemae 8: Esperman gwa ulemae,1993,"Action,Comedy,Sci-Fi",Cheong-gi Kim,https://www.imdb.com/title/tt4306342/
tt3161422,Watercolors in Rain 2,Bi-oneun nal-ui suchaehwa 2,1993,Romance,Kwak Jae-young,https://www.imdb.com/title/tt3161422/
tt0170800,Western Avenue,Western Avenue,1993,"Action,Drama",Kil-soo Chang,https://www.imdb.com/title/tt0170800/
tt0452933,When Adam Opens His Eyes,Adam-i nuntteul ttae,1993,Drama,Ho-sun Kim,https://www.imdb.com/title/tt0452933/
tt0314919,Women's Arirang,Yeoja arirang,1993,,Kim Ki-Young,https://www.imdb.com/title/tt0314919/
tt0334765,Young-gu and Princess Zzu-Zzu,Young-guwa gongryong Zzu-Zzu,1993,"Action,Family,Fantasy",Hyung-rae Shim,https://www.imdb.com/title/tt0334765/
tt0301981,A Casual Trip,Uyeonhan yeohang,1994,Family,Jeong-jin Kim,https://www.imdb.com/title/tt0301981/
tt0379480,A Woman Who Is Loved,Sarangbadeun yeoja,1994,Drama,Sang-hun Han,https://www.imdb.com/title/tt0379480/
tt0273059,Absolute Love,Jeoldae salang,1994,"Mystery,Thriller",Sang-wook Yu,https://www.imdb.com/title/tt0273059/
tt0305293,"Bi, yeoja geuligo eroticism","Bi, yeoja geuligo eroticism",1994,Thriller,Kim Sung-su,https://www.imdb.com/title/tt0305293/
tt0215088,Blue Seagull,Beullu sigeol,1994,"Action,Animation,Crime",Jung-il Oh,https://www.imdb.com/title/tt0215088/
tt0164005,"Coffee, copy, kopi","Coffee, copy, kopi",1994,Drama,Yu-min Kim,https://www.imdb.com/title/tt0164005/
tt0182964,Deep Scratch,Sontob,1994,Thriller,Sung-Hong Kim,https://www.imdb.com/title/tt0182964/
tt0309553,Edenui seojjok,Edenui seojjok,1994,,Yeong-sun Kwon,https://www.imdb.com/title/tt0309553/
tt0316522,Emperor of Sae-al City,Sae-al gakha,1994,"Comedy,Drama",Yeong-Ryeor Han,https://www.imdb.com/title/tt0316522/
tt0371532,Emperor of the Underworld,Amheugga-ui hwangje,1994,"Action,Drama",Jeong-lee Hwang,https://www.imdb.com/title/tt0371532/
tt0453051,Eolin yeon-in,Eolin yeon-in,1994,Drama,Lee Sung-soo,https://www.imdb.com/title/tt0453051/
tt0311082,Eros,Eros,1994,"Adult,Mystery",Yeong-Ryeor Han,https://www.imdb.com/title/tt0311082/
tt0377009,Fountain of Seduction,Yuhokui saem,1994,Mystery,Tae-Yeong Woo,https://www.imdb.com/title/tt0377009/
tt0304114,Gyeag couple,Gyeag couple,1994,"Comedy,Romance",Shin Seung-soo,https://www.imdb.com/title/tt0304114/
tt0113348,How to Top My Wife,Manula jugigi,1994,"Comedy,Romance",Kang Woo-suk,https://www.imdb.com/title/tt0113348/
tt0328170,I Wish for What Is Forbidden to Me,Naneun somanghanda naege geumjidoin geoseul,1994,Drama,Kil-soo Chang,https://www.imdb.com/title/tt0328170/
tt14050900,In a Handful of Time,Hanjum-ui sigansog-eseo,1994,Drama,Il-Sung Baek,https://www.imdb.com/title/tt14050900/
tt5082584,Lai daihan,Lai daihan,1994,Drama,Yun-Mo Seo,https://www.imdb.com/title/tt5082584/
tt0110041,Life and Death of the Hollywood Kid,Hollywood Kid Eu Saeng-ae,1994,Drama,Jeong Ji-yeong,https://www.imdb.com/title/tt0110041/
tt0378130,"Long Time, Short Time",Jeolbeun shigan gin shigan,1994,Drama,Seung-ho Kim,https://www.imdb.com/title/tt0378130/
tt0327507,Love on a Rainy Day,Bineun salangeul tago,1994,,Geum-hwan Jo,https://www.imdb.com/title/tt0327507/
tt0305781,Maechun 4,Maechun 4,1994,Action,Kim Sung-su,https://www.imdb.com/title/tt0305781/
tt0305782,Maechun 5,Maechun 5,1994,Drama,Kim Sung-su,https://www.imdb.com/title/tt0305782/
tt0375792,Marriage Story 2,Gyeolhon iyagi 2,1994,"Action,Comedy",Kang-no Kim,https://www.imdb.com/title/tt0375792/
tt0332078,No Need to Justify Yearning,Geulimumen iyuga eobtda,1994,,Yeong-jin Yu,https://www.imdb.com/title/tt0332078/
tt0111052,Out to the World,Sae sang bakuro,1994,"Action,Comedy,Drama",Kyun-dong Yeo,https://www.imdb.com/title/tt0111052/
tt0215700,Rosy Days,Jangmiui nanal,1994,Drama,Ji-kyoon Kwak,https://www.imdb.com/title/tt0215700/
tt0109398,Rosy Life,Jangmibich insaeng,1994,Drama,Hong-joon Kim,https://www.imdb.com/title/tt0109398/
tt0414638,Sado Sade Impotence,Uri shidaeui sarang,1994,Drama,Cheol-su Park,https://www.imdb.com/title/tt0414638/
tt0321549,Sun of Fire,Bului taeyang,1994,,Mun-su Kang,https://www.imdb.com/title/tt0321549/
tt0333547,Take Off Your Headphones,Headphoneul beosheora,1994,"Comedy,Drama,Romance",Ki-nam Nam,https://www.imdb.com/title/tt0333547/
tt0315526,The Boss,Dumok,1994,"Action,Crime",Gyu-shik Bang,https://www.imdb.com/title/tt0315526/
tt0277725,The Fox with Nine Tails,Gumiho,1994,"Fantasy,Romance",Hun-Su Park,https://www.imdb.com/title/tt0277725/
tt0330527,The Man Who Cannot Kiss,Kissdo mothaneun namja,1994,,Geum-hwan Jo,https://www.imdb.com/title/tt0330527/
tt0414564,The Man in the Sun,Taeyangsokui namja,1994,"Crime,Drama,Mystery",Byeong-gan Yang,https://www.imdb.com/title/tt0414564/
tt0333041,The Man of 49 Days,49ilui namja,1994,"Mystery,Thriller",Jin-hae Kim,https://www.imdb.com/title/tt0333041/
tt0334113,The Pink Can,Pinkbit gangtong,1994,"Drama,Romance",Hyung-rae Shim,https://www.imdb.com/title/tt0334113/
tt0834004,The River of Reconciliation,Geonneoya hal gang,1994,"Documentary,History",Duk-chul Kim,https://www.imdb.com/title/tt0834004/
tt0297907,The Rules of the Game,Gameui beobjig,1994,Action,Hyeon-su Jang,https://www.imdb.com/title/tt0297907/
tt0126676,The Story of Two Women,Duyeoja iyagi,1994,,Jeong-Kuk Lee,https://www.imdb.com/title/tt0126676/
tt0111348,The Taebaek Mountains,Taebaek sanmaek,1994,"Drama,War",Im Kwon-taek,https://www.imdb.com/title/tt0111348/
tt0239505,The Young Man,Jeolmeun namja,1994,"Crime,Drama",Bae Chang-ho,https://www.imdb.com/title/tt0239505/
tt0110642,"To You, from Me",Neoege naleul bonaenda,1994,"Drama,Romance",Jang Sun-woo,https://www.imdb.com/title/tt0110642/
tt0110450,Two Flags,Manmubang,1994,"Drama,War",Jong-seon Eom,https://www.imdb.com/title/tt0110450/
tt0294969,Tyranno's Claw,Tirannoui baltob,1994,"Adventure,Family,Fantasy",Hyung-rae Shim,https://www.imdb.com/title/tt0294969/
tt0109423,Vanished,Jeungbal,1994,"Crime,Drama",Shin Sang-ok,https://www.imdb.com/title/tt0109423/
tt0379048,"Yeonaeneun pro, gyeolhoneun amateur","Yeonaeneun pro, gyeolhoneun amateur",1994,"Comedy,Romance",Lee Doo-yong,https://www.imdb.com/title/tt0379048/
tt0112257,"301, 302","301, 302",1995,"Horror,Mystery,Thriller",Cheol-su Park,https://www.imdb.com/title/tt0112257/
tt0435350,A Good Day to Fall in Love,Salanghagi joheun nal,1995,Romance,Kwon Chil-in,https://www.imdb.com/title/tt0435350/
tt0116563,A Hot Roof,Gyae-got-un nalui ohu,1995,"Comedy,Drama",Min-Yong Lee,https://www.imdb.com/title/tt0116563/
tt0426981,A Light in My Heart,Bicheun nae gaseume,1995,Drama,Ki-won Lee,https://www.imdb.com/title/tt0426981/
tt5217942,A Purple Handkerchief,Borabic sugun,1995,Documentary,Tae-il Kim,https://www.imdb.com/title/tt5217942/
tt0121755,A Single Spark,Jeon tae-il,1995,Drama,Park Kwang-su,https://www.imdb.com/title/tt0121755/
tt0305183,Aema buin 11,Aema buin 11,1995,,Myeong-hwa Jo,https://www.imdb.com/title/tt0305183/
tt0182703,American Chinatown,Chinatown 2,1995,"Action,Drama,Thriller",Woo-sang Park,https://www.imdb.com/title/tt0182703/
tt0313882,Be a Wicked Woman,"Angel, Become an Evil Woman",1995,"Drama,Thriller",Kim Ki-young,https://www.imdb.com/title/tt0313882/
tt0157405,Bitter and Sweet,Namjaui goerowe,1995,"Comedy,Drama",Lee Myung-se,https://www.imdb.com/title/tt0157405/
tt0392475,Broken Branches,Naeilro heureuneun kang,1995,Drama,Jae-ho Park,https://www.imdb.com/title/tt0392475/
tt0319176,Declaration of Genius,Cheonjaeseoneun,1995,"Comedy,Drama",Lee Jang-ho,https://www.imdb.com/title/tt0319176/
tt11622088,"Doomealee, A New School is Opening","Doomealee, saeloun haggyoga yeollinda",1995,Documentary,Hyung-sook Hong,https://www.imdb.com/title/tt11622088/
tt0140968,Dr. Bong,Doctor Bong,1995,"Comedy,Romance,Sci-Fi",Kwang-hoon Lee,https://www.imdb.com/title/tt0140968/
tt0380169,Emma and Byeon Kang-soe,Aemawa Byeon Kang-soe,1995,Fantasy,Mun-ok Kim,https://www.imdb.com/title/tt0380169/
tt0380170,Emma and the Hoodlum,Aemawa baeksu geondal,1995,Drama,Mun-ok Kim,https://www.imdb.com/title/tt0380170/
tt0376594,Erotic Girl,Erotic Girl,1995,Drama,Tae-Yeong Woo,https://www.imdb.com/title/tt0376594/
tt0380413,Hello Byeon Kang-soe,Hello Byeon Kang-soe,1995,"Action,Drama",Mun-ok Kim,https://www.imdb.com/title/tt0380413/
tt0333906,Idiots and Fools,Meojeoriwa deungshindeul,1995,Comedy,Yong-jun Park,https://www.imdb.com/title/tt0333906/
tt38082110,Jeonguggu 3,Jeonguggu 3,1995,Action,Il-su Kwon,https://www.imdb.com/title/tt38082110/
tt4767910,Koby-Koby,Koby-Koby,1995,Animation,Jung Yul Song,https://www.imdb.com/title/tt4767910/
tt0308606,Korean National Flower,Mugunghwaggoti pieotseubnida,1995,"Action,Mystery,Sci-Fi",Jung Jin-woo,https://www.imdb.com/title/tt0308606/
tt0305783,Maechun 6,Maechun 6,1995,Thriller,Kim Sung-su,https://www.imdb.com/title/tt0305783/
tt0298431,Man,Man,1995,,Kyun-dong Yeo,https://www.imdb.com/title/tt0298431/
tt0164092,Man with a Gun,Chongjabi,1995,Comedy,Kim Ui-seok,https://www.imdb.com/title/tt0164092/
tt0293863,Miggi,Miggi,1995,"Action,Comedy",Tae-woo Park,https://www.imdb.com/title/tt0293863/
tt0301209,Millions in My Account,Doneul gajgo twieola,1995,Comedy,Kim Sang-jin,https://www.imdb.com/title/tt0301209/
tt0164102,Mom Has a New Boyfriend,Eommaege aeini saenggyeoteoyo,1995,"Drama,Romance",Dong-bin Kim,https://www.imdb.com/title/tt0164102/
tt0322188,"Mom, the Star, and the Sea Anemone",Eommawa byeolgwa malmijal,1995,Drama,Yu Hyun-mok,https://www.imdb.com/title/tt0322188/
tt0309768,My Dear Keum-hong,My Dear KeumHong,1995,Drama,Yoo-jin Kim,https://www.imdb.com/title/tt0309768/
tt0313214,My Father the Bodyguard,Appaneun bodyguard,1995,,,https://www.imdb.com/title/tt0313214/
tt0303618,My Old Sweetheart,Ajji appa,1995,Romance,Shin Seung-soo,https://www.imdb.com/title/tt0303618/
tt0331319,Piano in Winter,Pianoga itneun gyeoul,1995,,Geum-hwan Jo,https://www.imdb.com/title/tt0331319/
tt0296811,Power King,Power King,1995,"Action,Horror,Sci-Fi",Hyung-rae Shim,https://www.imdb.com/title/tt0296811/
tt0435137,Rehearsal,Liheoseol,1995,Romance,Jeong-su Kang,https://www.imdb.com/title/tt0435137/
tt0286017,Run Away,Run Away,1995,Thriller,Sung Soo Kim,https://www.imdb.com/title/tt0286017/
tt0426224,Sonakbi,A Passing Rain,1995,Drama,Ki-pung Choi,https://www.imdb.com/title/tt0426224/
tt0376793,Sunset on the Neon Lights,Neonsokeuro noeuljida,1995,Drama,Hyun-seung Lee,https://www.imdb.com/title/tt0376793/
tt0307554,Terrorist,Terrorist,1995,Action,Young-bin Kim,https://www.imdb.com/title/tt0307554/
tt0299222,The Eternal Empire,Yeongwonhan jegug,1995,"Drama,Mystery",Jong-won Park,https://www.imdb.com/title/tt0299222/
tt0396626,The Hair Dresser,He-eodeuleseo,1995,Drama,Jin-Su Choi,https://www.imdb.com/title/tt0396626/
tt0416771,The Man Wagging Tail,Ggorichineun namja,1995,Comedy,Dong-woo Heo,https://www.imdb.com/title/tt0416771/
tt0374083,The Murmuring,Najeun moksori,1995,"Documentary,War",Young-Joo Byun,https://www.imdb.com/title/tt0374083/
tt0286666,The People in White,Geomeuna dange huina baekseong,1995,Drama,Yong-Kyun Bae,https://www.imdb.com/title/tt0286666/
tt0311196,The Sound of Her Breath,Geu yeojaui sumsoli,1995,,Sun-deok Bang,https://www.imdb.com/title/tt0311196/
tt0397578,The Yellow Handkerchief,Noran sonsugeon,1995,"Drama,Romance",Jeong-cheol Kim,https://www.imdb.com/title/tt0397578/
tt0121898,Trilogy of Lust,Huet luen,1995,"Crime,Drama,Romance",Julie Lee,https://www.imdb.com/title/tt0121898/
tt0285804,Who Drives Me Mad?,Nuga naleul michige haneunga,1995,Romance,Im-seo Gu,https://www.imdb.com/title/tt0285804/
tt0379020,Widaehan hunter GJ,Widaehan hunter GJ,1995,Action,Lee Doo-yong,https://www.imdb.com/title/tt0379020/
tt0299015,7 Reasons Why Beer Is Better Than a Lover,Maegjuga aeinboda joheun 7gaji iyu,1996,Drama,Yoo-jin Kim,https://www.imdb.com/title/tt0299015/
tt0272681,A Man Among Men,Jincha sanai,1996,"Action,Romance",Hun-Su Park,https://www.imdb.com/title/tt0272681/
tt0114119,A Petal,Kkochip,1996,"Drama,History",Jang Sun-woo,https://www.imdb.com/title/tt0114119/
tt0397747,A Woman's Downfall,Yeojaga tarakhaneun iyu,1996,Drama,Jeong-cheol Kim,https://www.imdb.com/title/tt0397747/
tt0315759,Albatross,Albatross,1996,"Action,Drama",Hyeok-su Lee,https://www.imdb.com/title/tt0315759/
tt27170131,Ambiguous Man,Miji-wang,1996,Comedy,Yong-tae Kim,https://www.imdb.com/title/tt27170131/
tt0115665,Beyond Hypothermia,Eonpigseu,1996,"Action,Romance,Thriller",Jeong-il Choi,https://www.imdb.com/title/tt0115665/
tt0115732,Born to Kill,Bon too kil,1996,"Action,Romance",Hyeon-su Jang,https://www.imdb.com/title/tt0115732/
tt0331205,Boss,Boss,1996,"Crime,Drama",Yeong-jin Yu,https://www.imdb.com/title/tt0331205/
tt0115847,Caught,Caught,1996,"Drama,Thriller",Robert M. Young,https://www.imdb.com/title/tt0115847/
tt0293029,Channel 69,Channel 69,1996,Crime,Jeong-Kuk Lee,https://www.imdb.com/title/tt0293029/
tt6528136,Charisma,Kariseuma,1996,Action,Du-yeong Kim,https://www.imdb.com/title/tt6528136/
tt0182921,Come to Me,Naege ola,1996,Drama,Young-bin Kim,https://www.imdb.com/title/tt0182921/
tt0435108,Corset,Koleuses,1996,"Comedy,Drama",Byeong-gak Jeong,https://www.imdb.com/title/tt0435108/
tt0296492,Crocodile,Ag-o,1996,Drama,Kim Ki-duk,https://www.imdb.com/title/tt0296492/
tt0164011,Daddy Loves to Cook Herring,Eoleundeul-eun cheong-eoleul gubneunda,1996,Drama,Suk-hyeon Ryu,https://www.imdb.com/title/tt0164011/
tt0389931,Do You Believe in Jazz?,Neohuiga jazzreul midneunya,1996,Drama,Il-hwan Oh,https://www.imdb.com/title/tt0389931/
tt0181503,Dooly the Little Dinosaur: The Adventure of Ice Planet,Dooly the Little Dinosaur: Ice Star Adventure,1996,"Adventure,Animation,Comedy",Kyung Won Lim,https://www.imdb.com/title/tt0181503/
tt0296605,Dragon Tuka,Dragon Tuka,1996,"Action,Comedy,Fantasy",Hyung-rae Shim,https://www.imdb.com/title/tt0296605/
tt0311083,Eros 2,Eros 2,1996,"Drama,Mystery",Sun-deok Bang,https://www.imdb.com/title/tt0311083/
tt0311084,Eros X,Eros X,1996,,Sun-deok Bang,https://www.imdb.com/title/tt0311084/
tt0119106,Farewell My Darling,Haksaeng bukgun shinwi,1996,"Comedy,Drama",Cheol-su Park,https://www.imdb.com/title/tt0119106/
tt0115855,Festival,Chukje,1996,"Comedy,Drama",Im Kwon-taek,https://www.imdb.com/title/tt0115855/
tt0299927,Ghost Mama,Goseuteu mamma,1996,Drama,Han Ji-seung,https://www.imdb.com/title/tt0299927/
tt0384163,Henequen,Henequen,1996,,Ho-sun Kim,https://www.imdb.com/title/tt0384163/
tt0416832,Hwanhie,Hwanhui,1996,Drama,Jong-seon Eom,https://www.imdb.com/title/tt0416832/
tt0189370,Jungle Story,Jungle Story,1996,"Drama,Music",Hong-joon Kim,https://www.imdb.com/title/tt0189370/
tt0284148,Kill the Love,Geudeulmanui sesang,1996,Drama,Jong-jae Im,https://www.imdb.com/title/tt0284148/
tt0298042,Love Story,Love Story,1996,Romance,Bae Chang-ho,https://www.imdb.com/title/tt0298042/
tt0430464,Piano Man,Pianomaen,1996,"Horror,Mystery,Thriller",Sang-wook Yu,https://www.imdb.com/title/tt0430464/
tt0379398,Remembering You,Neoge badeun honjeok,1996,Drama,Sang-hun Han,https://www.imdb.com/title/tt0379398/
tt7379208,Seven Rascals,Seven Rascals,1996,Drama,Seon Lim,https://www.imdb.com/title/tt7379208/
tt2109241,Siganeun orae jisokdoenda,Time Lasts,1996,Drama,Kim Eung-soo,https://www.imdb.com/title/tt2109241/
tt0214468,Space Armageddon,Armageddon,1996,"Animation,Fantasy,Sci-Fi",Hyunse Lee,https://www.imdb.com/title/tt0214468/
tt0301704,The Adventures of Mrs Park,Park Bong-gon gachulageon,1996,Comedy,Kim Tae-gyun,https://www.imdb.com/title/tt0301704/
tt0333241,The Cemetery Under the Moon,Cheonnyeon hwansaeng,1996,"Horror,Thriller",Ki-nam Nam,https://www.imdb.com/title/tt0333241/
tt0116005,The Day a Pig Fell Into the Well,Daijiga umule pajinnal,1996,"Drama,Romance",Hong Sang-soo,https://www.imdb.com/title/tt0116005/
tt5209624,The Fired Workers,The Fired Workers,1996,Documentary,Ji-young Lee,https://www.imdb.com/title/tt5209624/
tt0411455,The Gate of Destiny,Gwicheondo,1996,"Action,Fantasy",Lee Kyoung-young,https://www.imdb.com/title/tt0411455/
tt0141122,The Gingko Bed,Eunhaengnamoo chimdae,1996,"Action,Fantasy,Horror",Kang Je-kyu,https://www.imdb.com/title/tt0141122/
tt0301335,The Rules of a Gangster,Gangpae sueob,1996,"Action,Crime",Kim Sang-jin,https://www.imdb.com/title/tt0301335/
tt0379317,The Very First Time,Hwangholhan cheotgyeongheom,1996,Drama,Sang-hun Han,https://www.imdb.com/title/tt0379317/
tt0125278,Their Last Love Affair,Jidokhan sarang,1996,"Drama,Romance",Lee Myung-se,https://www.imdb.com/title/tt0125278/
tt0117578,Three Friends,Sechinku,1996,Drama,Soon-rye Yim,https://www.imdb.com/title/tt0117578/
tt0296253,Two Cops 2,Tukabseu 2,1996,"Action,Comedy",Kang Woo-suk,https://www.imdb.com/title/tt0296253/
tt0186645,Two Men,Two Men,1996,,Kwungwo Park,https://www.imdb.com/title/tt0186645/
tt18939390,Underground,Eondeogeula-undeu,1996,"Action,Crime,Drama",Yong-gyu Kang,https://www.imdb.com/title/tt18939390/
tt0397744,Yellow House,Yellow House,1996,Drama,Jeong-cheol Kim,https://www.imdb.com/title/tt0397744/
tt0118211,Yuri,Yuri,1996,,Yun-ho Yang,https://www.imdb.com/title/tt0118211/
tt0415468,1818,1818,1997,Drama,Hwa-yeong Jang,https://www.imdb.com/title/tt0415468/
tt0367706,3pm Paradise,Public Bath,1997,Comedy,Kwak Kyung-taek,https://www.imdb.com/title/tt0367706/
tt0295867,Audition,Audition,1997,Comedy,Gyeong-min Lee,https://www.imdb.com/title/tt0295867/
tt0462664,Baby Sale,Beibi seil,1997,Comedy,Bon Kim,https://www.imdb.com/title/tt0462664/
tt0122187,Bad Movie,Nappun yeonghwa,1997,"Crime,Drama",Jang Sun-woo,https://www.imdb.com/title/tt0122187/
tt0306518,Barricade,Barricade,1997,Drama,In-ho Yun,https://www.imdb.com/title/tt0306518/
tt0158489,Beat,Biteu,1997,"Action,Crime,Drama",Sung Soo Kim,https://www.imdb.com/title/tt0158489/
tt0375606,Bilgu,Bilgu,1997,"Drama,Romance",Jin-seon Yu,https://www.imdb.com/title/tt0375606/
tt0292976,Blackjack,Blackjack,1997,"Mystery,Thriller",Jeong Ji-yeong,https://www.imdb.com/title/tt0292976/
tt0381081,Change,Che-inji,1997,Comedy,Jin-suk Lee,https://www.imdb.com/title/tt0381081/
tt0315455,Cyber Warrior,Cyber jeonsa,1997,"Action,Family,Sci-Fi",Seung-ho Ahn,https://www.imdb.com/title/tt0315455/
tt0305601,Deep Blue,Gipeun seulpeum,1997,Romance,Ji-kyoon Kwak,https://www.imdb.com/title/tt0305601/
tt0319571,Destiny,Inyeon,1997,,Hwang-rim Lee,https://www.imdb.com/title/tt0319571/
tt28671327,Do the Right Thing,Ttokbaro Sarara,1997,"Comedy,Crime",Lee Sang-woo,https://www.imdb.com/title/tt28671327/
tt0401312,Downfall,Chang,1997,Drama,Im Kwon-taek,https://www.imdb.com/title/tt0401312/
tt0119094,Face/Off,Face/Off,1997,"Action,Crime,Sci-Fi",John Woo,https://www.imdb.com/title/tt0119094/
tt0327396,Father,Abeoji,1997,,Kil-soo Chang,https://www.imdb.com/title/tt0327396/
tt0184475,Firebird,Bulsae,1997,"Action,Thriller",Young-bin Kim,https://www.imdb.com/title/tt0184475/
tt0126838,Green Fish,Chorokmulkogi,1997,"Crime,Drama",Lee Chang-dong,https://www.imdb.com/title/tt0126838/
tt3956448,Habitual Sadness,Najeun moksori 2,1997,Documentary,Young-Joo Byun,https://www.imdb.com/title/tt3956448/
tt0296664,Hallelujah,Hallelujah,1997,Comedy,Shin Seung-soo,https://www.imdb.com/title/tt0296664/
tt38044373,He Asked Me If I Knew Zither,He Asked Me If I Knew Zither,1997,"Drama,Romance",Koo Sung-zoo,https://www.imdb.com/title/tt38044373/
tt0314176,Holiday in Seoul,Holiday in Seoul,1997,"Drama,Romance",Kim Ui-seok,https://www.imdb.com/title/tt0314176/
tt0327956,Inshalla,Inch'Allah,1997,"Drama,Romance",Min-Yong Lee,https://www.imdb.com/title/tt0327956/
tt0144263,KK Family List,Korean Killer Family List,1997,Action,Woo-sang Park,https://www.imdb.com/title/tt0144263/
tt0312872,Kim Geon-mo's Speed,Kim Geon-moui speed,1997,"Action,Comedy",In-yeob Jeong,https://www.imdb.com/title/tt0312872/
tt0265244,Lament,Ji sang man ga,1997,Romance,Hee-cheol Kim,https://www.imdb.com/title/tt0265244/
tt0323244,Madness,Michingeotdeul,1997,,Mun-su Kang,https://www.imdb.com/title/tt0323244/
tt0426003,Man Holding Flowers,Ggotcheul deun namja,1997,"Drama,Romance,Thriller",Hwang In-roe,https://www.imdb.com/title/tt0426003/
tt0127692,Motel Cactus,Motel Seoninjang,1997,"Comedy,Drama,Romance",Ki-Yong Park,https://www.imdb.com/title/tt0127692/
tt0164105,Mr. Condom,Mr. Condom,1997,"Comedy,Romance",Yun-ho Yang,https://www.imdb.com/title/tt0164105/
tt0128371,No. 3,Songneunghan,1997,"Action,Comedy,Crime",Neung-han Song,https://www.imdb.com/title/tt0128371/
tt6898372,Park Dae Park,Park Dae Park,1997,Comedy,Young-Chul Yang,https://www.imdb.com/title/tt6898372/
tt0359843,Poison,Heartache of Poisoned Sex,1997,Drama,Jae-ho Park,https://www.imdb.com/title/tt0359843/
tt0145418,Push! Push!,Sanbuingwa,1997,Comedy,Cheol-su Park,https://www.imdb.com/title/tt0145418/
tt0298493,Repechage,Paejabuhwaljeon,1997,Romance,Kwang-hoon Lee,https://www.imdb.com/title/tt0298493/
tt0297399,Sky Doctor,Seuka-i dagteo,1997,Comedy,Chan-ho Jeon,https://www.imdb.com/title/tt0297399/
tt0294758,Story of Man,Namja iyagi,1997,Action,Seung-bo Shim,https://www.imdb.com/title/tt0294758/
tt0307555,Terrorist 2,Terrorist 2,1997,Action,Myeong-hwa Jo,https://www.imdb.com/title/tt0307555/
tt0140914,The Contact,Cheob-sok,1997,"Drama,Romance",Yun-hyeon Jang,https://www.imdb.com/title/tt0140914/
tt0293886,The Hole,Olgami,1997,"Drama,Thriller",Sung-Hong Kim,https://www.imdb.com/title/tt0293886/
tt0240841,The Letter,Pyeon ji,1997,"Drama,Romance",Jeong-Kuk Lee,https://www.imdb.com/title/tt0240841/
tt2109171,The Six Day Fight in Myong Dong Cathedral,"Myeong-seong, geu 6-il-gan-ui gi-rok",1997,Documentary,Kim Dong-won,https://www.imdb.com/title/tt2109171/
tt0396477,The Story of an Unemployed Man,Baeksu story,1997,Comedy,Jun-seob Jeong,https://www.imdb.com/title/tt0396477/
tt5196702,The Three-Legged Crow,Sae-bal kamagui,1997,Documentary,Jung-hun Oh,https://www.imdb.com/title/tt5196702/
tt0471369,Trio,Saminjo,1997,"Comedy,Crime",Park Chan-wook,https://www.imdb.com/title/tt0471369/
tt0120477,Wanted,Wanted,1997,"Action,Comedy",Heung-sun Jeong,https://www.imdb.com/title/tt0120477/
tt0190882,Wild Animals,Yasaengdongmulbohoguyeog,1997,"Comedy,Crime,Drama",Kim Ki-duk,https://www.imdb.com/title/tt0190882/
tt0416480,Wild Flower,Anjeun baengi ggot,1997,Drama,Yeong-han Kim,https://www.imdb.com/title/tt0416480/
tt0294913,A Growing Business,Shinjang gaeub,1998,"Comedy,Horror",Sung-Hong Kim,https://www.imdb.com/title/tt0294913/
tt0297216,A Killing Story,Jugineun iyagi,1998,Comedy,Kyun-dong Yeo,https://www.imdb.com/title/tt0297216/
tt0293823,A Mystery of the Cube,Geonchugmuhan yugmyeongagcheui bimil,1998,"Mystery,Sci-Fi",Sang-wook Yu,https://www.imdb.com/title/tt0293823/
tt0165403,A Night on the Water,A Night on the Water,1998,"Drama,Romance",Jung Soo Kang,https://www.imdb.com/title/tt0165403/
tt0289633,A Promise,A Promise,1998,"Drama,Romance",Yoo-jin Kim,https://www.imdb.com/title/tt0289633/
tt0239510,An Affair,Jung sa,1998,"Drama,Romance",Je-yong Lee,https://www.imdb.com/title/tt0239510/
tt7277338,An Evil Soul,An Evil Soul,1998,Thriller,Yizhi Yang,https://www.imdb.com/title/tt7277338/
tt0288621,Art Museum by the Zoo,Misulgwan yup dongmulwon,1998,"Comedy,Romance",Jeong-hyang Lee,https://www.imdb.com/title/tt0288621/
tt0297371,Bedroom and Courtroom,Saenggwabu uijaryo cheonggu sosong,1998,Comedy,Kang Woo-suk,https://www.imdb.com/title/tt0297371/
tt0190268,Birdcage Inn,Palandaemun,1998,Drama,Kim Ki-duk,https://www.imdb.com/title/tt0190268/
tt0448888,Bye June,Bai Jun,1998,Drama,Ho Choi,https://www.imdb.com/title/tt0448888/
tt0140825,Christmas in August,Palwolui Keuriseumaseu,1998,"Drama,Romance",Hur Jin-ho,https://www.imdb.com/title/tt0140825/
tt0240077,City of the Rising Sun,Taeyangeun eobda,1998,"Crime,Drama",Sung Soo Kim,https://www.imdb.com/title/tt0240077/
tt0168746,Extras,Extras,1998,"Action,Comedy",Shin Seung-soo,https://www.imdb.com/title/tt0168746/
tt0236383,Family Cinema,Kazoku shinema,1998,,Cheol-su Park,https://www.imdb.com/title/tt0236383/
tt0295372,First Kiss,Kiss harggayo,1998,"Drama,Romance",Kim Tae-gyun,https://www.imdb.com/title/tt0295372/
tt0195762,Fly Low,Ha woo deung,1998,,Sion Kim,https://www.imdb.com/title/tt0195762/
tt0293844,Ghost in Love,Jaguimo,1998,"Fantasy,Horror,Romance",Kwang-hoon Lee,https://www.imdb.com/title/tt0293844/
tt0214589,Girls' Night Out,Chunyudleui jeonyuksiksah,1998,"Drama,Romance",Im Sang-soo,https://www.imdb.com/title/tt0214589/
tt0422339,High-Grade Player,The Expert,1998,"Action,Comedy,Drama",Chun-shik Kim,https://www.imdb.com/title/tt0422339/
tt0381268,If It Snows on Christmas,Christmase nuni naerimyeon,1998,Romance,Dong-hong Jang,https://www.imdb.com/title/tt0381268/
tt0291225,If the Sun Rises in the West,Haega seojjogeseo ddeundamyun,1998,"Comedy,Romance",Eun Lee,https://www.imdb.com/title/tt0291225/
tt0333867,Jang-gu and Daengchili,Mangchireul deun Jangguwa daengchili,1998,"Adventure,Family,Fantasy",Ki-nam Nam,https://www.imdb.com/title/tt0333867/
tt0294591,Naked Being,Ga,1998,Drama,Jeong Ji-yeong,https://www.imdb.com/title/tt0294591/
tt0328417,Paradise Lost,Shilrakwon,1998,,Kil-soo Chang,https://www.imdb.com/title/tt0328417/
tt2109097,Reclaiming Our Names,Bon-myeong seon-eon,1998,Documentary,Hyung-sook Hong,https://www.imdb.com/title/tt2109097/
tt0380679,Rub Love,Rub Love,1998,"Romance,Sci-Fi,Thriller",Suh-Goon Lee,https://www.imdb.com/title/tt0380679/
tt0294759,Scent of a Man,Namjaui hyanggi,1998,"Drama,Romance",Hyeon-su Jang,https://www.imdb.com/title/tt0294759/
tt0435360,Seventeen,Sebeuntin,1998,"Comedy,Drama,Romance",Byeong-gak Jeong,https://www.imdb.com/title/tt0435360/
tt0156386,Spring in My Hometown,Areumdawoon sheejul,1998,"Drama,War",Kwang-Mo Lee,https://www.imdb.com/title/tt0156386/
tt0120267,Taekwondo,Ibangin,1998,"Crime,Drama,Romance",Seung-wook Moon,https://www.imdb.com/title/tt0120267/
tt0293721,The Best,Zzang,1998,"Comedy,Drama",Yun-ho Yang,https://www.imdb.com/title/tt0293721/
tt0297147,The Happenings,Gimaghin sanaedeul,1998,Drama,Jang Jin,https://www.imdb.com/title/tt0297147/
tt0397527,The Last Attempt,Majimak shido,1998,Drama,Jeong-cheol Kim,https://www.imdb.com/title/tt0397527/
tt0156906,The Power of Kangwon Province,Kangwon-do ui him,1998,"Drama,Romance",Hong Sang-soo,https://www.imdb.com/title/tt0156906/
tt0188503,The Quiet Family,Joyonghan gajok,1998,"Comedy,Crime,Horror",Kim Jee-woon,https://www.imdb.com/title/tt0188503/
tt0240014,The Soul Guardians,Toemarok,1998,"Action,Horror,Thriller",K.C. Park,https://www.imdb.com/title/tt0240014/
tt0300697,Tie a Yellow Ribbon,Zzim,1998,"Drama,Romance",Han Ji-seung,https://www.imdb.com/title/tt0300697/
tt0296900,Toyoil ohu 2shi,Toyoil ohu 2shi,1998,Drama,Byeong-jin Min,https://www.imdb.com/title/tt0296900/
tt0296254,Two Cops 3,Tukabseu 3,1998,"Action,Comedy,Romance",Kim Sang-jin,https://www.imdb.com/title/tt0296254/
tt0241073,Whispering Corridors,Yeogo goedam,1998,"Drama,Horror,Mystery",Ki-hyeong Park,https://www.imdb.com/title/tt0241073/
tt0427193,Yellow Flower,Dul hana sex,1998,"Drama,Romance",Ji-sang Lee,https://www.imdb.com/title/tt0427193/
tt0314923,Yesu,Yesu,1998,"Animation,Drama",Su-yong Jeong,https://www.imdb.com/title/tt0314923/
tt0147800,10 Things I Hate About You,내가 널 사랑할 수 없는 10가지 이유,1999,"Comedy,Drama,Romance",Gil Junger,https://www.imdb.com/title/tt0147800/
tt0261282,A Century's End,Segimal,1999,Comedy,Neung-han Song,https://www.imdb.com/title/tt0261282/
tt0376531,A Great Chinese Restaurant,Bukkyeong banjeom,1999,Drama,Kim Ui-seok,https://www.imdb.com/title/tt0376531/
tt0293747,A+ Life,A+ salm,1999,Drama,Kil-chae Jeong,https://www.imdb.com/title/tt0293747/
tt0262246,Attack the Gas Station,Juyuso seubgyuksageun,1999,"Comedy,Crime",Kim Sang-jin,https://www.imdb.com/title/tt0262246/
tt0297156,Black Hole,Gumyeong,1999,Drama,Kuk-hyeong Kim,https://www.imdb.com/title/tt0297156/
tt0380242,Calla,Calla,1999,"Drama,Fantasy,Romance",Song Hae-sung,https://www.imdb.com/title/tt0380242/
tt0305994,Copy Cat,Pyojeul,1999,Thriller,Sam-yuk Yoon,https://www.imdb.com/title/tt0305994/
tt0295921,"Dance, Dance",Daenseudaenseu,1999,"Drama,Musical",Seong-wook Moon,https://www.imdb.com/title/tt0295921/
tt0239349,Doctor K,Dakteo K,1999,"Drama,Fantasy,Romance",Kwak Kyung-taek,https://www.imdb.com/title/tt0239349/
tt6604570,Dream of Love,Dream of Love,1999,Drama,Yizhi Yang,https://www.imdb.com/title/tt6604570/
tt0298138,Field Among the Mountains,Sanjeon sujeon,1999,Comedy,Im-seo Gu,https://www.imdb.com/title/tt0298138/
tt0254222,Forever in Our Memory,Chueoksoge yeongwonhari,1999,Drama,Jung Soo Kang,https://www.imdb.com/title/tt0254222/
tt0220507,Happy End,Haepi-endeu,1999,"Crime,Drama,Romance",Jung Ji-woo,https://www.imdb.com/title/tt0220507/
tt0208995,Lies,Gojitmal,1999,"Drama,Romance",Jang Sun-woo,https://www.imdb.com/title/tt0208995/
tt0226093,Love,Leobeu,1999,"Drama,Romance",Jang Soo Lee,https://www.imdb.com/title/tt0226093/
tt0297472,Love Wind Love Song,Yeonpung yeonga,1999,"Drama,Romance",Dae-yeong Park,https://www.imdb.com/title/tt0297472/
tt0298056,Mayonnaise,Mayonnaise,1999,Drama,In-ho Yun,https://www.imdb.com/title/tt0298056/
tt2109167,Mindulae,Mindulae,1999,Documentary,Dong-ha Choi-ha,https://www.imdb.com/title/tt2109167/
tt0297990,My Heart,Jeong,1999,Drama,Bae Chang-ho,https://www.imdb.com/title/tt0297990/
tt2109213,My Own Breathing,Sumgyeol - Najeun moksori 3,1999,Documentary,Young-Joo Byun,https://www.imdb.com/title/tt2109213/
tt0223530,Nowhere to Hide,Injeong sajeong bol geot eobtda,1999,"Action,Crime,Thriller",Lee Myung-se,https://www.imdb.com/title/tt0223530/
tt0247613,Peppermint Candy,Bakhasatang,1999,Drama,Lee Chang-dong,https://www.imdb.com/title/tt0247613/
tt0226663,Phantom: The Submarine,Yuryeong,1999,"Action,Thriller",Byung-chun Min,https://www.imdb.com/title/tt0226663/
tt0212461,Rainbow Trout,Song-o,1999,"Drama,Thriller",Jong-won Park,https://www.imdb.com/title/tt0212461/
tt0272425,Reptilian,Yonggari,1999,"Action,Fantasy,Sci-Fi",Hyung-rae Shim,https://www.imdb.com/title/tt0272425/
tt0279888,Rush,Jilju,1999,Drama,Sang-in Lee,https://www.imdb.com/title/tt0279888/
tt0192657,Shiri,Swiri,1999,"Action,Thriller",Kang Je-kyu,https://www.imdb.com/title/tt0192657/
tt0220806,Tell Me Something,Telmisseomding,1999,"Crime,Mystery,Thriller",Yun-hyeon Jang,https://www.imdb.com/title/tt0220806/
tt0210265,The Bird Who Stops in the Air,Saeneun pyegoksuneul keruinda,1999,Drama,Jeon Soo-il,https://www.imdb.com/title/tt0210265/
tt0425422,The Butcher's Wife,Samyangdong jeongyukjeom,1999,"Crime,Drama,Mystery",Jeong-gyun Shin,https://www.imdb.com/title/tt0425422/
tt0297105,The Face,Eolgul,1999,Drama,Shin Seung-soo,https://www.imdb.com/title/tt0297105/
tt0235452,The Harmonium in My Memory,Nae maeumui punggeum,1999,"Drama,Romance",Young-jae Lee,https://www.imdb.com/title/tt0235452/
tt0219144,The Love Story of Juliet,The Love Story of Juliet,1999,,Andy Kim,https://www.imdb.com/title/tt0219144/
tt0289424,The Ring Virus,Ling,1999,Horror,Dong-bin Kim,https://www.imdb.com/title/tt0289424/
tt0296649,The Spy,Gancheob Li Cheol-jin,1999,Comedy,Jang Jin,https://www.imdb.com/title/tt0296649/
tt0208590,The Uprising,Lee Jae-sueui nan,1999,Drama,Park Kwang-su,https://www.imdb.com/title/tt0208590/
tt0211089,Until We Meet,Mannal daeggaji,1999,Drama,Moon-jin Cho,https://www.imdb.com/title/tt0211089/
tt0375873,Vectormen: The Empire Attacks,Jiguyongsa vectorman: Satanjegukui daeyeokseub,1999,"Adventure,Family,Sci-Fi",Seong-deok Choi,https://www.imdb.com/title/tt0375873/
tt0266075,Whispering Corridors 2: Memento Mori,Yeogo goedam II,1999,"Drama,Horror,Romance",Kyu-dong Min,https://www.imdb.com/title/tt0266075/
tt0302031,White Valentine,Hwaiteu ballenta-in,1999,Romance,Yun-ho Yang,https://www.imdb.com/title/tt0302031/
tt0293464,Yellow Hair,Norang meori,1999,Drama,Yu-min Kim,https://www.imdb.com/title/tt0293464/
tt0294237,01412 pasasingeum,01412 pasasingeum,2000,"Action,Fantasy",Tae-chan Park,https://www.imdb.com/title/tt0294237/
tt0297041,A Masterpiece in My Life,Bulhueui myeongjag,2000,"Drama,Romance",Kwang-jin Shim,https://www.imdb.com/title/tt0297041/
tt0300525,Asako in Ruby Shoes,Sunaebo,2000,"Drama,Romance",Je-yong Lee,https://www.imdb.com/title/tt0300525/
tt0269743,Barking Dogs Never Bite,Flandersui gae,2000,"Comedy,Drama",Bong Joon Ho,https://www.imdb.com/title/tt0269743/
tt0278351,Bichunmoo,Bichunmoo,2000,"Action,Drama,Fantasy",Young-jun Kim,https://www.imdb.com/title/tt0278351/
tt0380713,Black Honeymoon,Shinhon yeohaeng,2000,"Comedy,Thriller",Hong-Kyun Na,https://www.imdb.com/title/tt0380713/
tt0315956,Black Rain,Heukwoo,2000,"Action,Fantasy",Seung-ho Ahn,https://www.imdb.com/title/tt0315956/
tt0291043,Bloody Beach,Haebyeoneuro gada,2000,"Crime,Horror,Mystery",In Soo Kim,https://www.imdb.com/title/tt0291043/
tt0261581,Bongja,Bongja,2000,"Comedy,Drama,Romance",Cheol-su Park,https://www.imdb.com/title/tt0261581/
tt0276001,Chimhyang,Chimhyang,2000,Drama,Kim Soo-yong,https://www.imdb.com/title/tt0276001/
tt0245837,Chunhyang,Chunhyangdyeon,2000,"Drama,Musical,Romance",Im Kwon-taek,https://www.imdb.com/title/tt0245837/
tt0267622,Die Bad,Jukgeona hokeun nabbeugeona,2000,"Crime,Drama",Ryoo Seung-wan,https://www.imdb.com/title/tt0267622/
tt0270919,Ditto,Ditto,2000,"Drama,Romance,Sci-Fi",Kim Jeong-kwon,https://www.imdb.com/title/tt0270919/
tt5193072,"Doomealee, the Very First Step",Shijakhaneun soongan,2000,Documentary,Hyung-sook Hong,https://www.imdb.com/title/tt5193072/
tt0297908,Gangpae beobjig,Gangpae beobjig,2000,,Myeong-hwa Jo,https://www.imdb.com/title/tt0297908/
tt0305699,General Hospital: The Movie - A Thousand Days,Jonghab byeongwon the movie: Cheonil dongan,2000,"Drama,Romance",Yun-seok Choi,https://www.imdb.com/title/tt0305699/
tt0301342,Geulim ilgi,Geulim ilgi,2000,"Comedy,Drama",Young Nam Ko,https://www.imdb.com/title/tt0301342/
tt0263412,Happy Funeral Director,Haengbokhan jangeuisa,2000,Comedy,Jang Moon-il,https://www.imdb.com/title/tt0263412/
tt0293217,Harpy,Harpy,2000,Horror,Ho-beom Ra,https://www.imdb.com/title/tt0293217/
tt0375827,If,If,2000,"Drama,Romance",Deok-jeon Han,https://www.imdb.com/title/tt0375827/
tt0282599,Il Mare,Si Wall Ae,2000,"Drama,Fantasy,Romance",Hyun-seung Lee,https://www.imdb.com/title/tt0282599/
tt0253146,Interview,Dogme # 7 - Interview,2000,"Drama,Romance",Hyuk Byun,https://www.imdb.com/title/tt0253146/
tt0291275,Jakarta,Jakarta,2000,"Comedy,Crime,Thriller",Cho-Sin Jung,https://www.imdb.com/title/tt0291275/
tt14826546,Jeontaeirui Gieok,Jeontaeirui Gieok,2000,Documentary,Yi-chan Kim,https://www.imdb.com/title/tt14826546/
tt0260991,Joint Security Area,Gongdong gyeongbi guyeok JSA,2000,"Action,Drama,Thriller",Park Chan-wook,https://www.imdb.com/title/tt0260991/
tt0297163,Just Do It!,Hamyeondoinda,2000,Comedy,Dae-yeong Park,https://www.imdb.com/title/tt0297163/
tt0297231,Kilimanjaro,Kilimanjaro,2000,"Action,Thriller",Oh Seung-uk,https://www.imdb.com/title/tt0297231/
tt0269546,La Belle,Mi in,2000,Drama,Kyun-dong Yeo,https://www.imdb.com/title/tt0269546/
tt0289278,Libera me,Libera me,2000,"Action,Drama",Yun-ho Yang,https://www.imdb.com/title/tt0289278/
tt0293300,Love Bakery,Ju No-myeong Bakery,2000,"Comedy,Drama,Romance",Hun-Su Park,https://www.imdb.com/title/tt0293300/
tt0257717,Making Sundried Red Peppers,Gochoo maligee,2000,,Hee-sun Jang,https://www.imdb.com/title/tt0257717/
tt0120755,Mission: Impossible II,Mission: Impossible II,2000,"Action,Adventure,Thriller",John Woo,https://www.imdb.com/title/tt0120755/
tt0269266,Nightmare,Horror Game Movie,2000,"Crime,Horror,Thriller",Byeong-ki Ahn,https://www.imdb.com/title/tt0269266/
tt4216730,On the Way,Gil wieseo,2000,Drama,Jae-eun Choi,https://www.imdb.com/title/tt4216730/
tt0380565,Pisces,Mulgogijari,2000,Romance,Hyung-tae Kim,https://www.imdb.com/title/tt0380565/
tt0266855,Plum Blossom,Cheongchun,2000,"Drama,Romance",Ji-kyoon Kwak,https://www.imdb.com/title/tt0266855/
tt2109189,Pomildong Blues,Pomildong Blues,2000,Drama,Hee-jin Kim,https://www.imdb.com/title/tt2109189/
tt0269857,Real Fiction,Shilje sanghwang,2000,"Crime,Drama",Kim Ki-duk,https://www.imdb.com/title/tt0269857/
tt0297377,Sanchaeg,Sanchaeg,2000,Drama,Jeong-Kuk Lee,https://www.imdb.com/title/tt0297377/
tt0268996,Secret Tears,Bimil,2000,"Drama,Horror,Romance",Ki-hyeong Park,https://www.imdb.com/title/tt0268996/
tt0453209,Seuteuraikeo,Seuteuraikeo,2000,Drama,Seon Lim,https://www.imdb.com/title/tt0453209/
tt0307412,Shackle,Saseul,2000,Thriller,Myeong-hwa Jo,https://www.imdb.com/title/tt0307412/
tt0251402,Siren,Siren,2000,Drama,Joo Yeob Lee,https://www.imdb.com/title/tt0251402/
tt2109204,Sky-Blue Hometown,Haneulsaeg gohyang,2000,Documentary,So-young Kim,https://www.imdb.com/title/tt2109204/
tt0269642,Tears,Nunmul,2000,Drama,Im Sang-soo,https://www.imdb.com/title/tt0269642/
tt0280140,Teenage Hooker Becomes a Killing Machine,Daehakno-yeseo maechoon-hadaka tomaksalhae danghan yeogosaeng ajik Daehakno-ye Issda,2000,"Crime,Drama,Horror",Gee-woong Nam,https://www.imdb.com/title/tt0280140/
tt0294604,Terror Taxi,Gongpo taxi,2000,"Action,Adventure,Comedy",Seung-jun Heo,https://www.imdb.com/title/tt0294604/
tt0280427,The Anarchists,Anakiseuteu,2000,"Action,Thriller",Yong-sik Yu,https://www.imdb.com/title/tt0280427/
tt0261552,The Foul King,Banchikwang,2000,"Comedy,Sport",Kim Jee-woon,https://www.imdb.com/title/tt0261552/
tt0255589,The Isle,Seom,2000,"Drama,Thriller",Kim Ki-duk,https://www.imdb.com/title/tt0255589/
tt0297071,The Legend of Gingko,Danjeogbiyeonsu,2000,"Action,Adventure,Romance",Je-hyeon Park,https://www.imdb.com/title/tt0297071/
tt0434239,The Man Who Saw Too Much,Nomu mani pon sanai,2000,"Crime,Thriller",Son Jae-gon,https://www.imdb.com/title/tt0434239/
tt0301770,The Record,Zzikhimyeon jukneunda,2000,"Horror,Thriller",Gi-hun Kim,https://www.imdb.com/title/tt0301770/
tt0314230,Truth Game,Jinshil game,2000,"Mystery,Thriller",Ji-yeong Kim,https://www.imdb.com/title/tt0314230/
tt0380202,Vanishing Twin,Baenising teuwin,2000,"Drama,Mystery,Romance",Tae-yeong Yun,https://www.imdb.com/title/tt0380202/
tt0253378,Virgin Stripped Bare by Her Bachelors,Oh! Soo-jung,2000,"Drama,Romance",Hong Sang-soo,https://www.imdb.com/title/tt0253378/
tt0291847,A Day,Haru,2001,"Drama,Romance",Han Ji-seung,https://www.imdb.com/title/tt0291847/
tt0284815,Address Unknown,Suchwiin bulmyeong,2001,"Drama,War",Kim Ki-duk,https://www.imdb.com/title/tt0284815/
tt0164334,Along Came a Spider,스파이더 게임,2001,"Crime,Drama,Mystery",Lee Tamahori,https://www.imdb.com/title/tt0164334/
tt0307213,Bad Guy,Nappeun namja,2001,"Drama,Romance",Kim Ki-duk,https://www.imdb.com/title/tt0307213/
tt0350644,Booking Sonata,Booking Sonata,2001,"Action,Drama,Romance",Bong-eun Kim,https://www.imdb.com/title/tt0350644/
tt0276818,Bungee Jumping of Their Own,Beonjijeompeureul hada,2001,"Drama,Romance",Kim Dae-seung,https://www.imdb.com/title/tt0276818/
tt0332260,Camel(s),Nakta(dul),2001,Drama,Ki-Yong Park,https://www.imdb.com/title/tt0332260/
tt0453010,Club Butterfly,Keul-leob Beo-teo-p'eul-la-yi,2001,Drama,Jae-soo Kim,https://www.imdb.com/title/tt0453010/
tt4218994,Days of Human,Days of Human,2001,Documentary,Jun-seek Tae,https://www.imdb.com/title/tt4218994/
tt0343582,Dear Korea,Dear Korea,2001,,Talk Shin,https://www.imdb.com/title/tt0343582/
tt0346904,Dream of a Warrior,Cheonsamong,2001,"Action,Fantasy,Romance",Hee-joon Park,https://www.imdb.com/title/tt0346904/
tt0289181,Failan,Failan,2001,"Drama,Romance",Song Hae-sung,https://www.imdb.com/title/tt0289181/
tt2109126,Farewell,Farewell,2001,Documentary,Yun Hwang,https://www.imdb.com/title/tt2109126/
tt0302602,Flower Island,Ggot seom,2001,Drama,Song Il-gon,https://www.imdb.com/title/tt0302602/
tt0281718,Friend,Chingu,2001,"Action,Crime,Drama",Kwak Kyung-taek,https://www.imdb.com/title/tt0281718/
tt0351420,From Me to You 2,Neoege nalul bonaenda 2,2001,"Drama,Romance",Bong-eun Kim,https://www.imdb.com/title/tt0351420/
tt4218928,FuckUmentary,FuckUmentary,2001,Documentary,Choi Jin-sung,https://www.imdb.com/title/tt4218928/
tt0297150,Gohae,Gohae,2001,Drama,Jeong-jin Kim,https://www.imdb.com/title/tt0297150/
tt0295368,Guns & Talks,Killerdeului suda,2001,"Action,Comedy,Drama",Jang Jin,https://www.imdb.com/title/tt0295368/
tt0297158,Gyodoso World Cup,Gyodoso World Cup,2001,"Comedy,Drama",Seong-wook Bang,https://www.imdb.com/title/tt0297158/
tt0298361,Hera Purple,Hera Purple,2001,"Horror,Thriller",Kil-chae Jeong,https://www.imdb.com/title/tt0298361/
tt0298826,Hi! Dharma!,Dalmaya nolja,2001,"Comedy,Drama",Cheol-kwan Park,https://www.imdb.com/title/tt0298826/
tt0436414,I Can Fly to You But You...,I Can Fly to You But You...,2001,Drama,Young-nam Kim,https://www.imdb.com/title/tt0436414/
tt0294638,I Love You,I Love You,2001,Romance,Hie-yong Moon,https://www.imdb.com/title/tt0294638/
tt0287583,I Wish I Had a Wife,Nado anaega isseosseumyeon johgessda,2001,"Comedy,Drama,Romance",Heung-sik Park,https://www.imdb.com/title/tt0287583/
tt0293280,Indian Summer,Indian seommeo,2001,"Crime,Drama",Hyo-jeong No,https://www.imdb.com/title/tt0293280/
tt4404806,Kankoku tsuma: Hirusagari no furin,Kankoku tsuma: Hirusagari no furin,2001,,Pillim Lee,https://www.imdb.com/title/tt4404806/
tt15614494,Keeping the Vision Alive: Women in Korean Filmmaking,Aleumdaun saengjon: yeoseong yeonghwain-i malhaneun yeonghwa,2001,Documentary,Soon-rye Yim,https://www.imdb.com/title/tt15614494/
tt0294916,Kick the Moon,Sillaui dalbam,2001,"Comedy,Drama",Kim Sang-jin,https://www.imdb.com/title/tt0294916/
tt5193106,"Koryu: Southern Women, South Korea","Koryu: Southern Women, South Korea",2001,Documentary,Jeong Kim,https://www.imdb.com/title/tt5193106/
tt0294949,Last Present,Sun Mool,2001,"Drama,Romance",Oh Ki-hwan,https://www.imdb.com/title/tt0294949/
tt0325513,Let's Not Cry,Gwenchana uljima,2001,Drama,Byung-hun Min,https://www.imdb.com/title/tt0325513/
tt0434972,Love Her,Geunyeoege jamdeulda,2001,Drama,Seong-il Park,https://www.imdb.com/title/tt0434972/
tt0293857,MOB 2025,MOB 2025,2001,"Action,Sci-Fi",Kwon Hyeong-jin,https://www.imdb.com/title/tt0293857/
tt0198781,"Monsters, Inc.","Monsters, Inc.",2001,"Adventure,Animation,Comedy",Pete Docter,https://www.imdb.com/title/tt0198781/
tt0312308,My Beautiful Days,24,2001,"Drama,Romance",Jong-jae Im,https://www.imdb.com/title/tt0312308/
tt0293715,My Sassy Girl,Bizarre Girl,2001,"Comedy,Drama,Romance",Kwak Jae-young,https://www.imdb.com/title/tt0293715/
tt0296696,My Wife Is a Gangster,Jopog manura,2001,"Action,Comedy,Crime",Jin-gyu Cho,https://www.imdb.com/title/tt0296696/
tt2162703,On the Green Carpet,Pureun judanueseo,2001,"Comedy,Romance",Kwang-il Jon,https://www.imdb.com/title/tt2162703/
tt0295192,One Fine Spring Day,Bomnaleun ganda,2001,"Drama,Romance",Hur Jin-ho,https://www.imdb.com/title/tt0295192/
tt0294832,Paradise Villa,Paradise Villa,2001,"Drama,Thriller",Jong-won Park,https://www.imdb.com/title/tt0294832/
tt4218990,Patriot Game,Patriot Game,2001,Documentary,Dong-ha Choi-ha,https://www.imdb.com/title/tt4218990/
tt0330807,Raybang,Raybang,2001,"Comedy,Drama",Hyeon-su Jang,https://www.imdb.com/title/tt0330807/
tt0380454,Resistance Without Reason,Iyueobtneun banhang,2001,Drama,Mun-ok Kim,https://www.imdb.com/title/tt0380454/
tt0434850,Running 7 Dogs,Chilinui saebyeok,2001,Action,Joo-man Kim,https://www.imdb.com/title/tt0434850/
tt0293885,Running Blue,Norang meori 2,2001,Drama,Yu-min Kim,https://www.imdb.com/title/tt0293885/
tt0293573,Say Yes,Sae-yi yaeseu,2001,"Crime,Drama,Horror",Sung-Hong Kim,https://www.imdb.com/title/tt0293573/
tt0435067,Scent of Love,Ipsae,2001,Romance,Jung-sik Kim,https://www.imdb.com/title/tt0435067/
tt4366700,Shiroi hada no Kankoku bijo: Uregoro,Shiroi hada no Kankoku bijo: Uregoro,2001,,Man-dae Bong,https://www.imdb.com/title/tt4366700/
tt0294929,Sorum,Sorum,2001,"Drama,Horror,Mystery",Jong-chan Yun,https://www.imdb.com/title/tt0294929/
tt0297414,Summertime,Sseommeotaim,2001,"Drama,Thriller",Jae-ho Park,https://www.imdb.com/title/tt0297414/
tt0296658,Take Care of My Cat,Goyangileul bootakhae,2001,Drama,Jae-eun Jeong,https://www.imdb.com/title/tt0296658/
tt0293442,The Butterfly,Nabi,2001,"Drama,Sci-Fi",Seung-wook Moon,https://www.imdb.com/title/tt0293442/
tt0293266,The Humanist,The Humanist,2001,"Comedy,Drama,Thriller",Mu-yeong Lee,https://www.imdb.com/title/tt0293266/
tt0297168,The Last Witness,Heugsuseon,2001,"Action,Drama,Mystery",Bae Chang-ho,https://www.imdb.com/title/tt0297168/
tt0275083,The Warrior,Musa,2001,"Action,Drama,History",Sung Soo Kim,https://www.imdb.com/title/tt0275083/
tt0301437,This Is Law,Igeoshi beobida,2001,"Action,Crime",Byeong-jin Min,https://www.imdb.com/title/tt0301437/
tt32851582,True Colors of a Gangster,True Colors of a Gangster,2001,"Action,Drama",Bang Hyun-joon,https://www.imdb.com/title/tt32851582/
tt0425444,Twenty,Seumusal,2001,Drama,Jeong-gyun Shin,https://www.imdb.com/title/tt0425444/
tt0301429,Volcano High,Hwasango,2001,"Action,Comedy,Fantasy",Kim Tae-gyun,https://www.imdb.com/title/tt0301429/
tt0297462,Waikiki Brothers,Waikiki beuladeoseu,2001,"Drama,Music",Soon-rye Yim,https://www.imdb.com/title/tt0297462/
tt0300633,Wanee & Junah,Wanee and Junah,2001,"Drama,Romance",Kim Yong-gyun,https://www.imdb.com/title/tt0300633/
tt0294252,2009: Lost Memories,2009 loseuteu maemorijeu,2002,"Action,Drama,Sci-Fi",Lee Dong-Joon,https://www.imdb.com/title/tt0294252/
tt0335791,2424,2424,2002,"Action,Comedy",Lee Yeon-woo,https://www.imdb.com/title/tt0335791/
tt0340044,A Bizarre Love Triangle,Cheoleobtneun anaewa paramanjanhan nampyeon geurigo taekwon sonyeo,2002,Comedy,Mu-yeong Lee,https://www.imdb.com/title/tt0340044/
tt0346887,A Little Monk,Dong seung,2002,Family,Kyung-jung Joo,https://www.imdb.com/title/tt0346887/
tt0336678,Addicted,Jungdok,2002,"Drama,Mystery,Romance",Young-hoon Park,https://www.imdb.com/title/tt0336678/
tt0306442,Afrika,Afrika,2002,"Action,Drama",Shin Seung-soo,https://www.imdb.com/title/tt0306442/
tt0323272,Again,Miwodo dashi hanbeon,2002,,So-yeong Jeong,https://www.imdb.com/title/tt0323272/
tt0341470,Ardor,Milae,2002,"Drama,Romance",Young-Joo Byun,https://www.imdb.com/title/tt0341470/
tt0341667,Baby Alone,Yuadogjon,2002,"Comedy,Drama,Romance",Hong Jong-o,https://www.imdb.com/title/tt0341667/
tt0317614,Bet on My Disco,"Hae-jeok, discowang doeda",2002,"Comedy,Drama,Musical",Kim Dong-won,https://www.imdb.com/title/tt0317614/
tt0336895,Birth of a Man,Namja taeunada,2002,"Comedy,Drama,Romance",Hee-joon Park,https://www.imdb.com/title/tt0336895/
tt0330086,Boss X-File,Boss sangrokjakjeon,2002,Comedy,Seong-deok Kim,https://www.imdb.com/title/tt0330086/
tt0325743,Break Out,Lightereul kyeora,2002,"Action,Comedy",Jang Hang-jun,https://www.imdb.com/title/tt0325743/
tt0310826,Bus Stop,"Bus, jeong ryu-jang",2002,"Drama,Romance",Mi-yeon Lee,https://www.imdb.com/title/tt0310826/
tt0330225,Can't Live Without Robbery,Dodookmatgo motsala,2002,"Action,Comedy",Im Kyung-soo,https://www.imdb.com/title/tt0330225/
tt0325165,Champion,Chaempieon,2002,"Biography,Drama,Sport",Kwak Kyung-taek,https://www.imdb.com/title/tt0325165/
tt0334726,Chow Yun-Fat Boy Meets Brownie Girl,Wooryung gakshi,2002,Fantasy,Gee-woong Nam,https://www.imdb.com/title/tt0334726/
tt0341535,Conduct Zero,Poom-haeong-je-ro,2002,"Comedy,Romance",Geun-shik Jo,https://www.imdb.com/title/tt0341535/
tt0334753,Desire,Yok mang,2002,Drama,Kim Eung-soo,https://www.imdb.com/title/tt0334753/
tt0322104,Dig or Die,Dulheoya sanda,2002,"Comedy,Crime",Eun-ki Ko,https://www.imdb.com/title/tt0322104/
tt5182618,Dust Buries Sabuk,"Meonji, Sabukeul mootda",2002,Documentary,Miyoung Lee,https://www.imdb.com/title/tt5182618/
tt0327767,Emergency Act 19,Emergency Act 19,2002,"Comedy,Music",Tae-gyu Kim,https://www.imdb.com/title/tt0327767/
tt0315553,Eraser Wrestling,Eraser Wrestling,2002,,Dong-hyun Min,https://www.imdb.com/title/tt0315553/
tt0330274,Family,Paemilli,2002,"Action,Comedy,Romance",Jin-won Choi,https://www.imdb.com/title/tt0330274/
tt0340328,Four-Letter Words,Sajaseongeo,2002,"Action,Romance",Jeong-gu Kim,https://www.imdb.com/title/tt0340328/
tt0314218,Fun Movie,Jaemitneun yeonghwa,2002,"Action,Comedy",Jang Kyu-sung,https://www.imdb.com/title/tt0314218/
tt0382780,Gina Kim's Video Diary,Kim Gina-eui bidio ilgi,2002,Documentary,Gina Kim,https://www.imdb.com/title/tt0382780/
tt0304120,H,Murmurs,2002,"Drama,Mystery,Thriller",Jong-Hyuk Lee,https://www.imdb.com/title/tt0304120/
tt0333528,Jail Breakers,Gwangbokjeol teuksa,2002,Comedy,Kim Sang-jin,https://www.imdb.com/title/tt0333528/
tt0352464,Jealousy Is My Middle Name,Jiltooneun naeuh heem,2002,"Drama,Romance",Chan-ok Park,https://www.imdb.com/title/tt0352464/
tt0311373,Jungle Juice,Jeonggeul jyuseu,2002,"Action,Comedy",Cho Min-ho,https://www.imdb.com/title/tt0311373/
tt0308494,Looking for Bruce Lee,Lee So-ryongeul chajalat,2002,"Action,Comedy,Drama",Lon Kang,https://www.imdb.com/title/tt0308494/
tt0328675,Lover's Concerto,Yeonae soseol,2002,"Drama,Romance",Lee Han,https://www.imdb.com/title/tt0328675/
tt0319546,Make It Big,Ildan dwieo,2002,"Action,Comedy,Crime",Jo Ui-seok,https://www.imdb.com/title/tt0319546/
tt0315930,Marriage Is a Crazy Thing,Gyeolhoneun michinjishida,2002,"Drama,Romance",Ha Yoo,https://www.imdb.com/title/tt0315930/
tt0330316,Marrying the Mafia,Gamunui yeonggwang,2002,"Comedy,Crime,Romance",Heung-sun Jeong,https://www.imdb.com/title/tt0330316/
tt0302758,"My Beautiful Girl, Mari",Mari iyagi,2002,"Animation,Drama,Fantasy",Seong-gang Lee,https://www.imdb.com/title/tt0302758/
tt0325772,Naked Paradise,Mago,2002,Drama,Hyeon-il Kang,https://www.imdb.com/title/tt0325772/
tt0310000,"No Blood, No Tears",Pido nunmuldo eobshi,2002,"Action,Comedy,Crime",Ryoo Seung-wan,https://www.imdb.com/title/tt0310000/
tt0323311,No Comment,Mudjima Family,2002,"Comedy,Drama",Sang-wan Park,https://www.imdb.com/title/tt0323311/
tt0320193,Oasis,Oasiseu,2002,"Drama,Romance",Lee Chang-dong,https://www.imdb.com/title/tt0320193/
tt0313550,On the Occasion of Remembering the Turning Gate,Saenghwalui balgyeon,2002,"Drama,Romance",Hong Sang-soo,https://www.imdb.com/title/tt0313550/
tt2111376,On the Right Track,On the Right Track,2002,Documentary,Ji-young Lee,https://www.imdb.com/title/tt2111376/
tt0314463,Oollala Sisters,Ulralra siseuteojeu,2002,"Drama,Music",Je-hyeon Park,https://www.imdb.com/title/tt0314463/
tt0313445,Over the Rainbow,Obeo deo reinbou,2002,"Drama,Romance",Ahn Jin-woo,https://www.imdb.com/title/tt0313445/
tt0317234,Painted Fire,Chihwaseon,2002,"Biography,Drama,History",Im Kwon-taek,https://www.imdb.com/title/tt0317234/
tt0323630,Phone,Pon,2002,"Horror,Mystery,Thriller",Byeong-ki Ahn,https://www.imdb.com/title/tt0323630/
tt0345804,Popee,Popee,2002,"Comedy,Drama",Ji-hyun Kim,https://www.imdb.com/title/tt0345804/
tt0306909,Public Enemy,Gonggongui jeog,2002,"Action,Crime",Kang Woo-suk,https://www.imdb.com/title/tt0306909/
tt0323753,R.U. Ready?,Ah yoo redi?,2002,"Adventure,Fantasy",Yoon Sang-ho,https://www.imdb.com/title/tt0323753/
tt0327169,Resurrection of the Little Match Girl,Sungnyangpali sonyeoui jaerim,2002,"Action,Comedy,Sci-Fi",Jang Sun-woo,https://www.imdb.com/title/tt0327169/
tt0334245,Road Movie,Rodeu-mubi,2002,"Drama,Romance",Kim In-shik,https://www.imdb.com/title/tt0334245/
tt0301808,Saulabi,Saulabi,2002,"Action,War",Jong-geum Mun,https://www.imdb.com/title/tt0301808/
tt0333526,Saving My Hubby,Gudseura Geum-suna,2002,"Comedy,Drama",Nam-seob Hyeon,https://www.imdb.com/title/tt0333526/
tt4532178,Seoul Yondai bijo: Shibireru kindan no yoru,Seoul Yondai bijo: Shibireru kindan no yoru,2002,,Mi-Seon Cho,https://www.imdb.com/title/tt4532178/
tt0336792,Sex of Magic,Mabeobui seong,2002,"Comedy,Drama,Romance",Seong-wook Bang,https://www.imdb.com/title/tt0336792/
tt0324123,Surprise Party,Seopeuraijeu,2002,"Comedy,Romance",Jin-seong Kim,https://www.imdb.com/title/tt0324123/
tt0310775,Sympathy for Mr. Vengeance,Boksuneun naui geot,2002,"Crime,Drama,Thriller",Park Chan-wook,https://www.imdb.com/title/tt0310775/
tt0312976,The Beauty in Dream,Mongjungin,2002,Drama,Lee Kyoung-young,https://www.imdb.com/title/tt0312976/
tt0341384,The Coast Guard,Haeanseon,2002,"Drama,War",Kim Ki-duk,https://www.imdb.com/title/tt0341384/
tt0341521,The Romantic President,Piano chineun daetongryeong,2002,"Comedy,Drama,Romance",Jeon Man-bae,https://www.imdb.com/title/tt0341521/
tt0312841,The Way Home,Jibeuro,2002,Drama,Jeong-hyang Lee,https://www.imdb.com/title/tt0312841/
tt0324242,Three,Sam gang,2002,"Horror,Mystery",Peter Ho-Sun Chan,https://www.imdb.com/title/tt0324242/
tt0333692,Too Young to Die,Jukeodo joha,2002,"Drama,Romance",Park Jin-Pyo,https://www.imdb.com/title/tt0333692/
tt0307599,Turn It Up,Turn It Up,2002,"Drama,Musical",Yong-gyu Kang,https://www.imdb.com/title/tt0307599/
tt0325534,Unborn But Forgotten,Hayanbang,2002,"Horror,Mystery",Chang-jae Lim,https://www.imdb.com/title/tt0325534/
tt0251462,Venus,Venus,2002,Action,Seung-Soo Lee,https://www.imdb.com/title/tt0251462/
tt2359896,Walk Like a Zombie,Jombi-cheoreom georeobwa,2002,Drama,Jeong-gu Kim,https://www.imdb.com/title/tt2359896/
tt0341476,Wet Dreams,Mongjunggi,2002,Comedy,Cho-Sin Jung,https://www.imdb.com/title/tt0341476/
tt0345419,Whistling Princess,Hwiparam gongju,2002,Comedy,Jeong-hwan Lee,https://www.imdb.com/title/tt0345419/
tt0320763,Who Are You?,Who Are You?,2002,"Comedy,Romance",Ho Choi,https://www.imdb.com/title/tt0320763/
tt0331088,YMCA Baseball Team,YMCA Yagudan,2002,Drama,Kim Hyun-seok,https://www.imdb.com/title/tt0331088/
tt0431478,Yeongmae: san jawa jugeun ja-ui hwahae,Yeongmae: san jawa jugeun ja-ui hwahae,2002,Documentary,Ki-bok Park,https://www.imdb.com/title/tt0431478/
tt0381838,...ing,...ing,2003,"Drama,Romance",Lee Eon-hie,https://www.imdb.com/title/tt0381838/
tt0372782,A Good Lawyer's Wife,Baramnan gajok,2003,"Drama,Romance",Im Sang-soo,https://www.imdb.com/title/tt0372782/
tt0358528,A Letter from Mars,Hwaseongeuro gan sanai,2003,"Drama,Romance",Kim Jeong-kwon,https://www.imdb.com/title/tt0358528/
tt0379381,A Smile,Miso,2003,Drama,Kyung-hee Park,https://www.imdb.com/title/tt0379381/
tt0365376,A Tale of Two Sisters,"Rose Flower, Red Lotus",2003,"Drama,Horror,Mystery",Kim Jee-woon,https://www.imdb.com/title/tt0365376/
tt0380164,Acacia,Akasia,2003,"Horror,Thriller",Ki-hyeong Park,https://www.imdb.com/title/tt0380164/
tt3413396,Anamorphic,Anamopik,2003,Drama,Byung-woo Kim,https://www.imdb.com/title/tt3413396/
tt0361311,Arirang,Arirang,2003,Drama,Lee Doo-yong,https://www.imdb.com/title/tt0361311/
tt0348551,Blue,Blue,2003,"Action,Drama,War",Jeong-Kuk Lee,https://www.imdb.com/title/tt0348551/
tt1359425,"Capitalist Manifesto: Working Men of All Countries, Accumulate!","Jabondang seoneon: Mangukui nodongjayeo, chukcheothara!",2003,"Drama,Horror,Sci-Fi",Gok Kim,https://www.imdb.com/title/tt1359425/
tt0383269,Come Tomorrow,Choihui mancheon,2003,Comedy,Yeong-guk Son,https://www.imdb.com/title/tt0383269/
tt0364262,Crazy First Love,Cheotsarang sasu gwolgidaehoe,2003,"Comedy,Drama,Romance",Oh Jong-rok,https://www.imdb.com/title/tt0364262/
tt0370360,Do You Like Spring Bear?,Bomnaleui gomeul jongahaseyo?,2003,"Comedy,Drama,Romance",Yi Yong,https://www.imdb.com/title/tt0370360/
tt0342561,Double Agent,Ijung gancheob,2003,"Action,Thriller",Kim Hyeon-jeong,https://www.imdb.com/title/tt0342561/
tt0348619,Dying Puppy,Gangaji jukneunda,2003,"Drama,Romance",Kwang-woo Park,https://www.imdb.com/title/tt0348619/
tt5182632,Edit,Edit,2003,Documentary,Chang-jae Lee,https://www.imdb.com/title/tt5182632/
tt0356577,Elysium,Elysium,2003,"Action,Animation,Comedy",Jae-woong Kwon,https://www.imdb.com/title/tt0356577/
tt0266543,Finding Nemo,Finding Nemo,2003,"Adventure,Animation,Comedy",Andrew Stanton,https://www.imdb.com/title/tt0266543/
tt0329101,Freddy vs. Jason,Freddy dae Jason,2003,Horror,Ronny Yu,https://www.imdb.com/title/tt0329101/
tt0358503,Garden of Heaven,Haneul jeongwon,2003,"Drama,Romance",Dong-hyeon Lee,https://www.imdb.com/title/tt0358503/
tt0418867,Hammerboy,Mangchi,2003,"Action,Adventure,Animation",Tae Keun Ahn,https://www.imdb.com/title/tt0418867/
tt0385737,Happy Ero Christmas,Haepi ero Keurisemaseu,2003,"Comedy,Romance",Geon-dong Lee,https://www.imdb.com/title/tt0385737/
tt4221512,I Want to Be a Documentarian,I Want to Be a Documentarian,2003,Documentary,Eun Lee,https://www.imdb.com/title/tt4221512/
tt0391539,If You Were Me,Yeoseot gae ui siseon,2003,Drama,Park Chan-wook,https://www.imdb.com/title/tt0391539/
tt0372937,Into the Mirror,Geoul sogeuro,2003,"Horror,Mystery,Thriller",Kim Sung-ho,https://www.imdb.com/title/tt0372937/
tt0349663,Jugeulrae salrae,Jugeulrae salrae,2003,"Action,Comedy",Du-yeong Kim,https://www.imdb.com/title/tt0349663/
tt0368888,Love Impossible,Love of South and North,2003,"Drama,Romance",Cho-Sin Jung,https://www.imdb.com/title/tt0368888/
tt5175334,Mad Minutes,Mad Minutes,2003,Documentary,Mario Lee,https://www.imdb.com/title/tt5175334/
tt0345603,Madeleine,Madeleine,2003,Romance,K.C. Park,https://www.imdb.com/title/tt0345603/
tt0353969,Memories of Murder,Salinui chueok,2003,"Crime,Drama,Mystery",Bong Joon Ho,https://www.imdb.com/title/tt0353969/
tt38126589,Mokdugi Video,Mokdugi Video,2003,Horror,Yoon Joon-Hyeong,https://www.imdb.com/title/tt38126589/
tt0360821,Mr Butterfly,Nabi,2003,Action,Marc Kim,https://www.imdb.com/title/tt0360821/
tt0369357,Mutt Boy,Ddong gae,2003,Drama,Kwak Kyung-taek,https://www.imdb.com/title/tt0369357/
tt0422805,My Right to Ravage Myself,Naneun nareul pagoehal gwolliga itda,2003,Drama,Jeon Soo-il,https://www.imdb.com/title/tt0422805/
tt0358691,"My Teacher, Mr. Kim",Seonsaeng Kim Bong-du,2003,"Comedy,Drama",Jang Kyu-sung,https://www.imdb.com/title/tt0358691/
tt0348591,My Tutor Friend,Donggabnaegi gwawoehagi,2003,"Action,Comedy,Romance",Kim Kyeong-hyeong,https://www.imdb.com/title/tt0348591/
tt0364447,My Wife Is a Gangster 2,Jopog manura 2: Dolaon jeonseol,2003,"Action,Comedy,Crime",Heung-sun Jeong,https://www.imdb.com/title/tt0364447/
tt0378428,Natural City,Naechureol siti,2003,"Action,Drama,Sci-Fi",Byung-chun Min,https://www.imdb.com/title/tt0378428/
tt0388003,North Korean Guys,Lost in the South,2003,Comedy,Ahn Jin-woo,https://www.imdb.com/title/tt0388003/
tt0387461,Ogu: A Hilarious Mourning,Ogu,2003,"Comedy,Drama",Yun-taek Lee,https://www.imdb.com/title/tt0387461/
tt0376018,Oh! Brothers,O! Beu-ra-deo-seu,2003,"Comedy,Drama,Family",Kim Yong-hwa,https://www.imdb.com/title/tt0376018/
tt0357978,Oh! Happy Day,Oh! Haepi dei,2003,"Comedy,Drama,Romance",Hak-ryul Yoon,https://www.imdb.com/title/tt0357978/
tt0364569,Oldboy,Oldeuboi,2003,"Action,Drama,Mystery",Park Chan-wook,https://www.imdb.com/title/tt0364569/
tt0378078,Once Upon a Time in the Battlefield,Hwangsanbul,2003,Comedy,Lee Joon-ik,https://www.imdb.com/title/tt0378078/
tt0359784,Oseam,Oseam,2003,"Animation,Family",Baek-yeob Seong,https://www.imdb.com/title/tt0359784/
tt0359841,Plastic Tree,Peulraseutik Teuri,2003,"Drama,Horror,Romance",Il-seon Eo,https://www.imdb.com/title/tt0359841/
tt0381716,Please Teach Me English,Yeongeo wanjeonjeongbok,2003,"Comedy,Romance",Sung Soo Kim,https://www.imdb.com/title/tt0381716/
tt4035840,Project X,Project X,2003,"Action,Crime,Drama",Han Sang-hee,https://www.imdb.com/title/tt4035840/
tt0364759,Reversal of Fortune,Yeokjeone sanda,2003,"Comedy,Drama",Yong-woon Park,https://www.imdb.com/title/tt0364759/
tt0387670,Rewind,Videoreul boneun namja,2003,"Drama,Romance",Kim Hak-soon,https://www.imdb.com/title/tt0387670/
tt0355972,Run 2 U,Run 2 U,2003,"Crime,Drama,Romance",Jeong-su Kang,https://www.imdb.com/title/tt0355972/
tt0354668,Save the Green Planet!,Jigureul jikyeora!,2003,"Comedy,Crime,Drama",Jang Joon-hwan,https://www.imdb.com/title/tt0354668/
tt0349517,Scent of Love,Gukhwaggot hyanggi,2003,"Drama,Romance",Lee Jeong-wook,https://www.imdb.com/title/tt0349517/
tt0352217,Season in the Sun,Boriului yeoreum,2003,"Action,Drama,Family",Min-Yong Lee,https://www.imdb.com/title/tt0352217/
tt0350121,Show Show Show,Show Show Show,2003,"Comedy,Drama",Jeong-ho Kim,https://www.imdb.com/title/tt0350121/
tt0387596,Silmido,Silmido,2003,"Action,Drama",Kang Woo-suk,https://www.imdb.com/title/tt0387596/
tt0382677,Silver Knife,Eunjangdo,2003,"Comedy,Romance",Seong-deok Kim,https://www.imdb.com/title/tt0382677/
tt0371226,Singles,Sing-geul-jeu,2003,"Comedy,Drama,Romance",Kwon Chil-in,https://www.imdb.com/title/tt0371226/
tt0353014,Sky Blue,Wonderful Days,2003,"Action,Adventure,Animation",Moon-saeng Kim,https://www.imdb.com/title/tt0353014/
tt0377042,Spring Breeze,Buleora bombaram,2003,"Comedy,Romance",Jang Hang-jun,https://www.imdb.com/title/tt0377042/
tt0374546,"Spring, Summer, Fall, Winter... and Spring",Bom yeoreum gaeul gyeoul geurigo bom,2003,"Drama,Romance",Kim Ki-duk,https://www.imdb.com/title/tt0374546/
tt0365484,Sweet Sex and Love,Mat-iss-neun Sek-seu Keu-ri-go Sa-lang,2003,Drama,Man-dae Bong,https://www.imdb.com/title/tt0365484/
tt0370402,Sword in the Moon,Cheongpung myeongwol,2003,"Action,Adventure,Drama",Kim Ui-seok,https://www.imdb.com/title/tt0370402/
tt0383271,The Circle,Seokkeul,2003,Thriller,Seung-bae Park,https://www.imdb.com/title/tt0383271/
tt0348568,The Classic,Keulraesik,2003,"Drama,Romance",Kwak Jae-young,https://www.imdb.com/title/tt0348568/
tt0390976,The Crescent Moon,Choseung-dal-gwa bam-bae,2003,Drama,Kil-soo Chang,https://www.imdb.com/title/tt0390976/
tt0353328,The First Amendment of Korea,First Amendment,2003,"Comedy,Drama",Kyeong-shik Song,https://www.imdb.com/title/tt0353328/
tt0374668,The Galgali Family and Dracula,Galgali familywa Dracula,2003,"Comedy,Family",Ki-nam Nam,https://www.imdb.com/title/tt0374668/
tt0381711,The Greatest Expectation,Widaehan yusan,2003,Comedy,Sang-hun Oh,https://www.imdb.com/title/tt0381711/
tt0377633,The Legend of Evil Lake,Cheonnyeon ho,2003,"Action,Drama,Fantasy",Kwang-hoon Lee,https://www.imdb.com/title/tt0377633/
tt0381577,The Road Taken,Seontaek,2003,Drama,Ki-Seon Hong,https://www.imdb.com/title/tt0381577/
tt0354440,The Star,Star,2003,"Drama,Romance",Hyeong-ik Jang,https://www.imdb.com/title/tt0354440/
tt0358345,The Uninvited,4 inyong shiktak,2003,"Drama,Horror,Thriller",Soo-youn Lee,https://www.imdb.com/title/tt0358345/
tt0339824,Tube,Tyubeu,2003,"Action,Crime,Drama",Woon-hak Baek,https://www.imdb.com/title/tt0339824/
tt0380689,Untold Scandal,Seukaendeul - Joseon namnyeo sangyeoljisa,2003,"Drama,Romance",Je-yong Lee,https://www.imdb.com/title/tt0380689/
tt0363211,Wild Card,Waildeu kadeu,2003,"Action,Comedy,Crime",Yoo-jin Kim,https://www.imdb.com/title/tt0363211/
tt0370082,Wishing Stairs,Yeogo goedam 3: Yeowoo gyedan,2003,"Drama,Horror",Jae-yeon Yun,https://www.imdb.com/title/tt0370082/
tt0395677,100 Days with Mr. Arrogant,Nae-sa-rang ssa-ga-ji,2004,"Comedy,Romance",Jo Byung-Suk,https://www.imdb.com/title/tt0395677/
tt0423866,3-Iron,Binjip,2004,"Crime,Drama,Romance",Kim Ki-duk,https://www.imdb.com/title/tt0423866/
tt0406794,A Family,Gajok,2004,Drama,Jeong-cheol Lee,https://www.imdb.com/title/tt0406794/
tt0428870,A Moment to Remember,Nae meorisokui jiwoogae,2004,"Drama,Romance",Park Kyung-Jin,https://www.imdb.com/title/tt0428870/
tt0435217,A Wacky Switch,Nadooya kanda,2004,Comedy,Yeon-won Jeong,https://www.imdb.com/title/tt0435217/
tt0404777,Arahan,Arahan jangpung daejakjeon,2004,"Action,Comedy,Fantasy",Ryoo Seung-wan,https://www.imdb.com/title/tt0404777/
tt0395452,"Au Revoir, UFO",Annyeong! UFO,2004,"Drama,Romance",Kim Jin-min,https://www.imdb.com/title/tt0395452/
tt5173506,Back to the Soil,Back to the Soil,2004,Documentary,Woojung Kwon,https://www.imdb.com/title/tt5173506/
tt1467299,Blade of the Phantom Master,Sin Amhaeng-eosa,2004,"Action,Animation,Fantasy",Jôji Shimura,https://www.imdb.com/title/tt1467299/
tt0406661,Clementine,Clementine,2004,"Action,Drama",Du-yeong Kim,https://www.imdb.com/title/tt0406661/
tt0431715,DMZ,"DMZ, bimujang jidae",2004,"Drama,War",Gyu-hyeong Lee,https://www.imdb.com/title/tt0431715/
tt0398082,Dance with Solitude,Godoki momburim childae,2004,"Comedy,Romance",Su-in Lee,https://www.imdb.com/title/tt0398082/
tt0400209,Dance with the Wind,Baramui jeonseol,2004,"Comedy,Music,Romance",Park Jeong-woo,https://www.imdb.com/title/tt0400209/
tt0410537,Dead Friend,Ryeong,2004,Horror,Tae-kyeong Kim,https://www.imdb.com/title/tt0410537/
tt0874886,Digital Short Films by Three Filmmakers 2004,Digital Short Films by Three Filmmakers 2004,2004,"Comedy,Drama,Romance",Gakuryû Ishii,https://www.imdb.com/title/tt0874886/
tt0422108,Doma Ahn Jung-geun,Thomas Ahn Joong-Keun,2004,"Action,Drama",Seo Se-won,https://www.imdb.com/title/tt0422108/
tt0385511,Don't Tell Papa,Appahago nahago,2004,"Comedy,Drama",Sang-hoon Lee,https://www.imdb.com/title/tt0385511/
tt0416080,Everybody Has Secrets,Nuguna bimileun itda,2004,"Comedy,Romance",Hyeon-su Jang,https://www.imdb.com/title/tt0416080/
tt0409947,Face,Peiseu,2004,"Drama,Horror",Sang-gon Yoo,https://www.imdb.com/title/tt0409947/
tt0398173,Father and Son: The Story of Mencius,Maengbu samcheon jigyo,2004,Comedy,Ji-yeong Kim,https://www.imdb.com/title/tt0398173/
tt0453085,Feathers in the Wind,Git,2004,"Drama,Romance",Song Il-gon,https://www.imdb.com/title/tt0453085/
tt0416499,Fighter in the Wind,Baramui paiteo,2004,"Action,Biography,Drama",Yun-ho Yang,https://www.imdb.com/title/tt0416499/
tt0432393,Flying Boys,Ballet gyoseubso,2004,Drama,Young-Joo Byun,https://www.imdb.com/title/tt0432393/
tt1021098,Foolish Game,Pulisi gae-im,2004,Drama,Sung-hyun Jung,https://www.imdb.com/title/tt1021098/
tt0420660,Ghost House,Gwishini sanda,2004,"Comedy,Horror",Kim Sang-jin,https://www.imdb.com/title/tt0420660/
tt0416070,How to Keep My Love,Nae namjaui romance,2004,"Comedy,Romance",Je-hyeon Park,https://www.imdb.com/title/tt0416070/
tt0389805,Ice Rain,Bingwoo,2004,"Adventure,Drama,Romance",Eun-seok Kim,https://www.imdb.com/title/tt0389805/
tt0332136,If Only,If Only,2004,"Comedy,Drama,Fantasy",Gil Junger,https://www.imdb.com/title/tt0332136/
tt0405101,Liar,La-i-eo,2004,Comedy,Kim Kyeong-hyeong,https://www.imdb.com/title/tt0405101/
tt0419135,"Love, So Divine",Shinbu sueob,2004,"Comedy,Romance",Heo In-moo,https://www.imdb.com/title/tt0419135/
tt0430780,Lovely Rivals,Yeoseonsaeng vs yeojeja,2004,"Comedy,Drama,Romance",Jang Kyu-sung,https://www.imdb.com/title/tt0430780/
tt0403100,Low Life,Raging Years,2004,"Action,Crime,Drama",Im Kwon-taek,https://www.imdb.com/title/tt0403100/
tt0452065,Marrying School Girl,Yeogosaeng sijipgagi,2004,Comedy,Duk-hwan Oh,https://www.imdb.com/title/tt0452065/
tt0396736,Mokpo the Harbor,Mokponeun hangguda,2004,"Action,Comedy",Kim Ji-hoon,https://www.imdb.com/title/tt0396736/
tt0423293,Mr. Gam's Victory,Superstar Gam Sa-Yong,2004,"Action,Comedy,Drama",Kim Jong-hyun,https://www.imdb.com/title/tt0423293/
tt0398045,Mr. Handy,Eodiseonga nugungae museunili saengkimyeon teulrimeobshi natananda Hong Ban-jang,2004,"Comedy,Romance",Seok-beom Kang,https://www.imdb.com/title/tt0398045/
tt0423461,My Brother,Uri hyeong,2004,Drama,Kwon-tae Ahn,https://www.imdb.com/title/tt0423461/
tt0439716,My Generation,Mai jeneoreisheon,2004,Drama,No Dong-seok,https://www.imdb.com/title/tt0439716/
tt0395140,My Little Bride,Eorin shinbu,2004,"Comedy,Drama,Romance",Kim Ho-joon,https://www.imdb.com/title/tt0395140/
tt0417782,"My Mother, the Mermaid",Ineogongju,2004,"Drama,Fantasy,Romance",Heung-sik Park,https://www.imdb.com/title/tt0417782/
tt0390205,Once Upon a Time in High School: The Spirit of Jeet Kune Do,The Spirit of Jeet Kune Do,2004,"Action,Drama,History",Ha Yoo,https://www.imdb.com/title/tt0390205/
tt7604438,Pororo to the Cookie Castle,Pororo to the Cookie Castle,2004,Animation,Kim Hyun-Ho,https://www.imdb.com/title/tt7604438/
tt0407815,Possible Changes,Ganeunghan byeonhwadeul,2004,Drama,Byeong-guk Min,https://www.imdb.com/title/tt0407815/
tt0448707,Red Eye,Redeu-ai,2004,Horror,Dong-bin Kim,https://www.imdb.com/title/tt0448707/
tt0416073,Romance of Their Own,Neukdaeui yuhok,2004,"Action,Drama,Romance",Kim Tae-gyun,https://www.imdb.com/title/tt0416073/
tt0426196,S Diary,Eseu daieoli,2004,"Comedy,Romance",Kwon Jong-kwan,https://www.imdb.com/title/tt0426196/
tt0397619,Samaritan Girl,Samaria,2004,Drama,Kim Ki-duk,https://www.imdb.com/title/tt0397619/
tt0384504,Saving Face,세이빙 페이스,2004,"Comedy,Drama,Romance",Alice Wu,https://www.imdb.com/title/tt0384504/
tt0440798,Shin Suk-ki blues,Shin Suk-ki blues,2004,"Comedy,Drama",Kim Do-hyeok,https://www.imdb.com/title/tt0440798/
tt0453907,Shin Sung-Il is Lost,Shin Sung-il-eui hangbang-bulmyung,2004,Drama,Jane Shin,https://www.imdb.com/title/tt0453907/
tt0453127,Shit Up!,Kkabuljima,2004,Comedy,Oh Ji Myung,https://www.imdb.com/title/tt0453127/
tt0368769,So Cute,Gwiyeowo,2004,"Comedy,Drama",Soo-Hyun Kim,https://www.imdb.com/title/tt0368769/
tt0424448,Some,Sseom,2004,"Action,Crime,Mystery",Yun-hyeon Jang,https://www.imdb.com/title/tt0424448/
tt0409696,Someone Special,Aneun yeoja,2004,"Comedy,Romance",Jang Jin,https://www.imdb.com/title/tt0409696/
tt0407821,Spider Forest,Geomi sup,2004,"Drama,Horror,Mystery",Song Il-gon,https://www.imdb.com/title/tt0407821/
tt0406713,Spin Kick,Dolryeochagi,2004,"Action,Comedy",Sang-guk Nam,https://www.imdb.com/title/tt0406713/
tt0420646,Springtime,Ggotpineun bomi omyeon,2004,"Drama,Music",Jang-ha Ryu,https://www.imdb.com/title/tt0420646/
tt0390043,Spy Girl,Geunyeoreul moreumyeon gancheob,2004,"Action,Comedy,Romance",Han-jun Park,https://www.imdb.com/title/tt0390043/
tt0447468,Sund@y Seoul,Sund@y Seoul,2004,Drama,Myung-hoon Oh,https://www.imdb.com/title/tt0447468/
tt0386064,Tae Guk Gi: The Brotherhood of War,Taegukgi hwinallimyeo,2004,"Action,Drama,War",Kang Je-kyu,https://www.imdb.com/title/tt0386064/
tt0428055,The Bad Utterances,Yangachi eojo,2004,Drama,Beom-gu Cho,https://www.imdb.com/title/tt0428055/
tt0402842,The Big Swindle,Beomjweui jaeguseong,2004,"Action,Comedy,Crime",Choi Dong-hoon,https://www.imdb.com/title/tt0402842/
tt0416853,The Doll Master,Inhyeongsa,2004,"Horror,Thriller",Jeong Yong-ki,https://www.imdb.com/title/tt0416853/
tt4223956,The Gate of Truth,Jin-shil-eh moon,2004,Documentary,Hee-chul Kim,https://www.imdb.com/title/tt4223956/
tt0415819,The Guy Was Cool,Geu nomeun meotisseossda,2004,"Comedy,Romance",Lee Hwan-kyung,https://www.imdb.com/title/tt0415819/
tt0419730,The Hypnotized,Eolguleobtneun minyeo,2004,"Mystery,Romance,Thriller",Kim In-shik,https://www.imdb.com/title/tt0419730/
tt0400621,The Last Wolf,Majimak neukdae,2004,Comedy,Ja-hong Koo,https://www.imdb.com/title/tt0400621/
tt0396028,The Magic Police,Galgaliwa Ok Dong-ja: Mabeob gyeongchal,2004,"Comedy,Family",Han-yeol Lee,https://www.imdb.com/title/tt0396028/
tt0406853,The President's Barber,Hyojadong ibalsa,2004,"Comedy,Drama",Chan-sang Lim,https://www.imdb.com/title/tt0406853/
tt0427411,The Scarlet Letter,Juhong geulshi,2004,"Drama,Mystery,Romance",Hyuk Byun,https://www.imdb.com/title/tt0427411/
tt0436979,This Charming Girl,"Yeoja, Jeong-hye",2004,Drama,Yoon-ki Lee,https://www.imdb.com/title/tt0436979/
tt0420251,Three... Extremes,"Three, Monster",2004,Horror,Fruit Chan,https://www.imdb.com/title/tt0420251/
tt0420183,To Catch a Virgin Ghost,Sisily 2km,2004,"Comedy,Crime,Horror",Jeong-won Shin,https://www.imdb.com/title/tt0420183/
tt0390042,Too Beautiful to Lie,Geunyeoreul midji maseyo,2004,"Comedy,Romance",Hyeong-jun Bae,https://www.imdb.com/title/tt0390042/
tt0414624,Two Guys,Tu gaijeu,2004,"Action,Comedy",Hun-Su Park,https://www.imdb.com/title/tt0414624/
tt2773032,We Are Workers or Not,Nodongjada anida,2004,Documentary,Mire Kim,https://www.imdb.com/title/tt2773032/
tt2111401,What Do People Live For,Sa-ram-eun mu-eot-eu-lo sa-neun-ga,2004,Documentary,Kyung-soon Lee,https://www.imdb.com/title/tt2111401/
tt0398663,When I Turned Nine,Ahobsal insaeng,2004,Drama,In-ho Yun,https://www.imdb.com/title/tt0398663/
tt0396584,Who's Got the Tape?,Eoggaedongmu,2004,"Comedy,Crime",Jin-gyu Cho,https://www.imdb.com/title/tt0396584/
tt0409072,Windstruck,Nae yeojachingureul sogae habnida,2004,"Comedy,Crime,Drama",Kwak Jae-young,https://www.imdb.com/title/tt0409072/
tt0415689,Witch Board: Bunshinsaba,Bunshinsaba,2004,"Horror,Thriller",Byeong-ki Ahn,https://www.imdb.com/title/tt0415689/
tt0403692,Woman Is the Future of Man,Yeojaneun namjaui miraeda,2004,"Drama,Romance",Hong Sang-soo,https://www.imdb.com/title/tt0403692/
tt0456912,A Bittersweet Life,Dalkomhan insaeng,2005,"Action,Crime,Drama",Kim Jee-woon,https://www.imdb.com/title/tt0456912/
tt0464651,A Bold Family,Gan-keun gajok,2005,"Comedy,Drama",Jo Myeong-nam,https://www.imdb.com/title/tt0464651/
tt0488031,A Boy Who Went to Heaven,"Sonyeon, Cheonguk-e gada",2005,Romance,Tae-yeong Yun,https://www.imdb.com/title/tt0488031/
tt2772996,A Great Actor,Joeun baewoo,2005,Drama,Shin Yeon-shick,https://www.imdb.com/title/tt2772996/
tt0479724,All for Love,Naesaengae gajang areumdawun iljuil,2005,"Comedy,Drama,Romance",Kyu-dong Min,https://www.imdb.com/title/tt0479724/
tt2111262,"Annyeong, sayonara","Annyeong, sayonara",2005,Documentary,Kumiko Kato,https://www.imdb.com/title/tt2111262/
tt0433328,Another Public Enemy,Gonggongui jeog 2,2005,"Action,Drama",Kang Woo-suk,https://www.imdb.com/title/tt0433328/
tt0462703,Antarctic Journal,Namgeuk-ilgi,2005,"Horror,Mystery,Thriller",Pil-sung Yim,https://www.imdb.com/title/tt0462703/
tt0448663,April Snow,Oechul,2005,"Drama,Romance",Hur Jin-ho,https://www.imdb.com/title/tt0448663/
tt0492650,Art of Seduction,Jakeob-ui jeongseok,2005,"Comedy,Romance",Oh Ki-hwan,https://www.imdb.com/title/tt0492650/
tt0462684,Blood Rain,Hyeol-eui-noo,2005,"Mystery,Thriller",Kim Dae-seung,https://www.imdb.com/title/tt0462684/
tt0481815,Blossom Again,Sarangni,2005,"Drama,Romance",Jung Ji-woo,https://www.imdb.com/title/tt0481815/
tt0409811,Blue Swallow,Cheong yeon,2005,"Biography,Drama,Romance",Jong-chan Yun,https://www.imdb.com/title/tt0409811/
tt1489146,Brain Wave,Brain Wave,2005,Sci-Fi,Terra Shin,https://www.imdb.com/title/tt1489146/
tt0488726,"Bravo, My Life!",Saranghae malsoonssi,2005,Drama,Heung-sik Park,https://www.imdb.com/title/tt0488726/
tt0463441,Camellia Project: Three Queer Stories at Bogil Island,Dongbaek-kkot,2005,Drama,Choi Jin-sung,https://www.imdb.com/title/tt0463441/
tt0475532,Cello,Chello hongmijoo ilga salinsagan,2005,"Horror,Music,Mystery",Lee Woo-cheol,https://www.imdb.com/title/tt0475532/
tt0468693,Chulsoo & Younghee,Chulsoo & Younghee,2005,"Comedy,Fantasy,Romance",Gyu-deok Hwang,https://www.imdb.com/title/tt0468693/
tt2111339,Coréen 2495,Kkoleng 2495,2005,Documentary,Joon-soo Ha,https://www.imdb.com/title/tt2111339/
tt0448678,Cracked Eggs and Noodles,Pasongsong gyerantak,2005,"Comedy,Drama",Sang-hun Oh,https://www.imdb.com/title/tt0448678/
tt0457007,Crying Fist,Jumeogi unda,2005,"Action,Drama,Sport",Ryoo Seung-wan,https://www.imdb.com/title/tt0457007/
tt0492454,Dear Pyongyang,디어 평양,2005,Documentary,Yong-hi Yang,https://www.imdb.com/title/tt0492454/
tt0475557,Diary of June,Yu-wol-ui il-gi,2005,"Crime,Drama,Mystery",Im Kyung-soo,https://www.imdb.com/title/tt0475557/
tt0835823,Don't Look Back,Nae cheongchun-ege goham,2005,Romance,Young-nam Kim,https://www.imdb.com/title/tt0835823/
tt0475616,Duelist,Hyeongsa,2005,"Action,Comedy,Mystery",Lee Myung-se,https://www.imdb.com/title/tt0475616/
tt0470745,Empress Chung,Wanghu simcheong,2005,"Animation,Drama,Fantasy",Nelson Shin,https://www.imdb.com/title/tt0470745/
tt3384800,Faceless Things,Eolgul eopnun geotdul,2005,Drama,Kim Kyung-mook,https://www.imdb.com/title/tt3384800/
tt0494678,Five Is Too Many,Daseoseun neomu manha,2005,Drama,Ahn Seul-gi,https://www.imdb.com/title/tt0494678/
tt1368466,Geo-Lobotomy,Noejeolgaesul,2005,"Horror,Sci-Fi",Gok Kim,https://www.imdb.com/title/tt1368466/
tt0436639,Green Chair,Noksaek uija,2005,"Drama,Romance",Cheol-su Park,https://www.imdb.com/title/tt0436639/
tt30889458,Haan,Haan,2005,War,Lee Soo-in,https://www.imdb.com/title/tt30889458/
tt0470711,Heaven's Soldiers,Cheon gun,2005,"Action,Comedy,Sci-Fi",Joon-ki Min,https://www.imdb.com/title/tt0470711/
tt0479634,"Hello, Brother","Annyeong, hyeonga",2005,Drama,Tai-hyung Lim,https://www.imdb.com/title/tt0479634/
tt0765500,Host & Guest,Host & Guest,2005,Drama,Dong-il Shin,https://www.imdb.com/title/tt0765500/
tt13545090,If You Were Me: Anima Vision,Byeol byeol i-ya-gi,2005,Animation,Hyeong-yoon Jang,https://www.imdb.com/title/tt13545090/
tt0464636,Innocent Steps,Daenseo-ui sunjeong,2005,"Comedy,Drama,Music",Young-hoon Park,https://www.imdb.com/title/tt0464636/
tt0453115,"Jenny, Juno","Jeni, Juno",2005,Comedy,Kim Ho-joon,https://www.imdb.com/title/tt0453115/
tt0451094,Lady Vengeance,Chinjeolhan geumjassi,2005,"Crime,Drama,Thriller",Park Chan-wook,https://www.imdb.com/title/tt0451094/
tt0479697,Lee Dae-ro Can't Die,"Lee Dae-ro, jook-eul soon eobs-da",2005,"Action,Comedy",Yeong-eun Lee,https://www.imdb.com/title/tt0479697/
tt0430352,Long & Winding Road,Eum-ma,2005,Drama,Sung-Joo Koo,https://www.imdb.com/title/tt0430352/
tt0488807,Love Is a Crazy Thing,Yeonae,2005,Romance,Seok-geun Oh,https://www.imdb.com/title/tt0488807/
tt0487945,Love Talk,Leo-beu-to-keu,2005,Drama,Yoon-ki Lee,https://www.imdb.com/title/tt0487945/
tt0464761,Love in Magic,Yeonae-sulsa,2005,"Comedy,Romance",Se-Hwan Cheon,https://www.imdb.com/title/tt0464761/
tt0492533,Lover,Aein,2005,"Drama,Romance",Eun-tae Kim,https://www.imdb.com/title/tt0492533/
tt0448621,Marathon,Maraton,2005,"Biography,Drama,Sport",Yoon-Chul Jung,https://www.imdb.com/title/tt0448621/
tt0479669,Marrying the Mafia 2: Enemy-in-Law,Gamunui wigi: Gamunui yeonggwang 2,2005,"Action,Comedy,Crime",Jeong Yong-ki,https://www.imdb.com/title/tt0479669/
tt0479716,Mr. Housewife,Mi-seu-teo joo-boo-kwi-jeu-wang,2005,Comedy,Seon-Dong Yu,https://www.imdb.com/title/tt0479716/
tt0488762,Mr. Socrates,Miseuteo Sokeurateseu,2005,"Action,Crime",Jin-won Choi,https://www.imdb.com/title/tt0488762/
tt5570950,"Mudeungsan Tarzan, Park Heung-Suk","Mudeungsan Tarzan, Park Heung-Suk",2005,Action,Woo-sang Park,https://www.imdb.com/title/tt5570950/
tt0475517,"Murder, Take One",Baksu-chiltae deonara,2005,"Comedy,Drama,Mystery",Jang Jin,https://www.imdb.com/title/tt0475517/
tt0452972,My Boyfriend Is Type-B,B-hyeong namja chingu,2005,"Comedy,Romance",Seok-won Choi,https://www.imdb.com/title/tt0452972/
tt0483918,Never to Lose,Kangryeok 3Ban,2005,"Action,Drama,Thriller",Hee-chang Son,https://www.imdb.com/title/tt0483918/
tt31850426,Olympus Guardian the Movie,Olympus Guardian the Movie,2005,"Adventure,Animation,Fantasy",Kim Jun,https://www.imdb.com/title/tt31850426/
tt0488174,Princess Aurora,Princess Aurora,2005,"Crime,Drama,Mystery",Pang Eun-jin,https://www.imdb.com/title/tt0488174/
tt0783720,Road,Gil,2005,Drama,Bae Chang-ho,https://www.imdb.com/title/tt0783720/
tt0464762,Rules of Dating,Yeonae-ui mokjeok,2005,"Comedy,Romance",Han Jae-rim,https://www.imdb.com/title/tt0464762/
tt0475711,Sad Movie,Saedeu mubi,2005,"Comedy,Drama,Romance",Kwon Jong-kwan,https://www.imdb.com/title/tt0475711/
tt0475590,Scary Hair,Gabal,2005,"Drama,Horror",Won Shin-yeon,https://www.imdb.com/title/tt0475590/
tt0488763,Shadowless Sword,Shadowless Sword,2005,"Action,Adventure,History",Young-jun Kim,https://www.imdb.com/title/tt0488763/
tt0456999,She's on Duty,Jambok-geunmu,2005,"Action,Comedy,Crime",K.C. Park,https://www.imdb.com/title/tt0456999/
tt0478025,Sorry Apple,Sa-kwa,2005,"Drama,Romance",Yi-kwan Kang,https://www.imdb.com/title/tt0478025/
tt0778120,Sunday Seoul,Ssunday Seoul,2005,Comedy,Sung-hun Park,https://www.imdb.com/title/tt0778120/
tt0461795,Tale of Cinema,Geuk-jang-jeon,2005,Drama,Hong Sang-soo,https://www.imdb.com/title/tt0461795/
tt0464692,The Aggressives,Taepungtaeyang,2005,Drama,Jae-eun Jeong,https://www.imdb.com/title/tt0464692/
tt0485553,The Beast and the Beauty,Yasuwa minyeo,2005,"Comedy,Romance",Kae-Byeok Lee,https://www.imdb.com/title/tt0485553/
tt0456470,The Bow,Hwal,2005,"Drama,Romance",Kim Ki-duk,https://www.imdb.com/title/tt0456470/
tt0492835,The King and the Clown,Wang-ui namja,2005,"Drama,History",Lee Joon-ik,https://www.imdb.com/title/tt0492835/
tt0796825,The Magicians,Mabeopsadul,2005,Drama,Song Il-gon,https://www.imdb.com/title/tt0796825/
tt0492479,The Peter Pan Formula,Piteopaeneui gongshik,2005,Drama,Cho Chang-ho,https://www.imdb.com/title/tt0492479/
tt0445396,The President's Last Bang,The People of Those Days,2005,"Comedy,Drama,History",Im Sang-soo,https://www.imdb.com/title/tt0445396/
tt0468683,The Red Shoes,Bunhongsin,2005,"Horror,Mystery,Thriller",Kim Yong-gyun,https://www.imdb.com/title/tt0468683/
tt0480685,The Showdown,Geochilmaru,2005,Action,Jin-seong Kim,https://www.imdb.com/title/tt0480685/
tt6172540,The Squishees,Seu-kwi-si-laen-deu,2005,"Adventure,Animation,Family",Tayk Kim,https://www.imdb.com/title/tt6172540/
tt0363141,The Toy Warrior,The Toy Warrior,2005,"Animation,Family,Fantasy",Kyung Won Lim,https://www.imdb.com/title/tt0363141/
tt0464760,The Twins,Yeokjeon-ui myeongsu,2005,"Comedy,Crime",Park Heung-sik,https://www.imdb.com/title/tt0464760/
tt0499274,The Unforgiven,Yongseobadji mothan ja,2005,Drama,Yoon Jong-bin,https://www.imdb.com/title/tt0499274/
tt0479689,The Windmill Palm Grove,Jongryeonamu sup,2005,"Drama,Romance",Sang-wook Yu,https://www.imdb.com/title/tt0479689/
tt0475750,Typhoon,Tae-poong,2005,Action,Kwak Kyung-taek,https://www.imdb.com/title/tt0475750/
tt0470967,Voice,Yeogo goedam 4: Moksori,2005,Horror,Equan Choi,https://www.imdb.com/title/tt0470967/
tt0492702,Wedding Campaign,Naui gyeolhon wonjeonggi,2005,"Comedy,Drama,Romance",Hwang Byeong-guk,https://www.imdb.com/title/tt0492702/
tt0475783,Welcome to Dongmakgol,Welkkeom tu Dongmakgol,2005,"Comedy,Drama,War",Kwang-Hyun Park,https://www.imdb.com/title/tt0475783/
tt0453161,Wet Dreams 2,Mongjunggi 2,2005,Comedy,Cho-Sin Jung,https://www.imdb.com/title/tt0453161/
tt1611219,What Are We Waiting For?,What Are We Waiting for?,2005,Documentary,Hyun Kyung Kim,https://www.imdb.com/title/tt1611219/
tt0488736,When Romance Meets Destiny,Gwangshiki dongsaeng gwangtae,2005,"Comedy,Romance",Kim Hyun-seok,https://www.imdb.com/title/tt0488736/
tt0479773,You Are My Sunshine,Neoneun nae unmyeong,2005,"Drama,Romance",Park Jin-Pyo,https://www.imdb.com/title/tt0479773/
tt4697382,192-399: A Story About the House Living Together,192-399: A Story About the House Living Together,2006,Documentary,Hyun-jung Lee,https://www.imdb.com/title/tt4697382/
tt0940642,200 Pounds Beauty,Minyeo-neun goerowo,2006,"Comedy,Drama,Music",Kim Yong-hwa,https://www.imdb.com/title/tt0940642/
tt0821462,A Bloody Aria,Guta-yubalja-deul,2006,"Action,Comedy,Drama",Won Shin-yeon,https://www.imdb.com/title/tt0821462/
tt0956159,A Cruel Attendance,Janhokhan chulgeun,2006,"Comedy,Crime",Kim Tae-yoon,https://www.imdb.com/title/tt0956159/
tt0821442,A Dirty Carnival,Biyeolhan geori,2006,"Action,Crime,Drama",Ha Yoo,https://www.imdb.com/title/tt0821442/
tt0757157,A Millionaire's First Love,Baekmanjangja-ui cheot-sarang,2006,"Drama,Romance",Kim Tae-gyun,https://www.imdb.com/title/tt0757157/
tt3161742,A Shark,Sang-eo,2006,Drama,Dong-Hyun Kim,https://www.imdb.com/title/tt3161742/
tt3232448,A Short LIfe: JJalbeun Insaeng,A Short LIfe: JJalbeun Insaeng,2006,Drama,Kyung-lee An,https://www.imdb.com/title/tt3232448/
tt0960716,A.k.a. Nikki S. Lee,Niki ri rado alryeojin,2006,Drama,Nikki S. Lee,https://www.imdb.com/title/tt0960716/
tt0904038,Ad Lib Night,Aju teukbyeolhan sonnim,2006,Drama,Yoon-ki Lee,https://www.imdb.com/title/tt0904038/
tt0329239,After War,Jeonjaeng geu ihu,2006,Drama,Seung-wook Moon,https://www.imdb.com/title/tt0329239/
tt0777808,Almost Love,Cheongchun-manhwa,2006,"Comedy,Romance",Lee Han,https://www.imdb.com/title/tt0777808/
tt0826024,Apt,Apateu,2006,"Horror,Thriller",Byeong-ki Ahn,https://www.imdb.com/title/tt0826024/
tt0826031,Arang,Arang,2006,"Horror,Thriller",Ahn Sang-hoon,https://www.imdb.com/title/tt0826031/
tt0902964,Bar Leged,Ddukbang,2006,"Action,Crime",Beom-gu Cho,https://www.imdb.com/title/tt0902964/
tt0845477,Barefoot Kibong,Maenbal-ui Kibong-i,2006,"Comedy,Drama",Kwon Su-kyung,https://www.imdb.com/title/tt0845477/
tt0969368,Before the Summer Passes Away,Yeoreumi gagi-jeone,2006,"Drama,Romance",Ji-hye Sung,https://www.imdb.com/title/tt0969368/
tt0994911,Between,Sai-e-seo,2006,Documentary,Chang-jae Lee,https://www.imdb.com/title/tt0994911/
tt0870969,Between Love and Hate,Yeon-ae-geu-cham-eul-soo-eop-neun-ga-byeo-woom,2006,"Comedy,Romance",Kim Hae-gon,https://www.imdb.com/title/tt0870969/
tt0778159,Bewitching Attraction,Yeogyosu-ui eunmilhan maeryeok,2006,"Comedy,Romance",Ha Lee,https://www.imdb.com/title/tt0778159/
tt0870958,Bloody Reunion,Seuseung-ui eunhye,2006,"Horror,Mystery,Thriller",Dae-wung Lim,https://www.imdb.com/title/tt0870958/
tt0816437,Bloody Tie,Sasaeng gyeoldan,2006,"Action,Crime,Drama",Ho Choi,https://www.imdb.com/title/tt0816437/
tt0994998,Boys of Tomorrow,Woo-ri-e-ge Nae-il-eun Up-da,2006,Drama,No Dong-seok,https://www.imdb.com/title/tt0994998/
tt2502568,Cheaters,Nae yeojaeui namja chingu,2006,"Comedy,Drama,Romance",Seong-beom Park,https://www.imdb.com/title/tt2502568/
tt0845442,Cinderella,Sin-de-rel-la,2006,"Horror,Thriller",Man-dae Bong,https://www.imdb.com/title/tt0845442/
tt0969367,Cruel Winter Blues,Yeolhyeol-nama,2006,"Action,Crime,Drama",Lee Jeong-beom,https://www.imdb.com/title/tt0969367/
tt0473028,Dasepo Naughty Girls,Dasepo sonyo,2006,"Comedy,Fantasy,Musical",Je-yong Lee,https://www.imdb.com/title/tt0473028/
tt0943958,Driving with My Wife's Lover,Ane-eui aein-eul mannada,2006,Drama,Kim Tai-sik,https://www.imdb.com/title/tt0943958/
tt0816584,Family Matters,"Modu-deul, goenchanhayo?",2006,"Comedy,Drama",Sun-ho Nam,https://www.imdb.com/title/tt0816584/
tt0823462,Family Ties,Gajokeui tansaeng,2006,Drama,Kim Tae-yong,https://www.imdb.com/title/tt0823462/
tt0927575,February 29,2 wol 29 il,2006,"Horror,Thriller",Jong-hoon Jung,https://www.imdb.com/title/tt0927575/
tt0875008,Fly High,Sa-rang-ha-ni-gga-gwen-chan-a,2006,Romance,Ji-kyoon Kwak,https://www.imdb.com/title/tt0875008/
tt0857334,"Fly, Daddy, Fly","Peullai, daedi",2006,Drama,Jong-tae Choi,https://www.imdb.com/title/tt0857334/
tt0821463,For Horowitz,Horobicheu-reul wihayeo,2006,Drama,Kwon Hyeong-jin,https://www.imdb.com/title/tt0821463/
tt0757194,Forbidden Quest,Eum-lan-seo-seng,2006,"Comedy,Drama,Romance",Kim Dae-woo,https://www.imdb.com/title/tt0757194/
tt0927615,Four Horror Tales - Dark Forest,Juk-eum-yi soop,2006,Horror,Jung-min Kim,https://www.imdb.com/title/tt0927615/
tt0927627,Four Horror Tales - Hidden Floor,Nebeonjjae cheung - Eoneunal kabjagi doobeonjjae iyagi,2006,Horror,Ho-Young Kwon,https://www.imdb.com/title/tt0927627/
tt0927595,Four Horror Tales: Roommates,Eoh-neu-nal-gap-ja-gi D-Day,2006,Horror,Eun-kyung Kim,https://www.imdb.com/title/tt0927595/
tt0943966,Friendly and Harmonious,Hwagi aeae,2006,Drama,Hui-seon Jang,https://www.imdb.com/title/tt0943966/
tt2815484,Gajok chosanghwa,Gajok chosanghwa,2006,Documentary,Young-jo Kim,https://www.imdb.com/title/tt2815484/
tt0891562,Gangster High,Pongryeok-sseokeul,2006,"Action,Crime",Ki-hyeong Park,https://www.imdb.com/title/tt0891562/
tt0473490,Hanbando,Hanbando,2006,"Drama,Mystery,Thriller",Kang Woo-suk,https://www.imdb.com/title/tt0473490/
tt1710565,Hearty Paws,Ma-eum-i...,2006,Drama,Eun-Hyung Park,https://www.imdb.com/title/tt1710565/
tt4226126,Heavenly Path,Cheonsanggowon,2006,Drama,Kim Eung-soo,https://www.imdb.com/title/tt4226126/
tt0757223,Holiday,Holli-dei,2006,"Action,Crime,Drama",Yun-ho Yang,https://www.imdb.com/title/tt0757223/
tt0882824,Holy Daddy,Won-tak-eui cheon-sa,2006,"Comedy,Fantasy",Seong-gook Kwon,https://www.imdb.com/title/tt0882824/
tt1581307,Honeymoon,Honeymoon,2006,"Action,Drama,Romance",Sejin Hur,https://www.imdb.com/title/tt1581307/
tt0956208,Hot for Teacher,Nuga geunyeo-wa jasseulkka?,2006,Comedy,Yoo-sung Kim,https://www.imdb.com/title/tt0956208/
tt1020517,How the Lack of Love Affects Two Men,Aejeonggyeolpili doo namjaege michineun yenghyang,2006,Comedy,Kim Seong-hun,https://www.imdb.com/title/tt1020517/
tt0497137,"I'm a Cyborg, But That's OK",Ssa-i-bo-geu-ji-man-gwen-chan-a,2006,"Comedy,Drama,Romance",Park Chan-wook,https://www.imdb.com/title/tt0497137/
tt0902250,Ice Bar,Aiseu-keki,2006,"Comedy,Drama",In-kwang Yeo,https://www.imdb.com/title/tt0902250/
tt0757874,If You Were Me 2,Daseot gae ui shiseon,2006,Drama,Kim Dong-won,https://www.imdb.com/title/tt0757874/
tt3838870,If You Were Me 3,Saebeonjjae Siseon,2006,Drama,No Dong-seok,https://www.imdb.com/title/tt3838870/
tt0492463,In Between Days,Banghwangeui Naldeul,2006,Drama,So Yong Kim,https://www.imdb.com/title/tt0492463/
tt0994819,"Korean Don Quixote, Lee Hise","Korean Don Quixote, Lee Hise",2006,Documentary,Hyun-jung Choi,https://www.imdb.com/title/tt0994819/
tt0826099,Les formidables,Gang-jeok,2006,"Action,Crime,Drama",Cho Min-ho,https://www.imdb.com/title/tt0826099/
tt0889064,Like a Virgin,Cheonhajangsa madonna,2006,"Comedy,Sport",Lee Hae-jun,https://www.imdb.com/title/tt0889064/
tt0904068,Love Me Not,Sarang-ttawin piryo-eopseo,2006,"Drama,Romance",Lee Cheol-ha,https://www.imdb.com/title/tt0904068/
tt0777837,Love Phobia,Domabaem,2006,"Comedy,Drama,Romance",Ji-eun Kang,https://www.imdb.com/title/tt0777837/
tt0438986,Lump of Sugar,Gakseoltang,2006,"Drama,Romance",Lee Hwan-kyung,https://www.imdb.com/title/tt0438986/
tt0870967,Maundy Thursday,Urideul-ui haengbok-han shigan,2006,"Drama,Romance",Song Hae-sung,https://www.imdb.com/title/tt0870967/
tt2006830,Midnight Ballad for Ghost Theater,Sam-geo-ri Geuk-jang,2006,"Comedy,Fantasy,Horror",Kye Soo Jeon,https://www.imdb.com/title/tt2006830/
tt0891511,Mission Sex Control,Jal sarabose,2006,Comedy,Ahn Jin-woo,https://www.imdb.com/title/tt0891511/
tt0806124,Monopoly,Monopoly,2006,"Crime,Mystery,Thriller",Hang-bae Lee,https://www.imdb.com/title/tt0806124/
tt0385880,Monster House,Monster House,2006,"Animation,Comedy,Family",Gil Kenan,https://www.imdb.com/title/tt0385880/
tt0891540,Moodori,Mudori,2006,Comedy,Hyeong-seon Lee,https://www.imdb.com/title/tt0891540/
tt0891485,Movie: Marrying the Mafia 3 - Family Hustle,Gamunui buhwal: Gamunui yeonggwang 3,2006,"Comedy,Crime,Drama",Jeong Yong-ki,https://www.imdb.com/title/tt0891485/
tt0821517,Mr. Wacky,"Saeng, nalseonsaeng",2006,"Comedy,Romance",Dong-wook Kim,https://www.imdb.com/title/tt0821517/
tt0757353,"My Boss, My Teacher",Tusabu Ilche,2006,"Action,Comedy",Kim Dong-won,https://www.imdb.com/title/tt0757353/
tt0821484,"My Captain, Mr. Underground","Mai kaeptin, Kim Dae-chul",2006,Comedy,Chang-su Song,https://www.imdb.com/title/tt0821484/
tt0984211,My Friend & His Wife,"Naui chingu, geuui anae",2006,Drama,Dong-il Shin,https://www.imdb.com/title/tt0984211/
tt0788052,My Scary Girl,"Dal-kom, sal-beol-han yeon-in",2006,"Comedy,Crime,Drama",Son Jae-gon,https://www.imdb.com/title/tt0788052/
tt2419224,Never Belongs to Me,Samgoeori moostang sonyun-ui chwehoo,2006,Thriller,Gee-woong Nam,https://www.imdb.com/title/tt2419224/
tt0856052,No Mercy for the Rude,Yeui-eomneun geotdeul,2006,"Action,Comedy,Crime",Cheol-hie Park,https://www.imdb.com/title/tt0856052/
tt0788252,Now and Forever,Yeolliji,2006,"Comedy,Drama,Romance",Seong-jung Kim,https://www.imdb.com/title/tt0788252/
tt0757210,Oh! My God,Guseju,2006,"Action,Comedy,Romance",Jeong-woo Kim,https://www.imdb.com/title/tt0757210/
tt0978356,Old Miss Diary,Oldeumiseu Daieori geukjang-pan,2006,"Comedy,Romance",Suk-Yoon Kim,https://www.imdb.com/title/tt0978356/
tt3838692,"On the Road, Two","On the Road, Two",2006,"Documentary,Music",Kim Tae-yong,https://www.imdb.com/title/tt3838692/
tt0923703,Once in a Summer,Geuhae yeoreum,2006,"Drama,Romance",Geun-shik Jo,https://www.imdb.com/title/tt0923703/
tt0492707,One Shining Day,Nunbushin haru,2006,Drama,Kim Jong-kwan,https://www.imdb.com/title/tt0492707/
tt2111474,Our School,Uli hakgyo,2006,Documentary,Myung-Joon Kim,https://www.imdb.com/title/tt2111474/
tt0816257,Over the Border,Gukgyeong-ui namjjok,2006,Drama,Pan-suk Ahn,https://www.imdb.com/title/tt0816257/
tt5165080,Pasanui gisul,The Description of Bankruptcy,2006,Documentary,Kang-hyun Lee,https://www.imdb.com/title/tt5165080/
tt0892759,People Crossing the River,Gang-eul geonneoneun saramdeul,2006,Documentary,Duk-chul Kim,https://www.imdb.com/title/tt0892759/
tt0994893,Pruning the Grapevine,Podo-namulul be-a-ra,2006,Drama,Byung-hun Min,https://www.imdb.com/title/tt0994893/
tt0870915,Puzzle,"Dunoeyuhui Peurojekteu, Peojeul",2006,"Crime,Thriller",Tae-kyung Kim,https://www.imdb.com/title/tt0870915/
tt0891577,Radio Star,Ra-dee-o-seu-ta,2006,"Comedy,Drama,Music",Lee Joon-ik,https://www.imdb.com/title/tt0891577/
tt0891488,Righteous Ties,Geo-rook-han-ge-bo,2006,"Comedy,Crime,Drama",Jang Jin,https://www.imdb.com/title/tt0891488/
tt0485552,Running Wild,Yasu,2006,"Action,Crime,Drama",Kim Seong-soo,https://www.imdb.com/title/tt0485552/
tt0928154,Seducing Mr. Perfect,Miseuteo Robin ggosigi,2006,"Comedy,Romance",Sang-woo Kim,https://www.imdb.com/title/tt0928154/
tt0907840,See You After School,Bang-gwa-hoo-ock-sang,2006,Comedy,Seok-hoon Lee,https://www.imdb.com/title/tt0907840/
tt0889061,Silk Shoes,Bidan-gudu,2006,"Comedy,Drama",Kyun-dong Yeo,https://www.imdb.com/title/tt0889061/
tt0923884,Solace,Sa-rang-hal-ddae-e-ya-gi-ha-neun-geot-ddeul,2006,Romance,Seung-wook Byeon,https://www.imdb.com/title/tt0923884/
tt0923714,Sunflower,Haebaragi,2006,"Action,Crime,Drama",Seok-beom Kang,https://www.imdb.com/title/tt0923714/
tt0875025,Tazza: The High Rollers,Tajja,2006,"Comedy,Crime",Choi Dong-hoon,https://www.imdb.com/title/tt0875025/
tt0496853,The Art of Fighting,Ssaum-ui gisul,2006,"Comedy,Drama",Hansol Shin,https://www.imdb.com/title/tt0496853/
tt0821470,The City of Violence,Jjakpae,2006,"Action,Crime,Thriller",Ryoo Seung-wan,https://www.imdb.com/title/tt0821470/
tt0757931,The Customer Is Always Right,Son-nim-eun-wang-e-da,2006,Crime,Kee-hyun Oh,https://www.imdb.com/title/tt0757931/
tt0891496,The Fox Family,Gumiho gajok,2006,"Comedy,Fantasy,Musical",Hyung-gon Lee,https://www.imdb.com/title/tt0891496/
tt0468492,The Host,Goemool,2006,"Drama,Horror,Sci-Fi",Bong Joon Ho,https://www.imdb.com/title/tt0468492/
tt0877656,The Last Dining Table,Majimak babsang,2006,Drama,Gyeong-tae Roh,https://www.imdb.com/title/tt0877656/
tt0798423,The Legend of Seven Cutter,Kariseuma talchulgi,2006,Comedy,Kwon Nam-ki,https://www.imdb.com/title/tt0798423/
tt0939911,The Old Garden,Oraedoen jeongwon,2006,"Drama,History,Romance",Im Sang-soo,https://www.imdb.com/title/tt0939911/
tt13563284,The Pumpkin,Ho-bak-jeon,2006,Animation,Jin-hee Yu,https://www.imdb.com/title/tt13563284/
tt1233475,The Railroad,Gyeongui-seon,2006,"Drama,Romance",Park Heung-sik,https://www.imdb.com/title/tt1233475/
tt0820142,The Reef,Pi's Story,2006,"Adventure,Animation,Family",Howard E. Baker,https://www.imdb.com/title/tt0820142/
tt0929261,The Restless,Joong-cheon,2006,"Action,Adventure,Drama",Jo Dong-oh,https://www.imdb.com/title/tt0929261/
tt0778020,The Romance,Romangseu,2006,Romance,Seung-wook Moon,https://www.imdb.com/title/tt0778020/
tt0804526,The Rose of Sharon,The Rose of Sharon,2006,"Drama,Family",Elliott Hong,https://www.imdb.com/title/tt0804526/
tt1210814,The World of Silence,Joyong-han saesang,2006,"Drama,Mystery,Thriller",Jo Ui-seok,https://www.imdb.com/title/tt1210814/
tt0497986,Time,Shigan,2006,"Drama,Mystery,Romance",Kim Ki-duk,https://www.imdb.com/title/tt0497986/
tt0921811,Time Between Dog and Wolf,Gae oi neckdae sa yiyi chigan,2006,Drama,Jeon Soo-il,https://www.imdb.com/title/tt0921811/
tt0880575,Traces of Love,Gaeulro,2006,"Drama,Romance",Kim Dae-seung,https://www.imdb.com/title/tt0880575/
tt10913826,Two or Three Things I Know About Kim Ki-young,"Kamdokdeul, Kim Ki-youngeul malhada",2006,"Biography,Documentary",Hong-joon Kim,https://www.imdb.com/title/tt10913826/
tt0757215,Vampire Cop Ricky,Heubhyeol hyeongsa na do-yeol,2006,"Action,Comedy,Crime",Si-myung Lee,https://www.imdb.com/title/tt0757215/
tt1158815,We Are Not Defeated,We Are Not Defeated,2006,Documentary,Hye-ran Lee,https://www.imdb.com/title/tt1158815/
tt3280488,With a Blue Sky,With a Blue Sky,2006,Drama,Insu Lee,https://www.imdb.com/title/tt3280488/
tt0835787,Woman on the Beach,Haebyeonui yeoin,2006,"Comedy,Drama,Romance",Hong Sang-soo,https://www.imdb.com/title/tt0835787/
tt0969226,A Good Day to Have an Affair,Baram-pigi joheun nal,2007,"Comedy,Romance",Jang Moon-il,https://www.imdb.com/title/tt0969226/
tt1274276,A Love,Sa-rang,2007,"Action,Drama",Kwak Gyeong-Taek,https://www.imdb.com/title/tt1274276/
tt3568922,And Thereafter II,And Thereafter II,2007,Documentary,Hosup Lee,https://www.imdb.com/title/tt3568922/
tt2069719,Attack on the Pin-Up Boys,Attack on the Pin-Up Boys,2007,Comedy,Kwon Lee,https://www.imdb.com/title/tt2069719/
tt7278702,Bank Attack,Ma-eulgeumgo yeonswaeseub gyeogsageon,2007,"Comedy,Crime,Drama",Sang Jun Park,https://www.imdb.com/title/tt7278702/
tt1018101,Beyond the Years,Chun nyun hack,2007,"Drama,Music",Im Kwon-taek,https://www.imdb.com/title/tt1018101/
tt1135774,Big Bang,Ssonda,2007,"Action,Comedy,Crime",Park Jeong-woo,https://www.imdb.com/title/tt1135774/
tt1193490,Black House,Geomeun jip,2007,"Horror,Thriller",Terra Shin,https://www.imdb.com/title/tt1193490/
tt0901475,Breath,Sum,2007,Drama,Kim Ki-duk,https://www.imdb.com/title/tt0901475/
tt1972720,Bunt,Nal-a-ra Heo-dong-goo,2007,"Drama,Family",Gyu-tae Park,https://www.imdb.com/title/tt1972720/
tt28943595,Champion Mabbagi,Champion Mabbagi,2007,"Comedy,Family",Hyeon-Soo Kim,https://www.imdb.com/title/tt28943595/
tt0372873,Dragon Wars: D-War,D-War,2007,"Action,Drama,Fantasy",Hyung-rae Shim,https://www.imdb.com/title/tt0372873/
tt1124378,Epitaph,Gidam,2007,"Drama,Horror",Jung Bum-shik,https://www.imdb.com/title/tt1124378/
tt1242848,Fantastic Parasuicides,Fantastic Ja-sal-so-dong,2007,Drama,Kim Sung-ho,https://www.imdb.com/title/tt1242848/
tt1232083,Femme Fatal,Jugeodo haepi ending,2007,"Comedy,Crime,Drama",Kyeong-hun Kang,https://www.imdb.com/title/tt1232083/
tt1135479,For Eternal Hearts,Byeolbit soguro,2007,Drama,Gyu-deok Hwang,https://www.imdb.com/title/tt1135479/
tt0969338,Girl by Girl,Sonyeo x sonyeo,2007,Comedy,Park Dong-hoon,https://www.imdb.com/title/tt0969338/
tt1193460,Going by the Book,Bareuge salja,2007,"Action,Comedy",Ra Hee-chan,https://www.imdb.com/title/tt1193460/
tt1439552,Grandmother's Flower,Tear Drops,2007,Documentary,Jeong-hyun Mun,https://www.imdb.com/title/tt1439552/
tt1002567,Hansel and Gretel,Henjel gwa Geuretel,2007,"Drama,Fantasy,Horror",Pil-sung Yim,https://www.imdb.com/title/tt1002567/
tt1048159,Happiness,Hængbok,2007,"Drama,Romance",Hur Jin-ho,https://www.imdb.com/title/tt1048159/
tt2121267,"Hello, Stranger",Cheo-eum man-nan sa-lam-deul,2007,Drama,Dong-Hyun Kim,https://www.imdb.com/title/tt2121267/
tt3619860,Her Summer,Her Summer,2007,Documentary,Sunhee Ahn,https://www.imdb.com/title/tt3619860/
tt0969274,Herb,Heobeu,2007,"Drama,Romance",Heo In-moo,https://www.imdb.com/title/tt0969274/
tt0870120,Hers,Hers,2007,Drama,Jeong Jung Kim,https://www.imdb.com/title/tt0870120/
tt0984009,Highway Star,Bokmyeon dalho,2007,"Comedy,Music",Hyun-su Kim,https://www.imdb.com/title/tt0984009/
tt1059200,Hwang Jin Yi,Hwang Jin-yi,2007,"Biography,Drama,History",Yun-hyeon Jang,https://www.imdb.com/title/tt1059200/
tt1445057,Kidnapping Granny K,Kwonsoonboon yeoja nabchisageon,2007,Comedy,Kim Sang-jin,https://www.imdb.com/title/tt1445057/
tt1201143,Love Exposure,Eoggaeneomeoeui yeoni,2007,"Comedy,Drama,Romance",Lee Eon-hie,https://www.imdb.com/title/tt1201143/
tt0889615,M,M,2007,"Crime,Drama,Mystery",Lee Myung-se,https://www.imdb.com/title/tt0889615/
tt5088526,Magang Hotel,Magang Hotel,2007,Comedy,Cho Seong-Cheol,https://www.imdb.com/title/tt5088526/
tt1051844,Mapado 2: Back to the Island,Mapado 2,2007,Comedy,Sang-hoon Lee,https://www.imdb.com/title/tt1051844/
tt0984057,Master Kim vs Master Kim vs Master Kim,Kim-gwanjang dae Kim-gwanjang dae Kim-gwanjang,2007,"Action,Comedy",Seong-gyun Park,https://www.imdb.com/title/tt0984057/
tt0800341,May 18,Hwa-ryeo-han-hyoo-ga,2007,"Drama,History",Kim Ji-hoon,https://www.imdb.com/title/tt0800341/
tt1202572,Milky Way Liberation Front,Eunhahaebangjeonseon,2007,"Adventure,Comedy",Yoon Seong-ho,https://www.imdb.com/title/tt1202572/
tt1213617,Miss Gold Digger,Yonguijudo Miss Shin,2007,"Comedy,Romance",Yong-jib Park,https://www.imdb.com/title/tt1213617/
tt2652192,Mom Never Dies,Eommonineun Jukji Anneunda,2007,Drama,Ha Myeong-jung,https://www.imdb.com/title/tt2652192/
tt3781548,Mr.Lee vs Mr.Lee,"Yi daegeun, Yi daikeun",2007,"Drama,Family",Kwang-jin Shim,https://www.imdb.com/title/tt3781548/
tt0937231,Muoi: The Legend of a Portrait,Meui,2007,"Drama,History,Horror",Tae-kyeong Kim,https://www.imdb.com/title/tt0937231/
tt1233503,My 11th Mother,Yeolhan-beonjjae eomma,2007,Drama,Jin-seong Kim,https://www.imdb.com/title/tt1233503/
tt0996963,My Father,Ma-i pa-deo,2007,Drama,Hwang Dong-hyuk,https://www.imdb.com/title/tt0996963/
tt2317744,My Friend Bernard,Backkom-eui Mug-jan Yeo-haeng,2007,"Adventure,Animation,Comedy",Aaron Lim,https://www.imdb.com/title/tt2317744/
tt1233484,My Love,Nae sarang,2007,"Comedy,Drama,Romance",Lee Han,https://www.imdb.com/title/tt1233484/
tt1572916,My Son,Adeul,2007,Drama,Jang Jin,https://www.imdb.com/title/tt1572916/
tt1924326,My Song Is...,Na-eui No-lae-neun,2007,"Drama,Romance",Ahn Seul-gi,https://www.imdb.com/title/tt1924326/
tt1588865,My Tutor Friend 2,Dong-gab-nae-gi-gwawe-ha-gi-le-sseun-too,2007,"Comedy,Romance",Kim Ho-jung,https://www.imdb.com/title/tt1588865/
tt0817544,Never Forever,Never Forever,2007,"Drama,Romance",Gina Kim,https://www.imdb.com/title/tt0817544/
tt1594943,Nowhere to Turn,Yeogiboda eodingae,2007,"Drama,Romance",Seung-young Lee,https://www.imdb.com/title/tt1594943/
tt5165202,OUT: Smashing Homophobia Project,OUT: Smashing Homophobia Project,2007,Documentary,Soon-ae Choseok,https://www.imdb.com/title/tt5165202/
tt6448094,Off Road,Off Road,2007,Drama,Han Seung-ryong,https://www.imdb.com/title/tt6448094/
tt1201168,Our Town,Woo-ri-dong-ne,2007,"Crime,Mystery,Thriller",Gil-young Jung,https://www.imdb.com/title/tt1201168/
tt1662506,Paradise Murdered,Geuk-rak-do sal-in-sa-geon,2007,"Crime,Mystery,Thriller",Kim Han-min,https://www.imdb.com/title/tt1662506/
tt0969257,Project Makeover,Eon-ni-ga-gan-da,2007,"Comedy,Romance",Chang-lae Kim,https://www.imdb.com/title/tt0969257/
tt1233488,Punch Lady,Peon-chi le-i-di,2007,"Action,Drama,Sport",Kang Hyo-jin,https://www.imdb.com/title/tt1233488/
tt1233473,Rainbow Eyes,Ga-myeon,2007,"Crime,Mystery,Thriller",Yun-ho Yang,https://www.imdb.com/title/tt1233473/
tt2420144,Resurrection of the Butterfly,Geurimja,2007,Thriller,Min-sook Kim,https://www.imdb.com/title/tt2420144/
tt1872164,Scout,Seu-ka-woo-teu,2007,"Comedy,Drama,Romance",Kim Hyun-seok,https://www.imdb.com/title/tt1872164/
tt0817225,Secret Sunshine,Miryang,2007,Drama,Lee Chang-dong,https://www.imdb.com/title/tt0817225/
tt0997229,Seven Days,Sebeun Deijeu,2007,"Crime,Drama,Thriller",Won Shin-yeon,https://www.imdb.com/title/tt0997229/
tt1556214,Sex Is Zero 2,Saek-jeuk-shi-gong-ssi-zeun-too,2007,"Comedy,Drama,Romance",Tae-yun Yoon,https://www.imdb.com/title/tt1556214/
tt1194124,Shadows in the Palace,Goongnyeo,2007,"Crime,Drama,History",Mi-jung Kim,https://www.imdb.com/title/tt1194124/
tt1384782,Shiny Day,Meet Mr. Daddy,2007,Drama,Park Kwang-su,https://www.imdb.com/title/tt1384782/
tt0984055,Skeletons in the Closet,Johji Anihanga,2007,"Comedy,Drama,Family",Yoon-Chul Jung,https://www.imdb.com/title/tt0984055/
tt1164666,Small Town Rivals,E-jang-gwa-goon-soo,2007,Comedy,Jang Kyu-sung,https://www.imdb.com/title/tt1164666/
tt0487948,Texture of Skin,Sal-gyeol,2007,Romance,Seong-gang Lee,https://www.imdb.com/title/tt0487948/
tt2349554,The Butcher,The Butcher,2007,Horror,Kim Jin-won,https://www.imdb.com/title/tt2349554/
tt1087635,The Elephant on the Bike,Paran jajeongeo,2007,Drama,Yong-kook Kwon,https://www.imdb.com/title/tt1087635/
tt1601454,The Evil Twin,Jeonseol-ui gohyang,2007,"Drama,History,Horror",Kim Ji-Hwan,https://www.imdb.com/title/tt1601454/
tt1266664,The Happy Life,Jeul-geo-woon in-saeng,2007,"Comedy,Drama,Music",Lee Joon-ik,https://www.imdb.com/title/tt1266664/
tt1468365,The Houseguest and My Mother,Sarangbang seonsoowa eomeoni,2007,"Comedy,Romance",Yeong-seong Lim,https://www.imdb.com/title/tt1468365/
tt2153296,"The Mafia, the Salesman",Sangsabuilche,2007,"Action,Comedy",Seung-bo Shim,https://www.imdb.com/title/tt2153296/
tt1649294,The Perfect Couple,Choi-gang lo-maen-seu,2007,"Comedy,Romance",Jeong-woo Kim,https://www.imdb.com/title/tt1649294/
tt1038110,The Show Must Go On,Uahan segye,2007,"Action,Comedy,Crime",Han Jae-rim,https://www.imdb.com/title/tt1038110/
tt1499354,The Wonder Years,"YeolSesal, Sooa",2007,Drama,Kim Hee-jung,https://www.imdb.com/title/tt1499354/
tt0922642,Tooth and Nail,투스 앤 네일,2007,"Drama,Horror,Thriller",Mark Young,https://www.imdb.com/title/tt0922642/
tt1646203,Two Faces of My Girlfriend,Du eolgurui yeochin,2007,"Comedy,Drama,Romance",Seok-hoon Lee,https://www.imdb.com/title/tt1646203/
tt6436514,Underground Rendezvous,Underground Rendezvous,2007,"Comedy,Drama,War",Kim Jong-jin,https://www.imdb.com/title/tt6436514/
tt1460640,Unstoppable Marriage,Motmalinun Gyerhon,2007,Comedy,Kim Seong-wook,https://www.imdb.com/title/tt1460640/
tt1193523,Venus and Mars,Ssa-woom,2007,"Action,Comedy,Romance",Han Ji-seung,https://www.imdb.com/title/tt1193523/
tt0997155,Virgin Snow,Cheon-nun,2007,Romance,Han Sang-hee,https://www.imdb.com/title/tt0997155/
tt0969268,Voice of a Murderer,Geu nom moksori,2007,"Crime,Drama,Mystery",Park Jin-Pyo,https://www.imdb.com/title/tt0969268/
tt1213856,Voices,Du saram-yida,2007,"Crime,Drama,Horror",Oh Ki-hwan,https://www.imdb.com/title/tt1213856/
tt0844489,West 32nd,We-steu-sam-ship-e-beon-ga,2007,"Action,Crime,Drama",Michael Kang,https://www.imdb.com/title/tt0844489/
tt1649348,Who's That Knocking at My Door?,Jeo-su-jie-seo geon-jin-chi-ta,2007,"Drama,Thriller",Hae-hoon Yang,https://www.imdb.com/title/tt1649348/
tt1127855,Wide Awake,Ri-teon,2007,"Crime,Drama,Mystery",Kyu-maan Lee,https://www.imdb.com/title/tt1127855/
tt1077274,"Yobi, the Five Tailed Fox",Cheon-nyeon-yeo-woo-yeo-woo-bi,2007,"Adventure,Animation,Drama",Seong-gang Lee,https://www.imdb.com/title/tt1077274/
tt1430638,24 Hours to Die,Teureok,2008,"Crime,Thriller",Kwon Hyeong-jin,https://www.imdb.com/title/tt1430638/
tt1619828,63 Years On,Ggeutnaji anhmeun jeon jaeng,2008,Documentary,Kim Dong-won,https://www.imdb.com/title/tt1619828/
tt1339271,A Broom Becomes a Goldfish,"Bitjaru, geumbungeo doeda",2008,Drama,Dong-joo Kim,https://www.imdb.com/title/tt1339271/
tt1155053,A Frozen Flower,Ssang-hwa-jeom,2008,"Drama,History,Romance",Shin Jae Myung,https://www.imdb.com/title/tt1155053/
tt1666821,A Light Sleep,Ga-byeo-un jam,2008,Drama,Seong-chan Lim,https://www.imdb.com/title/tt1666821/
tt1119199,A Man Who Was Superman,Syoo-peo-maen-i-sseo-deon sa-na-i,2008,"Comedy,Drama",Yoon-Chul Jung,https://www.imdb.com/title/tt1119199/
tt1343049,A Secret Scandal,Na-eui seu-kaen-deul,2008,Romance,Jeong-gyun Shin,https://www.imdb.com/title/tt1343049/
tt1433775,A Tale of Legendary Libido,Garoojigi,2008,"Comedy,Fantasy",Hansol Shin,https://www.imdb.com/title/tt1433775/
tt1441233,Action Boys,Woo-ri aeksyeonbaewooda,2008,Documentary,Jung Byung-gil,https://www.imdb.com/title/tt1441233/
tt1230518,Always Be Boyz,Always Be Boyz,2008,"Drama,Musical",Johnny Kwon,https://www.imdb.com/title/tt1230518/
tt1205551,Antique,Seoyang-goldong-yanggwajajeom Aentikeu,2008,"Comedy,Drama,Romance",Kyu-dong Min,https://www.imdb.com/title/tt1205551/
tt1720044,Baby and I,Ahgiwa na,2008,Comedy,Kim Jin Young,https://www.imdb.com/title/tt1720044/
tt1233464,Beastie Boys,Biseuti boijeu,2008,Drama,Yoon Jong-bin,https://www.imdb.com/title/tt1233464/
tt2175899,Boy Director,So-nyeo kam-dok,2008,Drama,Woo-Yeol Lee,https://www.imdb.com/title/tt2175899/
tt1373120,Breathless,Ddongpari,2008,"Crime,Drama",Yang Ik-joon,https://www.imdb.com/title/tt1373120/
tt14977304,Butterflymole,Butterflymole,2008,Mystery,Seo Myoung-Soo,https://www.imdb.com/title/tt14977304/
tt1606176,Cherry Tomato,Bang-wool-to-ma-to,2008,Drama,Yeong-bae Jeong,https://www.imdb.com/title/tt1606176/
tt1233482,Crazy Waiting,Kidarida michyeo,2008,"Comedy,Romance",Seung-jin Ryoo,https://www.imdb.com/title/tt1233482/
tt1133922,Crossing,Keurosing,2008,Drama,Kim Tae-gyun,https://www.imdb.com/title/tt1133922/
tt1173949,Crush and Blush,Misseu Hongdangmu,2008,"Comedy,Drama",Lee Kyoung-mi,https://www.imdb.com/title/tt1173949/
tt0929860,Cyborg She,Boku no kanojo wa saibôgu,2008,"Action,Comedy,Romance",Kwak Jae-young,https://www.imdb.com/title/tt0929860/
tt39374603,Da Capo,Da Capo,2008,Drama,Jin-soo Noh,https://www.imdb.com/title/tt39374603/
tt1243930,Dachimawa Lee,Dachimawa Lee,2008,"Action,Adventure,Comedy",Ryoo Seung-wan,https://www.imdb.com/title/tt1243930/
tt1277938,Daytime Drinking,Natsool,2008,"Comedy,Drama",Young-seok Noh,https://www.imdb.com/title/tt1277938/
tt1438522,Death Bell,Gosa,2008,"Horror,Thriller",Hong-Seung Yoon,https://www.imdb.com/title/tt1438522/
tt1669582,Do Re Mi Fa So La Si Do,Do Re Mi Fa So La Si Do,2008,"Drama,Romance",Geon-hyang Kang,https://www.imdb.com/title/tt1669582/
tt1328643,Do You See Seoul?,Seowooli Boinya?,2008,Drama,Dong-yoon Song,https://www.imdb.com/title/tt1328643/
tt1165253,Dream,Bi-mong,2008,"Drama,Fantasy,Mystery",Kim Ki-duk,https://www.imdb.com/title/tt1165253/
tt2781610,Evil Spirit: VIY,Manyeoui kwan,2008,Horror,Jin-seong Park,https://www.imdb.com/title/tt2781610/
tt1366887,Exhausted,Gogal,2008,"Drama,Thriller",Gok Kim,https://www.imdb.com/title/tt1366887/
tt1305730,Eye for an Eye,Noon-e-neun noon i-e-neun i,2008,"Action,Crime",Kwon-tae Ahn,https://www.imdb.com/title/tt1305730/
tt1092034,Fate,Sookmyeong,2008,"Action,Crime,Drama",Kim Hae-gon,https://www.imdb.com/title/tt1092034/
tt35003226,For the Islanders,For the Islanders,2008,Documentary,Jaekwon Seo,https://www.imdb.com/title/tt35003226/
tt1232162,Forever the Moment,Uri saengae choego-ui sungan,2008,"Biography,Drama,Sport",Soon-rye Yim,https://www.imdb.com/title/tt1232162/
tt1240955,Frivolous Wife,Nalnari jongbujeon,2008,"Comedy,Romance",Won-guk Lim,https://www.imdb.com/title/tt1240955/
tt1343038,Girl Scout,Geol seukauteu,2008,Comedy,Kim Sang-man,https://www.imdb.com/title/tt1343038/
tt1205556,Go Go 70s,Gogo chilship,2008,"Comedy,Music",Ho Choi,https://www.imdb.com/title/tt1205556/
tt6448692,Gwageoneun Natseon Narada,Gwageoneun Natseon Narada,2008,,Kim Eung-soo,https://www.imdb.com/title/tt6448692/
tt2167763,Ha-na,Ha-na,2008,Documentary,Myung-Joon Kim,https://www.imdb.com/title/tt2167763/
tt7278726,Happy Together,"Donggeo, Dongrak",2008,"Drama,Romance",Kim Tae-hee,https://www.imdb.com/title/tt7278726/
tt2663738,Heartbreak Library,Keu Namjaui Chak 198Jjeuk,2008,Romance,Kim Jeong-kwon,https://www.imdb.com/title/tt2663738/
tt1233467,Hellcats,Ddeu-geo-woon-geot-e-jo-a,2008,Comedy,Kwon Chil-in,https://www.imdb.com/title/tt1233467/
tt1210837,"Hello, Schoolgirl",Soon-jeong-man-hwa,2008,"Comedy,Romance",Jang-ha Ryu,https://www.imdb.com/title/tt1210837/
tt1232099,His Last Gift,Majimak seonmul,2008,Drama,Young-jun Kim,https://www.imdb.com/title/tt1232099/
tt1773471,Humming,Humming,2008,Romance,Dae-yeong Park,https://www.imdb.com/title/tt1773471/
tt1588369,I Am Happy,Na-neun Heang-bok-hab-ni-da,2008,Drama,Jong-chan Yun,https://www.imdb.com/title/tt1588369/
tt1619815,If You Were Me: Anima Vision 2,Byeol byeol i-ya-gi 2 - Yeo-seot bat-kkal moo-ji-gae,2008,Animation,Dong-hee Ahn,https://www.imdb.com/title/tt1619815/
tt1500718,Indie Anibox: Selma's Protein Coffee,Indiaenibakseu: Selmaui danbaekjil keopi,2008,"Animation,Drama,Romance",Hyeong-yoon Jang,https://www.imdb.com/title/tt1500718/
tt2165134,LaLa Sunshine,LaLa Sunshine,2008,Drama,Aaron Kim,https://www.imdb.com/title/tt2165134/
tt1307453,Land of Scarecrows,Heosuabideuleui ddang,2008,Drama,Gyeong-tae Roh,https://www.imdb.com/title/tt1307453/
tt3863914,Let the Blue River Run,Pureun kangeun heulreora,2008,Drama,Mi-ja Kang,https://www.imdb.com/title/tt3863914/
tt1343039,Life Is Cool,Geu-nyeo-neun ye-bbeot-da,2008,"Animation,Comedy,Romance",Equan Choi,https://www.imdb.com/title/tt1343039/
tt3951916,"Like Father, Like Son","Like Father, Like Son",2008,Drama,Mu-yeong Lee,https://www.imdb.com/title/tt3951916/
tt1452531,Little Prince,Eorin wangja,2008,Drama,Jong-hyeon Choi,https://www.imdb.com/title/tt1452531/
tt1337034,Loner,Oetori,2008,"Horror,Mystery,Thriller",Jae-shik Park,https://www.imdb.com/title/tt1337034/
tt1459998,Lost and Found,Dalkeumhan Keojitmal,2008,"Comedy,Romance",Jung-hwa Chung,https://www.imdb.com/title/tt1459998/
tt4061970,Love in the Shadows,Love in the Shadows,2008,"Comedy,Drama",Jon Jost,https://www.imdb.com/title/tt4061970/
tt1233458,Lovers of 6 Years,6 nyeon-jjae yeonae-jung,2008,Romance,Park Hyeon-jin,https://www.imdb.com/title/tt1233458/
tt1606283,Mandate: Mission from the Gods,Maen-de-i-teu: Sin-i Joo-sin Im-moo,2008,"Action,Crime,Fantasy",Hee-joon Park,https://www.imdb.com/title/tt1606283/
tt1356404,Members of the Funeral,Jang-rye-shik-eui-mem-beo,2008,"Drama,Mystery",Baek Seung-bin,https://www.imdb.com/title/tt1356404/
tt1233461,Miracle of Giving Fool,Miracle of Giving Fool,2008,"Comedy,Romance",Kim Jeong-kwon,https://www.imdb.com/title/tt1233461/
tt1305131,Modern Boy,Modeon boi,2008,Drama,Jung Ji-woo,https://www.imdb.com/title/tt1305131/
tt1310610,Mozart Town,Mochareuteu Tawoon,2008,Drama,Jeon Kyu-hwan,https://www.imdb.com/title/tt1310610/
tt2149051,My Darling FBI,Swit! Geunyeoegen Bimilyieyo,2008,"Action,Comedy,Romance",Insu Lee,https://www.imdb.com/title/tt2149051/
tt1330205,My Dear Enemy,Meotjin haru,2008,"Adventure,Comedy,Drama",Yoon-ki Lee,https://www.imdb.com/title/tt1330205/
tt6450124,My Love Yurie,Nae Sarang Yurie,2008,"Drama,Fantasy,Romance",Eun-ki Ko,https://www.imdb.com/title/tt6450124/
tt0985101,My Mighty Princess,Mu-rim-yeo-dae-saeng,2008,"Action,Comedy,Romance",Kwak Jae-young,https://www.imdb.com/title/tt0985101/
tt1331000,My New Partner,Ma-i nyoo pa-teu-neo,2008,"Action,Comedy",Kim Jong-hyun,https://www.imdb.com/title/tt1331000/
tt1176096,Night and Day,Bam gua nat,2008,Drama,Hong Sang-soo,https://www.imdb.com/title/tt1176096/
tt1535465,Oishii Man,Oishii Man,2008,Drama,Jeong Jung Kim,https://www.imdb.com/title/tt1535465/
tt1334549,Old Partner,Wonangsori,2008,Documentary,Chung-ryoul Lee,https://www.imdb.com/title/tt1334549/
tt1138457,Once Upon a Time,Wonseu-eopon-eo-taim,2008,"Action,Adventure,Comedy",Jeong Yong-ki,https://www.imdb.com/title/tt1138457/
tt1565043,Once Upon a Time in Seoul,So-nyeon-eun wool-ji anh-neun-da,2008,"Drama,War",Hyeong-jun Bae,https://www.imdb.com/title/tt1565043/
tt1232106,Open City,Mubangbi-dosi,2008,"Action,Crime",Lee Sang-gi,https://www.imdb.com/title/tt1232106/
tt1867121,Our School's E.T.,Wool-hak-kyo I-ti,2008,Comedy,K.C. Park,https://www.imdb.com/title/tt1867121/
tt1071800,Public Enemy Returns,Kang Chul-jung: Gonggongui jeog 1-1,2008,"Action,Comedy,Crime",Kang Woo-suk,https://www.imdb.com/title/tt1071800/
tt1233489,Radio Dayz,Ra-deui-o De-i-jeu,2008,"Comedy,Music",Ha Gi-ho,https://www.imdb.com/title/tt1233489/
tt1330186,Ride Away,Dal-lyeo-la ja-jeon-geo,2008,"Drama,Romance",Lim Seong-woon,https://www.imdb.com/title/tt1330186/
tt1887853,Romantic Island,Romaentik Aillaendeu,2008,"Comedy,Romance",Kang Cheol-woo,https://www.imdb.com/title/tt1887853/
tt1345734,Rough Cut,Yeong-hwa-neun yeong-hwa-da,2008,"Action,Crime,Drama",Hun Jang,https://www.imdb.com/title/tt1345734/
tt1895420,Santamaria,Jalmotdoi Mannam,2008,"Comedy,Drama",Yeong-bae Jeong,https://www.imdb.com/title/tt1895420/
tt1360795,Scandal Makers,Gwasok seukaendeul,2008,"Comedy,Drama,Music",Kang Hyoung-chul,https://www.imdb.com/title/tt1360795/
tt1594540,Sleeping Beauty,Seulliping byuti,2008,Drama,Lee Han-na,https://www.imdb.com/title/tt1594540/
tt3039174,Spare,Seupeeo,2008,"Action,Thriller",Seong-han Lee,https://www.imdb.com/title/tt3039174/
tt1362503,Story of Wine,Storee obu wain,2008,"Drama,Romance",Lee Cheol-ha,https://www.imdb.com/title/tt1362503/
tt1606369,Summer Whispers,Yeoreum soksakip,2008,Romance,Eun-ju Kim,https://www.imdb.com/title/tt1606369/
tt1275830,Sunny,Nim-eun-meon-go-sae,2008,"Drama,Music,Romance",Lee Joon-ik,https://www.imdb.com/title/tt1275830/
tt1324909,Synching Blue,Synching Blue,2008,Drama,Seo Won-Tae,https://www.imdb.com/title/tt1324909/
tt1861431,The 10th Anniversary Project Ten Ten,The 10th Anniversary Project Ten Ten,2008,"Documentary,Drama",Young-Joo Byun,https://www.imdb.com/title/tt1861431/
tt1430633,The Accidental Gangster and the Mistaken Courtesan,1724 gibangnandongsageon,2008,"Action,Adventure,Comedy",Kyun-dong Yeo,https://www.imdb.com/title/tt1430633/
tt1190539,The Chaser,Chugyeokja,2008,"Action,Crime,Drama",Na Hong-jin,https://www.imdb.com/title/tt1190539/
tt1310501,The Devil's Game,Deo ge-im,2008,"Drama,Thriller",In-ho Yun,https://www.imdb.com/title/tt1310501/
tt1185594,The Divine Weapon,Shin-gi-jeon,2008,"Adventure,Drama",Yoo-jin Kim,https://www.imdb.com/title/tt1185594/
tt1606190,The ESP Couple,Sensitive Couple,2008,Romance,Hyeong-ju Kim,https://www.imdb.com/title/tt1606190/
tt0901487,"The Good, the Bad, the Weird","Joeun nom, napun nom, esanghan nom",2008,"Action,Adventure,Comedy",Kim Jee-woon,https://www.imdb.com/title/tt0901487/
tt4087962,The History,The History,2008,"Animation,Biography,Drama",Seewoo Kim,https://www.imdb.com/title/tt4087962/
tt2162637,The Kites Flying in the Sky,Haneureul naneun yeondeul,2008,Drama,Hyon-Chol Kim,https://www.imdb.com/title/tt2162637/
tt2111297,The Pot,Dok,2008,"Drama,Horror",Kim Tae-gon,https://www.imdb.com/title/tt2111297/
tt2172919,The Respected Comrade Supreme Commander Is Our Destiny,Gyeongaehaneun choego saryeonggwan dongjineun uriui unmyeong,2008,Documentary,,https://www.imdb.com/title/tt2172919/
tt14681334,To Find Tiger Kim,Baek du san Horani i rul chajaseo,2008,Documentary,Koo Bon-Hwan,https://www.imdb.com/title/tt14681334/
tt14680004,To Live: Save Our Saemankum,Salgi Wihayeo - Eoburo Salgo Sipda,2008,Documentary,Lee Kang-gil,https://www.imdb.com/title/tt14680004/
tt0976060,Tokyo!,Dokkyo!,2008,"Comedy,Drama,Fantasy",Leos Carax,https://www.imdb.com/title/tt0976060/
tt1143155,Treeless Mountain,Namooeobsneun san,2008,Drama,So Yong Kim,https://www.imdb.com/title/tt1143155/
tt1299551,Tropical Manila,Tropical Manila,2008,Drama,Lee Sang-woo,https://www.imdb.com/title/tt1299551/
tt13729332,Viva! Love,Kyungchuk Woorisarang,2008,"Comedy,Drama",Jeom-gyoon Oh,https://www.imdb.com/title/tt13729332/
tt1878894,What Happened Last Night?,Dang-sin-i Jam-deun Sa-i-e,2008,Comedy,Jung-min Kim,https://www.imdb.com/title/tt1878894/
tt1179079,With a Girl of Himalaya,Untitled Himalayas Project,2008,Drama,Jeon Soo-il,https://www.imdb.com/title/tt1179079/
tt2117953,Written,Ri-teun,2008,Drama,Byung-woo Kim,https://www.imdb.com/title/tt2117953/
tt1810510,4th Period Mystery,4-kyo-si Choo-ri-yeong-yeok,2009,"Action,Crime,Drama",Lee Sang-yong,https://www.imdb.com/title/tt1810510/
tt1576412,A Blind River,Kwihyang,2009,"Drama,Fantasy",Ahn Sun-kyeong,https://www.imdb.com/title/tt1576412/
tt1565058,A Blood Pledge: Broken Promise,Yeo-go-goi-dam 5 - Dong-ban-ja-sal,2009,"Drama,Horror,Mystery",Jong-yong Lee,https://www.imdb.com/title/tt1565058/
tt1287875,A Brand New Life,Yeohaengja,2009,Drama,Lee Jong Eon,https://www.imdb.com/title/tt1287875/
tt1526334,A Good Night Sleep for the Bad,Nappeun nomi deo jal janda,2009,"Crime,Drama",Young-chul Kwon,https://www.imdb.com/title/tt1526334/
tt1517145,A Little Pond,Jageun yeonmot,2009,"Drama,War",Lee Sang-woo,https://www.imdb.com/title/tt1517145/
tt1535419,A Million,10-eok,2009,Thriller,Cho Min-ho,https://www.imdb.com/title/tt1535419/
tt2068995,Abuji,Abuji,2009,Drama,Bae Hae-Seong,https://www.imdb.com/title/tt2068995/
tt1459219,Actresses,Yeobaeudeul,2009,Drama,Je-yong Lee,https://www.imdb.com/title/tt1459219/
tt2016201,After the Banquet,Gyeol-hon-sik-hoo-ae,2009,"Comedy,Drama,Romance",Yun-cheul Kim,https://www.imdb.com/title/tt2016201/
tt1508655,Animal Town,Animal Town,2009,Drama,Jeon Kyu-hwan,https://www.imdb.com/title/tt1508655/
tt1570551,Bandhobi,Bandoobi,2009,Drama,Sin Dong-Il,https://www.imdb.com/title/tt1570551/
tt1519632,Be My Guest,Be My Guest,2009,Drama,Soo-young Park,https://www.imdb.com/title/tt1519632/
tt1519633,Be with Me,Gwi,2009,"Drama,Horror,Romance",Hong Dongmyung,https://www.imdb.com/title/tt1519633/
tt2717934,Beetles,Ddakjung Bulre,2009,Drama,Eun-Hee Kim,https://www.imdb.com/title/tt2717934/
tt4227136,Before the Full Moon,Jeo dali chagi jeone,2009,Documentary,Seh-chin Seo,https://www.imdb.com/title/tt4227136/
tt1457599,Bloody Shake,Bloody Shake,2009,Drama,Kim Jee-yong,https://www.imdb.com/title/tt1457599/
tt1500689,Cafe Noir,Kape neuwareu,2009,"Drama,Romance",Sung-il Jung,https://www.imdb.com/title/tt1500689/
tt1499666,Castaway on the Moon,Kimssi pyoryugi,2009,"Comedy,Drama,Romance",Lee Hae-jun,https://www.imdb.com/title/tt1499666/
tt1519335,Cats,Koyangi-deul,2009,,Ji-hyun Kim,https://www.imdb.com/title/tt1519335/
tt1198396,Chawz,Chawu,2009,"Action,Comedy,Horror",Jeong-won Shin,https://www.imdb.com/title/tt1198396/
tt1417581,Cheonggyecheonui gae,Cheonggyecheonui gae,2009,Drama,Kim Kyung-mook,https://www.imdb.com/title/tt1417581/
tt1880412,City of Damnation,Yugamseureoyun doshi,2009,"Action,Comedy",Kim Dong-won,https://www.imdb.com/title/tt1880412/
tt5781338,City of Fathers,Busan,2009,"Action,Drama",Ji-Won Park,https://www.imdb.com/title/tt5781338/
tt1565032,Closer to Heaven,Nae sa-rang nae gyeol-ae,2009,"Drama,Romance",Park Jin-Pyo,https://www.imdb.com/title/tt1565032/
tt1606720,Daechuri-e-Salda,Daechuri-e-Salda,2009,"Documentary,News",Il-gun Jeong,https://www.imdb.com/title/tt1606720/
tt1516029,Dance of Time,Dance of Time,2009,Documentary,Song Il-gon,https://www.imdb.com/title/tt1516029/
tt1519463,"Dear Music: That Is, Their Fantasy Heading for the Sea","Dear Music: That Is, Their Fantasy Heading for the Sea",2009,Drama,Sung-o Park,https://www.imdb.com/title/tt1519463/
tt1528725,Dream of the Sexual Fantasy,Dream of the Sexual Fantasy,2009,Drama,Ji-Oo Jang,https://www.imdb.com/title/tt1528725/
tt1519636,Drifting Away,Kkok kkyeanga noonmool ping,2009,Drama,Kim Dong-won,https://www.imdb.com/title/tt1519636/
tt1519464,Earth's Women,Ddang-ui yeo-ja,2009,Documentary,Woojung Kwon,https://www.imdb.com/title/tt1519464/
tt1519322,Eighteen,Hwioribaram,2009,Drama,Kun-Jae Jang,https://www.imdb.com/title/tt1519322/
tt1519637,Enlightenment Film,Kye-mong-yeong-hwa,2009,Drama,Park Dong-hoon,https://www.imdb.com/title/tt1519637/
tt1500706,Faces of Seoul,Seo-wool eui ul-gul,2009,Documentary,Gina Kim,https://www.imdb.com/title/tt1500706/
tt1517258,Fair Love,Pe-eo leo-beu,2009,"Comedy,Drama,Romance",Shin Yeon-shick,https://www.imdb.com/title/tt1517258/
tt1439546,Farmer's Song,Farmer's Song,2009,Documentary,Dochyun Yoon,https://www.imdb.com/title/tt1439546/
tt1587422,Five Senses of Eros,Ogamdo,2009,"Drama,Romance",Hyuk Byun,https://www.imdb.com/title/tt1587422/
tt1698482,Fly High,Bisang,2009,"Action,Drama,Romance",Jeong-Hun Park,https://www.imdb.com/title/tt1698482/
tt2122426,Fly Penguin,Nalara Penggwin,2009,Drama,Soon-rye Yim,https://www.imdb.com/title/tt2122426/
tt1872798,Fortune Salon,Sexy bosal,2009,"Comedy,Romance",Kim Jin Young,https://www.imdb.com/title/tt1872798/
tt1605724,Girlfriends,Geol-peu-ren-jeu,2009,"Comedy,Romance",Seok-beom Kang,https://www.imdb.com/title/tt1605724/
tt1519466,Good Morning President,Gutmoning peurejideonteu,2009,Drama,Jang Jin,https://www.imdb.com/title/tt1519466/
tt1564997,Goodbye Mom,Aeja,2009,Drama,Jeong Gi-hoon,https://www.imdb.com/title/tt1564997/
tt1452542,Handphone,Haendeupon,2009,"Crime,Thriller",Kim Han-min,https://www.imdb.com/title/tt1452542/
tt4227086,Hardboiled Jesus,Hadeuboildeu Jijeoseu,2009,Drama,Young-heon Jung,https://www.imdb.com/title/tt4227086/
tt1906389,Hello My Love,Hel-lo-mai-leo-beu,2009,"Comedy,Drama,Romance",Aaron Kim,https://www.imdb.com/title/tt1906389/
tt1270767,Higanjima: Escape from Vampire Island,Maenbaleui ggoom,2009,"Action,Adventure,Fantasy",Kim Tae-gyun,https://www.imdb.com/title/tt1270767/
tt1509286,I Came from Busan,Yeong-do-da-ri,2009,Drama,Jeon Soo-il,https://www.imdb.com/title/tt1509286/
tt3839898,If You Were Me 4,Siseon 1318,2009,Drama,Yoon Seong-ho,https://www.imdb.com/title/tt3839898/
tt1560154,Insadong Scandal,Insadong seukaendeul,2009,"Crime,Drama,Thriller",Park Hee-kon,https://www.imdb.com/title/tt1560154/
tt1567708,Iron Crows,Iron Crows,2009,"Documentary,Drama",Bong-Nam Park,https://www.imdb.com/title/tt1567708/
tt1274293,Jeon Woochi,Jeon Woochi,2009,"Action,Adventure,Comedy",Choi Dong-hoon,https://www.imdb.com/title/tt1274293/
tt1760439,Jeong Seung Pil Mystery,Jeong Seung Pil siljong sageon,2009,Comedy,Seok-beom Kang,https://www.imdb.com/title/tt1760439/
tt1430619,"Kiss Me, Kill Me",Kilme,2009,"Action,Adventure,Comedy",Jong Hyeon Yang,https://www.imdb.com/title/tt1430619/
tt1468337,Lifting King Kong,Kingkongeul deulda,2009,"Comedy,Drama",Geon-yong Park,https://www.imdb.com/title/tt1468337/
tt1275891,Like You Know It All,Jal al-ji-do mot-ha-myeon-seo,2009,Drama,Hong Sang-soo,https://www.imdb.com/title/tt1275891/
tt1519646,Lost & Found,Lost & Found,2009,Drama,Kye Soo Jeon,https://www.imdb.com/title/tt1519646/
tt1517215,Loveholic,Chameul soo eoptneun,2009,Drama,Kwon Chil-in,https://www.imdb.com/title/tt1517215/
tt1380152,Marine Boy,Ma-rin-bo-ee,2009,"Action,Thriller",Yoon Jong-seok,https://www.imdb.com/title/tt1380152/
tt1517218,Maybe,Tokkiwa rijeodeu,2009,"Drama,Romance",Ji-Hong Joo,https://www.imdb.com/title/tt1517218/
tt1519648,Memories of Daechuri,Memories of Daechuri,2009,Documentary,Il-Gun Jung,https://www.imdb.com/title/tt1519648/
tt1562437,Missing,Sil jong,2009,Thriller,Sung-Hong Kim,https://www.imdb.com/title/tt1562437/
tt1559358,Missing Person,Sa-lam-eul chat-seub-ni-da,2009,"Crime,Drama,Mystery",Lee Seo,https://www.imdb.com/title/tt1559358/
tt2926186,Money Show,Short! Short! Short!,2009,Drama,Chegy,https://www.imdb.com/title/tt2926186/
tt1519649,Mongsil,Mongsil,2009,Drama,Ji-sang Lee,https://www.imdb.com/title/tt1519649/
tt1454545,More Than Blue,Seulpeumboda deo seulpeun iyagi,2009,"Drama,Romance",Won Tae-yeon,https://www.imdb.com/title/tt1454545/
tt1216496,Mother,Madeo,2009,"Crime,Drama,Mystery",Bong Joon Ho,https://www.imdb.com/title/tt1216496/
tt2171981,Mother Is a Whore,Eom-ma-neun Chang-nyeo-da,2009,Drama,Lee Sang-woo,https://www.imdb.com/title/tt2171981/
tt1432078,My Girlfriend Is an Agent,Chilgeup gongmuwon,2009,"Action,Comedy,Romance",Terra Shin,https://www.imdb.com/title/tt1432078/
tt4226630,My Heart Is Not Broken Yet,Naeui maeumeun jiji anhassda,2009,Documentary,Hae-ryong Ahn,https://www.imdb.com/title/tt4226630/
tt2093193,Norwegian Woods,Noreuweui sup,2009,"Comedy,Horror",Jin-soo Noh,https://www.imdb.com/title/tt2093193/
tt1894471,Oh! My God 2,Guseju 2,2009,"Comedy,Romance",Seung-jae Hwang,https://www.imdb.com/title/tt1894471/
tt2575930,One Night Stand,Won nait seutaendeu,2009,Drama,Hoon Jang,https://www.imdb.com/title/tt2575930/
tt1519651,Our Fantastic 21st Century,Neo-wa na-eui i-shib-il-seki,2009,Drama,Hyung-ki Ryu,https://www.imdb.com/title/tt1519651/
tt1515205,Paju,Paju,2009,Drama,Chan-ok Park,https://www.imdb.com/title/tt1515205/
tt1535472,Possessed,Faithless Hell,2009,"Horror,Mystery,Thriller",Lee Yong-ju,https://www.imdb.com/title/tt1535472/
tt2012626,Postman to Heaven,Cheon-gug-eui-woo-pyeon-bae-dal-boo,2009,"Drama,Fantasy,Romance",Lee Hyeong-min,https://www.imdb.com/title/tt2012626/
tt6033412,Potato Symphony,Gamja Simponi,2009,Drama,Yong-Taek Jeon,https://www.imdb.com/title/tt6033412/
tt1483004,Private Eye,Shadow Murder,2009,Thriller,Dae-min Park,https://www.imdb.com/title/tt1483004/
tt1516120,Resilience,Resilience,2009,Documentary,Tammy Chu,https://www.imdb.com/title/tt1516120/
tt1517239,Running Turtle,Keobokyi dalrinda,2009,"Action,Comedy,Crime",Lee Yeon-woo,https://www.imdb.com/title/tt1517239/
tt1477859,Season of Good Rain,Ho woo shi jul,2009,"Drama,Romance",Hur Jin-ho,https://www.imdb.com/title/tt1477859/
tt1533086,Secret,Sikeurit,2009,Thriller,Je-gu Yun,https://www.imdb.com/title/tt1533086/
tt1497627,Sex Volunteer,Sex Volunteer,2009,Drama,Kyeong-duk Cho,https://www.imdb.com/title/tt1497627/
tt2940080,Sky and Ocean,Haneulgwa bada,2009,"Drama,Music",Dal-kyun Oh,https://www.imdb.com/title/tt2940080/
tt1516126,"Sona, the Other Myself","Sona, the Other Myself",2009,Documentary,Yong-hi Yang,https://www.imdb.com/title/tt1516126/
tt1519655,Stayed Out Overnight,Stayed Out Overnight,2009,Documentary,Mire Kim,https://www.imdb.com/title/tt1519655/
tt1298648,Take Off,Ski Jump,2009,"Comedy,Drama,Sport",Kim Yong-hwa,https://www.imdb.com/title/tt1298648/
tt1519657,The Border City 2,The Border City 2,2009,Documentary,Hyung-sook Hong,https://www.imdb.com/title/tt1519657/
tt1519644,The Chase,Kkotgwa sijak,2009,"Drama,Romance",Kyu-dong Min,https://www.imdb.com/title/tt1519644/
tt1356398,The Day After,Eoddeon Gaein Nal,2009,Drama,Suk-Gyung Lee,https://www.imdb.com/title/tt1356398/
tt1517257,The Executioner,Jiphaengja,2009,Drama,Jin Ho Choi,https://www.imdb.com/title/tt1517257/
tt1528748,The Friends,Hangul,2009,Drama,Young-jae Lee,https://www.imdb.com/title/tt1528748/
tt1487121,The Moon and a Butterfly,The Moon and a Butterfly,2009,Drama,Jong Hee Kim,https://www.imdb.com/title/tt1487121/
tt1516552,The Naked Kitchen,Kichin,2009,"Drama,Romance",Ji-Yeong Hong,https://www.imdb.com/title/tt1516552/
tt2075350,"The Relation of Face, Mind and Love",Nae Nune Kongkkakji,2009,Romance,Jang Soo Lee,https://www.imdb.com/title/tt2075350/
tt3243196,The Righteous Thief,Hong Gildongui huye,2009,"Action,Adventure,Crime",Jeong Yong-ki,https://www.imdb.com/title/tt3243196/
tt2089691,The Room Nearby,Geunyeodeurui Bang,2009,Drama,Goh Tae-Jeong,https://www.imdb.com/title/tt2089691/
tt1535490,The Scam,Jak-jeon,2009,"Action,Crime,Drama",Lee Ho-jae,https://www.imdb.com/title/tt1535490/
tt2078651,The Story of Mr. Sorry,Je-bool-chal-ssi-yi-ya-gi,2009,"Animation,Comedy,Drama",Lee Hae-young,https://www.imdb.com/title/tt2078651/
tt1568300,The Survivors: Days in Zhari Police Station,The Survivors: Days in Zhari Police Station,2009,"Documentary,Drama,War",Kyung-Ran Kang,https://www.imdb.com/title/tt1568300/
tt1465518,The Sword with No Name,"Like Fireworks, Like Butterflies",2009,"Action,Drama,History",Kim Yong-gyun,https://www.imdb.com/title/tt1465518/
tt0762073,Thirst,Bakjwi,2009,"Drama,Fantasy,Horror",Park Chan-wook,https://www.imdb.com/title/tt0762073/
tt1528761,Today and the Other Days,Jeo-nyeok-eui gae-im,2009,Drama,Wee-an Choi,https://www.imdb.com/title/tt1528761/
tt1517262,Tokyo Taxi,Dokyo taekshi,2009,"Comedy,Drama",Kim Tai-sik,https://www.imdb.com/title/tt1517262/
tt2424064,Turn It Up to 11,Bandeusi keuge deuleul geot,2009,"Documentary,Music",Seung-hwa Baek,https://www.imdb.com/title/tt2424064/
tt1517269,Vegetarian,Chaesikjuuija,2009,Drama,Woo-Seong Lim,https://www.imdb.com/title/tt1517269/
tt1519659,Viewfinder,Kyung,2009,Drama,Jeong Kim,https://www.imdb.com/title/tt1519659/
tt1482167,Visitors,Eotteon bangmoon,2009,Drama,Lav Diaz,https://www.imdb.com/title/tt1482167/
tt1691923,What is Not Romance?,Romangeun eobsda,2009,"Animation,Drama",Hong Eun-ji,https://www.imdb.com/title/tt1691923/
tt1517272,Where Are You Going?,Teukbyeolshi saramdeul,2009,Drama,Chur-woong Park,https://www.imdb.com/title/tt1517272/
tt2530352,Where Is Ronny...,Where Is Ronny...,2009,Drama,Sang-kook Sim,https://www.imdb.com/title/tt2530352/
tt2323565,Where the Truth Lies,The Case of Itaewon Homicide,2009,"Crime,Mystery,Thriller",Ki-Seon Hong,https://www.imdb.com/title/tt2323565/
tt1533114,White Night,Baekyahaeng: Hayan eodoom sokeul geolda,2009,"Mystery,Romance,Thriller",Park Shin-woo,https://www.imdb.com/title/tt1533114/
tt1414867,Why Did You Come to My House?,Woo-ri-jib-e wae-wass-ni,2009,"Comedy,Romance",Soo-ah Hwang,https://www.imdb.com/title/tt1414867/
tt1519660,Wish,Baram,2009,Drama,Seong-han Lee,https://www.imdb.com/title/tt1519660/
tt1599378,Yoga Class,Yoga Hakwon,2009,"Fantasy,Horror,Mystery",Jae-yeon Yun,https://www.imdb.com/title/tt1599378/
tt1442571,14 Blades,Geumuiwi: 14Geomui Bimil,2010,"Action,History,Thriller",Daniel Lee,https://www.imdb.com/title/tt1442571/
tt1587729,71: Into the Fire,Pohwasogeuro,2010,"Action,Drama,War",John H. Lee,https://www.imdb.com/title/tt1587729/
tt1583213,A Barefoot Dream,Maen-bal-eui ggoom,2010,"Drama,Sport",Kim Tae-gyun,https://www.imdb.com/title/tt1583213/
tt1138442,A Better Tomorrow,Moo-jeok-ja,2010,"Action,Crime,Drama",Song Hae-sung,https://www.imdb.com/title/tt1138442/
tt2926228,A Boy's Sister,A Boy's Sister,2010,Drama,Won-sik Lee,https://www.imdb.com/title/tt2926228/
tt7851834,A Friend in Need,Yeouido,2010,"Drama,Thriller",Jay Song,https://www.imdb.com/title/tt7851834/
tt3045932,A Lone Tree,Seoseo Janeun Namu,2010,Drama,In-Sun Song,https://www.imdb.com/title/tt3045932/
tt1655618,A Long Visit,Chin-jeong-eom-ma,2010,Drama,Kim Myung-Jong,https://www.imdb.com/title/tt1655618/
tt14193402,All About My Father,All About My Father,2010,Drama,Lee Sang-Woo,https://www.imdb.com/title/tt14193402/
tt1734068,Anti Gas Skin,Bangdokpi,2010,Thriller,Gok Kim,https://www.imdb.com/title/tt1734068/
tt1941498,"Anyang, Paradise City","Dasi taeernago sipfiryo, Anyangae",2010,Drama,Chan-kyong Park,https://www.imdb.com/title/tt1941498/
tt1442512,Attack the Gas Station! 2,Joo-yoo-so-seup-gyeok-sa-geon-too,2010,"Action,Comedy",Kim Sang-jin,https://www.imdb.com/title/tt1442512/
tt1646959,Bedevilled,Kim Bok-nam salinsageonui jeonmal,2010,"Drama,Horror,Thriller",Cheol-soo Jang,https://www.imdb.com/title/tt1646959/
tt1655617,Bestseller,Be-seu-teu-sel-leo,2010,"Horror,Mystery,Thriller",Lee Jeong-ho,https://www.imdb.com/title/tt1655617/
tt1730695,Blades of Blood,Goo-reu-meul beo-eo-nan dal-cheo-reom,2010,"Action,Drama",Lee Joon-ik,https://www.imdb.com/title/tt1730695/
tt1836099,Bleak Night,Pasuggun,2010,Drama,Yoon Sunghyun,https://www.imdb.com/title/tt1836099/
tt3341952,Bloody Innocent,Salinui Kang,2010,"Drama,Mystery,Thriller",Daehyun Kim,https://www.imdb.com/title/tt3341952/
tt2922264,Boy,Boy,2010,"Crime,Drama,Family",Roh Hong-Jin,https://www.imdb.com/title/tt2922264/
tt6448600,Bravo! Jazz Life,Bravo! Jazz Life,2010,"Documentary,Music",Nam Moosung,https://www.imdb.com/title/tt6448600/
tt1528866,Camellia,Camellia,2010,"Drama,Romance",Jang Joon-hwan,https://www.imdb.com/title/tt1528866/
tt1658060,Cheonggyecheon Medley,Cheonggyecheon Medley,2010,"Documentary,History",Kelvin Kyung Kun Park,https://www.imdb.com/title/tt1658060/
tt2155321,"Come, Closer",Jogeumman Deo Gakkai,2010,"Drama,Romance",Kim Jong-kwan,https://www.imdb.com/title/tt2155321/
tt1786668,Cyrano Agency,Si-ra-no; Yeon-ae-jo-jak-do,2010,"Comedy,Romance",Kim Hyun-seok,https://www.imdb.com/title/tt1786668/
tt1677676,Dance Town,Daenseutawoon,2010,Drama,Jeon Kyu-hwan,https://www.imdb.com/title/tt1677676/
tt6769902,Dancing Zoo,Chumchuneun dongmurwon,2010,"Drama,Romance",Hyo-Jung Kim,https://www.imdb.com/title/tt6769902/
tt1703938,Death Bell 2: Bloody Camp,Death Bell 2,2010,Horror,Seon-Dong Yu,https://www.imdb.com/title/tt1703938/
tt6150056,"Don't Cry for Me, Sudan","Don't Cry for Me, Sudan",2010,"Biography,Documentary",Soo-Hwan Goo,https://www.imdb.com/title/tt6150056/
tt1794784,End of Animal,Jimseungwei Ggeut,2010,"Fantasy,Mystery,Sci-Fi",Jo Sung-hee,https://www.imdb.com/title/tt1794784/
tt1798181,Enemy at the Dead End,Joogigo Sipeun,2010,Thriller,Owen Cho,https://www.imdb.com/title/tt1798181/
tt1794788,Father Is a Dog,Abeojineun Gaeda,2010,Drama,Lee Sang-woo,https://www.imdb.com/title/tt1794788/
tt1897962,Festival,Peseutibal,2010,"Comedy,Drama,Romance",Lee Hae-young,https://www.imdb.com/title/tt1897962/
tt1826714,Finding Mr. Destiny,Finding Kim Jong-ok,2010,"Comedy,Romance",You-Jeong Jang,https://www.imdb.com/title/tt1826714/
tt1787968,"First Love: 1989, Memory of Sumida","First Love: 1989, Memory of Sumida",2010,"Documentary,Drama,History",Jeongsuk Park,https://www.imdb.com/title/tt1787968/
tt15279912,Flying Butterfly,Na-neun na-bi,2010,Documentary,Heum-mun Jeong,https://www.imdb.com/title/tt15279912/
tt6150054,Funny Neighbors,Funny Neighbors,2010,Comedy,Young-Chul Yang,https://www.imdb.com/title/tt6150054/
tt1885266,Grand Prix,Geurang peuri,2010,"Drama,Romance,Sport",Yun-ho Yang,https://www.imdb.com/title/tt1885266/
tt2041470,Green Days,Sojunghan nare kkum,2010,"Animation,Drama,Family",Jae-hoon Ahn,https://www.imdb.com/title/tt2041470/
tt1452626,Hahaha,Ha Ha Ha,2010,"Comedy,Drama,Romance",Hong Sang-soo,https://www.imdb.com/title/tt1452626/
tt1867984,Happy Killers,Bangawoon salinja,2010,"Comedy,Thriller",Dong-wook Kim,https://www.imdb.com/title/tt1867984/
tt1588356,Harmony,Hamoni,2010,"Drama,Music",Dae-gyu Kang,https://www.imdb.com/title/tt1588356/
tt1900891,Haunters,Choneungryeokja,2010,"Action,Sci-Fi,Thriller",Min-suk Kim,https://www.imdb.com/title/tt1900891/
tt1954642,Heart is... 2,Maeumee 2,2010,"Adventure,Comedy,Drama",Jeong-cheol Lee,https://www.imdb.com/title/tt1954642/
tt1820667,Heartbeat,Sim-jang-i Ddwooin-da,2010,Drama,Jae-geun Yoon,https://www.imdb.com/title/tt1820667/
tt1848926,Hello Ghost,Hellowoo goseuteu,2010,"Comedy,Drama,Family",Kim Young-tak,https://www.imdb.com/title/tt1848926/
tt2077762,Hero,Hi-eo-ro,2010,Horror,Hong-ik Kim,https://www.imdb.com/title/tt2077762/
tt2009494,I Am a Dad,Na-neun Abba-da,2010,"Action,Crime,Drama",Se-Yeong Lee,https://www.imdb.com/title/tt2009494/
tt1588170,I Saw the Devil,Angmareul boatda,2010,"Action,Thriller",Kim Jee-woon,https://www.imdb.com/title/tt1588170/
tt1555024,Iris: The Movie,Airiseu: Deo mubi,2010,"Action,Adventure,Drama",Kim Kyoo-tae,https://www.imdb.com/title/tt1555024/
tt2762768,Joomoonjin,Joomoonjin,2010,Fantasy,Ha Myeong-jung,https://www.imdb.com/title/tt2762768/
tt1655614,Lady Daddy,Abbaga yeojadeul jongahae,2010,"Comedy,Romance",Lee Kwang-jae,https://www.imdb.com/title/tt1655614/
tt1542482,Late Autumn,Man-choo,2010,"Drama,Romance",Kim Tae-yong,https://www.imdb.com/title/tt1542482/
tt1687241,Le Grand Chef 2: Kimchi Battle,Sik-gaek: Kim-chi-jeon-jaeng,2010,Comedy,Dong-hoon Baek,https://www.imdb.com/title/tt1687241/
tt1846449,Life Is Peachy,Changpihae,2010,"Drama,Fantasy,Romance",Soo-Hyun Kim,https://www.imdb.com/title/tt1846449/
tt2064854,Love Cuts,Love Cuts,2010,Drama,Gerald Lee,https://www.imdb.com/title/tt2064854/
tt1733316,Magic,Yosul,2010,Romance,Ku Hye-Sun,https://www.imdb.com/title/tt1733316/
tt3688314,Mammoth: Titan of the Ice Age,Mammoth: Titan of the Ice Age,2010,Documentary,Kim Si-Joon,https://www.imdb.com/title/tt3688314/
tt1814819,Man of Vendetta,Pa-gwi-dwin sa-na-i,2010,"Action,Drama,Thriller",Woo Min-ho,https://www.imdb.com/title/tt1814819/
tt3920736,Metamorphosis,Metamorphosis,2010,Drama,Lee Samchil,https://www.imdb.com/title/tt3920736/
tt1825955,Midnight FM,Simya-ui FM,2010,"Action,Crime,Thriller",Kim Sang-man,https://www.imdb.com/title/tt1825955/
tt1828245,Miracle on Jongno Street,Miracle on Jongno Street,2010,"Biography,Documentary,Drama",Hyuk-Sang Lee,https://www.imdb.com/title/tt1828245/
tt1814671,Miss Staff Sergeant,Republic of Korea 1%,2010,"Action,Comedy,Drama",Jo Myeong-nam,https://www.imdb.com/title/tt1814671/
tt2424520,Moe,Moe,2010,Animation,Dong-min Kim,https://www.imdb.com/title/tt2424520/
tt1694019,Moss,Iggi,2010,"Crime,Drama,Mystery",Kang Woo-suk,https://www.imdb.com/title/tt1694019/
tt1742083,My Barefoot Friend: The Story of Shallim and His Old Rickshaw,My Barefoot Friend: The Story of Shallim and His Old Rickshaw,2010,"Documentary,Drama",Seong-gyou Lee,https://www.imdb.com/title/tt1742083/
tt1672091,My Dear Desperado,Nae kkangpae gateun aein,2010,"Comedy,Romance",Kim Kwang-shik,https://www.imdb.com/title/tt1672091/
tt1862058,My Ex-Wife's Wedding,My Ex-Wife's Wedding,2010,"Comedy,Romance",Kung-Lok Lee,https://www.imdb.com/title/tt1862058/
tt1566029,My Heart Beats,Sim-jang-i Ddwi-ne,2010,Drama,Eunhee Huh,https://www.imdb.com/title/tt1566029/
tt3777378,My Sweet Baby,A-i-deul,2010,Documentary,Mi-rye Ryu,https://www.imdb.com/title/tt3777378/
tt1846675,Natalie,Natalri,2010,"Drama,Mystery,Romance",Kyung-jung Joo,https://www.imdb.com/title/tt1846675/
tt3632868,Nice Shorts,Sa-sa-geon-geon,2010,"Comedy,Drama,Thriller",Sung-hoon Hong,https://www.imdb.com/title/tt3632868/
tt1964665,No Doubt,Dol-i-kil soo eobs-neun,2010,"Drama,Mystery",Soo-young Park,https://www.imdb.com/title/tt1964665/
tt1662557,No Mercy,Yongseoneun eupda,2010,"Action,Crime,Thriller",Kim Hyeong-joon,https://www.imdb.com/title/tt1662557/
tt1714878,Oki's Movie,Ok-hui-ui yeonghwa,2010,"Comedy,Drama,Romance",Hong Sang-soo,https://www.imdb.com/title/tt1714878/
tt1533085,Parallel Life,Pyeong-haeng-i-ron,2010,Thriller,Ho-Young Kwon,https://www.imdb.com/title/tt1533085/
tt1733269,Passerby #3,Reinbou,2010,,Su-won Shin,https://www.imdb.com/title/tt1733269/
tt1897945,Petty Romance,Jjejjehan romaenseu,2010,"Comedy,Romance",Jeong-hoon Kim,https://www.imdb.com/title/tt1897945/
tt1287878,Poetry,Si,2010,Drama,Lee Chang-dong,https://www.imdb.com/title/tt1287878/
tt32622886,Proof for a Truly Great and Perfect Life,Proof for a Truly Great and Perfect Life,2010,Drama,Younguee Yoo,https://www.imdb.com/title/tt32622886/
tt2365937,Re-encounter,"Hye-hwa, dong",2010,Drama,Min Yong-geun,https://www.imdb.com/title/tt2365937/
tt1826860,Rolling Home with a Bull,So-wa hamque yeohang-ha-neun beob,2010,"Drama,Romance",Soon-rye Yim,https://www.imdb.com/title/tt1826860/
tt1884258,Romantic Debtors,Boolryang Namnyeo,2010,"Comedy,Romance",Geun-ho Shin,https://www.imdb.com/title/tt1884258/
tt1891832,Runaway from Home,Jipnaon Namjadeul,2010,Comedy,Ha Lee,https://www.imdb.com/title/tt1891832/
tt3211746,Second Half,Matyitneun insaeng,2010,Drama,Cho Sung-kyu,https://www.imdb.com/title/tt3211746/
tt1640111,Secret Love,Bimilae,2010,"Drama,Romance,Thriller",Hoon Ryoo,https://www.imdb.com/title/tt1640111/
tt1535491,Secret Reunion,Ui-hyeong-je,2010,"Action,Drama,Thriller",Hun Jang,https://www.imdb.com/title/tt1535491/
tt16043360,Seoul,Seoul,2010,Drama,Tae-yeong Yun,https://www.imdb.com/title/tt16043360/
tt1326801,Should've Kissed,Should've Kissed,2010,"Drama,Romance",Jinoh Park,https://www.imdb.com/title/tt1326801/
tt1885375,Sogyumo Acacia Band's Story,Sogyumo Acacia Band's Story,2010,Documentary,Hwan-ki Min,https://www.imdb.com/title/tt1885375/
tt4773564,Tell Me Your Wish,Soh woenuel malhehbwa,2010,Thriller,Park Beom-su,https://www.imdb.com/title/tt4773564/
tt2457408,The Boy from Ipanema,Ipanema Sonyeon,2010,Drama,Kih-hoon Kim,https://www.imdb.com/title/tt2457408/
tt4553272,The First Love Series,The First Love Series,2010,"Drama,Romance",Park Bum-Hoon,https://www.imdb.com/title/tt4553272/
tt32622915,The Gratefulness of a Friend's Advice,The Gratefulness of a Friend's Advice,2010,Drama,Younguee Yoo,https://www.imdb.com/title/tt32622915/
tt29041016,The Great Uproar a Little Boy,The Great Uproar a Little Boy,2010,Comedy,Ki-nam Nam,https://www.imdb.com/title/tt29041016/
tt1831744,The Haunted House Project,Pyega,2010,Horror,Lee Cheol-ha,https://www.imdb.com/title/tt1831744/
tt1677036,The Holiday,The Holiday,2010,Drama,Kim Jin-moo,https://www.imdb.com/title/tt1677036/
tt1653696,The House of Suh,더 하우스 오브 서,2010,Documentary,Iris K. Shim,https://www.imdb.com/title/tt1653696/
tt1314652,The Housemaid,Hanyeo,2010,"Drama,Thriller",Im Sang-soo,https://www.imdb.com/title/tt1314652/
tt1688225,The Influence,Inpulrueonseu,2010,"Action,Drama,Fantasy",J.Q. Lee,https://www.imdb.com/title/tt1688225/
tt1802806,The Journals of Musan,Musanilgi,2010,Drama,Park Jung-bum,https://www.imdb.com/title/tt1802806/
tt1584131,The Last Godfather,The Last Godfather,2010,"Comedy,Crime,Romance",Hyung-rae Shim,https://www.imdb.com/title/tt1584131/
tt1527788,The Man from Nowhere,Ajussi,2010,"Action,Crime,Drama",Lee Jeong-beom,https://www.imdb.com/title/tt1527788/
tt1603461,The Neighbor Zombie,Yieutjib jombi,2010,"Comedy,Horror",Yun-Jeong Jang,https://www.imdb.com/title/tt1603461/
tt1760984,The Outlaw,Mubeopja,2010,"Crime,Mystery,Thriller",Cheol-han Kim,https://www.imdb.com/title/tt1760984/
tt1886593,The Quiz Show Scandal,Kwijeu Wang,2010,Comedy,Jang Jin,https://www.imdb.com/title/tt1886593/
tt1773083,The Recipe,Doenjang,2010,"Drama,Mystery,Romance",Suh-Goon Lee,https://www.imdb.com/title/tt1773083/
tt1905059,The Servant,Bang-ja jeon,2010,"Comedy,Drama,Romance",Kim Dae-woo,https://www.imdb.com/title/tt1905059/
tt31170404,The Trip,Yeohaeng,2010,Drama,Bae Chang-ho,https://www.imdb.com/title/tt31170404/
tt1843120,The Unjust,Budanggeorae,2010,"Action,Crime,Drama",Ryoo Seung-wan,https://www.imdb.com/title/tt1843120/
tt1230385,The Yellow Sea,Hwanghae,2010,"Action,Crime,Drama",Na Hong-jin,https://www.imdb.com/title/tt1230385/
tt0435761,Toy Story 3,토이 스토리 3,2010,"Adventure,Animation,Comedy",Lee Unkrich,https://www.imdb.com/title/tt0435761/
tt1846803,Troubleshooter,Hae-gyeol-sa,2010,"Action,Crime,Drama",Kwon Hyeok-jae,https://www.imdb.com/title/tt1846803/
tt3046084,Try to Remember,Wuri mannan Jeok Issnayo,2010,Drama,Jin-Pyung Lim,https://www.imdb.com/title/tt3046084/
tt1832533,Twilight Gangsters,Yukhyeolpo kangdodan,2010,"Comedy,Crime,Drama",Kang Hyo-jin,https://www.imdb.com/title/tt1832533/
tt1754843,Villain and Widow,Yicheungui akdang,2010,"Comedy,Crime,Romance",Son Jae-gon,https://www.imdb.com/title/tt1754843/
tt1754866,Wedding Dress,We-ding-deu-re-seu,2010,Drama,Kwon Hyeong-jin,https://www.imdb.com/title/tt1754866/
tt2520828,Woo-ri i-woot-eui beom-joi,Woo-ri i-woot-eui beom-joi,2010,"Crime,Drama,Mystery",Byeong-jin Min,https://www.imdb.com/title/tt2520828/
tt3030838,A Confession,Ganjeung,2011,"Crime,Drama,Thriller",Su-min Park,https://www.imdb.com/title/tt3030838/
tt2086885,A Fish,Mulgogi,2011,Drama,Hong-min Park,https://www.imdb.com/title/tt2086885/
tt2087652,A Hundred-Year Journey of the Family,100-nyeon ga-jok,2011,Drama,Duk-chul Kim,https://www.imdb.com/title/tt2087652/
tt2087867,A Journey with Korean Masters,Ma-seu-teo-keul-lae-seu-ui san-chaek,2011,Drama,Lee Doo-yong,https://www.imdb.com/title/tt2087867/
tt2085883,A Reason to Live,Today,2011,Drama,Jeong-hyang Lee,https://www.imdb.com/title/tt2085883/
tt2047665,A Time and Place,A Time and Place,2011,"Drama,Fantasy",Soo-Hyun Lee,https://www.imdb.com/title/tt2047665/
tt2066827,A Time to Love,Ae-jeong man-sae,2011,Drama,Ji-young Boo,https://www.imdb.com/title/tt2066827/
tt2783348,"Across Land, Across Sea","Across Land, Across Sea",2011,Documentary,Dong-kyun Ko,https://www.imdb.com/title/tt2783348/
tt2082180,Always,Ohjik Geudaeman,2011,"Action,Drama,Romance",Song Il-gon,https://www.imdb.com/title/tt2082180/
tt2086799,Amen,Amen,2011,Drama,Kim Ki-duk,https://www.imdb.com/title/tt2086799/
tt4227384,An Escalator in World Order,Migugui balamgwa bul,2011,Documentary,Kyung-man Kim,https://www.imdb.com/title/tt4227384/
tt2087668,Ari Ari the Korean Cinema,Yong-hwa-pan,2011,Documentary,Heo Chul,https://www.imdb.com/title/tt2087668/
tt1922551,Arirang,Arirang,2011,"Documentary,Drama",Kim Ki-duk,https://www.imdb.com/title/tt1922551/
tt32624061,Automatic Diet: Director's cut,Automatic Diet: Director's cut,2011,Drama,Younguee Yoo,https://www.imdb.com/title/tt32624061/
tt2074334,Barbie,Ba-bi,2011,"Crime,Drama,Mystery",Lee Sang-woo,https://www.imdb.com/title/tt2074334/
tt1832438,Battlefield Heroes,Pyeong-yang-seong,2011,"Comedy,Drama",Lee Joon-ik,https://www.imdb.com/title/tt1832438/
tt32058192,Beautiful Legacy,A-leum-da-woon Yoo-san,2011,Romance,,https://www.imdb.com/title/tt32058192/
tt2086880,Beautiful Miss Jin,Mi-seu-jin-eun ye-ppeu-da,2011,Drama,Hee-chul Jang,https://www.imdb.com/title/tt2086880/
tt2086846,Black Dove,Ggeom-eun gal-mae-gi,2011,Drama,Gyeong-tae Roh,https://www.imdb.com/title/tt2086846/
tt2025506,Blind,Beulraindeu,2011,"Action,Crime,Drama",Ahn Sang-hoon,https://www.imdb.com/title/tt2025506/
tt2424538,Bloody Fight in Iron-Rock Valley,Cheolhamgyegokeui hyeotoo,2011,Drama,Ha-jean Ji,https://www.imdb.com/title/tt2424538/
tt2136809,Champ,Champ,2011,"Comedy,Drama,Sport",Lee Hwan-kyung,https://www.imdb.com/title/tt2136809/
tt1815637,Characters,Characters,2011,Drama,Kwang-Ju Son,https://www.imdb.com/title/tt1815637/
tt1861982,Children...,A-i-deul...,2011,"Mystery,Thriller",Kyu-maan Lee,https://www.imdb.com/title/tt1861982/
tt2085800,Choked,Ga-si,2011,Drama,Joong-Hyun Kim,https://www.imdb.com/title/tt2085800/
tt10210336,Chon-cheol-sal-in,Chon-cheol-sal-in,2011,Drama,Ji-na Kang,https://www.imdb.com/title/tt10210336/
tt1884495,Clash of the Families,Wi-heom-han sang-gyeon-rye,2011,"Comedy,Romance",Kim Jin Young,https://www.imdb.com/title/tt1884495/
tt1832453,"Come Rain, Come Shine","Saranghanda, saranghaji anneunda",2011,Drama,Yoon-ki Lee,https://www.imdb.com/title/tt1832453/
tt1814665,Countdown,Kawoonteudawoon,2011,"Action,Drama",Jong-ho Huh,https://www.imdb.com/title/tt1814665/
tt2114417,Couples,Kupeuljeu,2011,"Comedy,Romance",Jeong Yong-ki,https://www.imdb.com/title/tt2114417/
tt2086805,Dangerous Affairs,Baranasi,2011,Drama,Jeon Kyu-hwan,https://www.imdb.com/title/tt2086805/
tt2086953,Dangerously Excited,Na-neun Gongmuwon-ida,2011,"Comedy,Drama,Music",Ja-hong Koo,https://www.imdb.com/title/tt2086953/
tt1832381,Detective K: Secret of Virtuous Widow,Detective K,2011,"Action,Comedy,Crime",Suk-Yoon Kim,https://www.imdb.com/title/tt1832381/
tt9282946,Dr. Jump,Do-yak Seon-saeng,2011,Comedy,Yoon Seong-ho,https://www.imdb.com/title/tt9282946/
tt2782694,Dream Affection,Mongjeongae,2011,"Drama,Romance",Lee Soong-hwan,https://www.imdb.com/title/tt2782694/
tt1662703,Encounter,Jo woo,2011,"Drama,Family,Fantasy",Tai-hyung Lim,https://www.imdb.com/title/tt1662703/
tt2066943,Fatigue,Piro,2011,Drama,Kim Dong-myung,https://www.imdb.com/title/tt2066943/
tt2095647,Ghastly,Parasitic,2011,"Crime,Horror,Mystery",Ko Seok-jin,https://www.imdb.com/title/tt2095647/
tt1832362,Glove,Geulreobeu,2011,"Drama,Sport",Kang Woo-suk,https://www.imdb.com/title/tt1832362/
tt1865387,Hanaan,Hanaan,2011,Drama,Ruslan Pak,https://www.imdb.com/title/tt1865387/
tt1703845,Hanji,Dal-bit gil-eo-ol-li-gi,2011,Drama,Im Kwon-taek,https://www.imdb.com/title/tt1703845/
tt2091311,Head,Hedeu,2011,"Comedy,Mystery,Thriller",Un Cho,https://www.imdb.com/title/tt2091311/
tt2015315,Hindsight,Poo-reun so-geum,2011,"Action,Crime,Romance",Hyun-seung Lee,https://www.imdb.com/title/tt2015315/
tt2139977,Hit,Hiteu,2011,Drama,Seong-han Lee,https://www.imdb.com/title/tt2139977/
tt1999251,Home Sweet Home,Sins of Fathers,2011,Drama,Moon Si-Hyun,https://www.imdb.com/title/tt1999251/
tt17337642,Homicide Sonata,Homicide Sonata,2011,Thriller,Che Lee,https://www.imdb.com/title/tt17337642/
tt2008534,Hong Gil-dong 2084,Hong Gil-dong 2084,2011,"Adventure,Animation",Lee Jeong-in,https://www.imdb.com/title/tt2008534/
tt3840102,If You Were Me 5,Si-seon neo-meo,2011,Drama,Ji-young Boo,https://www.imdb.com/title/tt3840102/
tt2060509,In Love and War,Jeokgwaeui dongchim,2011,"Comedy,Drama,Romance",Geon-yong Park,https://www.imdb.com/title/tt2060509/
tt1855232,Invasion of Alien Bikini,Eillieon bikini,2011,"Comedy,Romance,Sci-Fi",Young-doo Oh,https://www.imdb.com/title/tt1855232/
tt2087822,Jam Docu Kangjung,Jam Docu Kangjung,2011,Documentary,Dong-ha Choi-ha,https://www.imdb.com/title/tt2087822/
tt2086881,Jesus Hospital,Ming-keu-ko-teu,2011,Drama,Shin Ah-ga,https://www.imdb.com/title/tt2086881/
tt2170028,Journey of light,Journey of light,2011,Documentary,Kang Yun Ha,https://www.imdb.com/title/tt2170028/
tt2086865,Kisses,Kisses,2011,Drama,Hee-sung Hwang,https://www.imdb.com/title/tt2086865/
tt1971466,"Leafie, A Hen into the Wild",Madangeul naon amtak,2011,"Adventure,Animation,Drama",Seong-yun Oh,https://www.imdb.com/title/tt1971466/
tt1964895,Little Black Dress,Mai Beulraek Minideureseu,2011,"Comedy,Drama",Heo In-moo,https://www.imdb.com/title/tt1964895/
tt2112192,Live Planet,Live Planet,2011,"Documentary,Music",Churl Gwon,https://www.imdb.com/title/tt2112192/
tt1473397,Lucky,Lucky,2011,Comedy,Gil Cates Jr.,https://www.imdb.com/title/tt1473397/
tt3843072,Mama,Mama,2011,Drama,Equan Choi,https://www.imdb.com/title/tt3843072/
tt1995309,Marrying the Mafia 4: Family Ordeal,Gamunui yeonggwang 4: Gamunui Soonan,2011,"Action,Comedy",Tae-won Jeong,https://www.imdb.com/title/tt1995309/
tt3045930,Miracle,Goraereul Chatneun Jajeongeo,2011,Drama,Young-Ro Kim,https://www.imdb.com/title/tt3045930/
tt1984208,Moby Dick,Mobidik,2011,Action,Park In-je,https://www.imdb.com/title/tt1984208/
tt2250170,Mr. Idol,Mr. Idol,2011,Drama,Ra Hee-chan,https://www.imdb.com/title/tt2250170/
tt0432968,My Demon Within,My Demon Within,2011,Horror,Michael Su,https://www.imdb.com/title/tt0432968/
tt1606384,My Way,Mai wei,2011,"Action,Drama,War",Kang Je-kyu,https://www.imdb.com/title/tt1606384/
tt2144938,Pacemaker,Pacemaker,2011,"Drama,Sport",Dal-Joong Kim,https://www.imdb.com/title/tt2144938/
tt2063842,Pained,Tong-jeung,2011,"Drama,Romance",Kwak Kyung-taek,https://www.imdb.com/title/tt2063842/
tt1919002,Papers,Papers,2011,Drama,Choong-min Lee,https://www.imdb.com/title/tt1919002/
tt2115426,Penny Pinchers,Tikkeulmoa romaenseu,2011,"Adventure,Comedy,Romance",Jung-hwan Kim,https://www.imdb.com/title/tt2115426/
tt2175849,Perfect Game,Peopekteu Geim,2011,"Drama,Sport",Park Hee-kon,https://www.imdb.com/title/tt2175849/
tt2224571,Perfect Partner,Wonbyeokhan Pateuneo,2011,"Comedy,Drama,Romance",Hun-Su Park,https://www.imdb.com/title/tt2224571/
tt2355564,Perfect Rivals,미호원가,2011,"Comedy,Romance",Yew Kwang Han,https://www.imdb.com/title/tt2355564/
tt2086894,Pink,Pink,2011,Drama,Jeon Soo-il,https://www.imdb.com/title/tt2086894/
tt2057455,Planet of Snail,Dalpaengee eui byeol,2011,"Documentary,Drama",Seung-jun Yi,https://www.imdb.com/title/tt2057455/
tt2022497,Play,Play,2011,"Drama,Music",Nam Dae-joong,https://www.imdb.com/title/tt2022497/
tt2088012,Punch,Wandeukyi,2011,"Comedy,Drama,Family",Lee Han,https://www.imdb.com/title/tt2088012/
tt2007413,Quick,Kwik,2011,"Action,Comedy,Crime",Beom-gu Cho,https://www.imdb.com/title/tt2007413/
tt2086815,Red Vacance Black Wedding,Bul-eun ba-kang-seu geom-eun we-ding,2011,"Comedy,Drama,Romance",Cheol-su Park,https://www.imdb.com/title/tt2086815/
tt2086873,Romance Joe,Lomaenseu Jo,2011,Drama,Kwang-kuk Lee,https://www.imdb.com/title/tt2086873/
tt1995415,Romantic Heaven,Romaentik hebeun,2011,"Comedy,Drama,Romance",Jang Jin,https://www.imdb.com/title/tt1995415/
tt2086905,"Ryang-kang-do: Merry Christmas, North!",Ryangkangdo aideul,2011,"Comedy,Drama",Seong-hoon Kim,https://www.imdb.com/title/tt2086905/
tt2132476,S.I.U.,Teuksoobon,2011,"Action,Crime,Thriller",Hwang Byeong-guk,https://www.imdb.com/title/tt2132476/
tt33944631,Scars,Hyungteo,2011,Drama,Woo-Seong Lim,https://www.imdb.com/title/tt33944631/
tt1891905,Sea Level,Julie's Land Adventure,2011,"Adventure,Animation,Comedy",Aun Hoe Goh,https://www.imdb.com/title/tt1891905/
tt2087888,Sea of Butterfly,Na-bi-wa ba-da,2011,Documentary,Bae-il Park,https://www.imdb.com/title/tt2087888/
tt1972749,"Secrets, Objects",Samul-eui bimil,2011,"Drama,Romance",Lee Young-mi,https://www.imdb.com/title/tt1972749/
tt1934381,Sector 7,Je7gwanggu,2011,"Action,Horror,Sci-Fi",Kim Ji-hoon,https://www.imdb.com/title/tt1934381/
tt2279039,Self Referential Traverse: Zeitgeist and Engagement,Jagadangchak: Shidaejeongshin kwa hyeonshilchamyeo,2011,Comedy,Sun Kim,https://www.imdb.com/title/tt2279039/
tt3331994,Short! Short! Short!,Hwan-sang-geuk-jang,2011,Horror,Ji-hye Han,https://www.imdb.com/title/tt3331994/
tt1741669,Shotgun Love,Sarangi museoweo,2011,"Comedy,Drama,Romance",Rain Jung,https://www.imdb.com/title/tt1741669/
tt2070649,Silenced,Dokani,2011,"Crime,Drama,Thriller",Hwang Dong-hyuk,https://www.imdb.com/title/tt2070649/
tt1684589,Son-nim-1 Cheo-beon-jjae I-ya-gi,Son-nim-1 Cheo-beon-jjae I-ya-gi,2011,"Horror,Thriller",Sang-Hwa Lee,https://www.imdb.com/title/tt1684589/
tt2332208,"Sorry, Thanks","Mi-han-hae, Ko-ma-weo",2011,Drama,Song Il-gon,https://www.imdb.com/title/tt2332208/
tt2132405,Spellbound,Ossakhan yeonae,2011,"Comedy,Fantasy,Horror",In-ho Hwang,https://www.imdb.com/title/tt2132405/
tt37834867,Spy Papa,Spy Papa,2011,Comedy,Han Seung-ryong,https://www.imdb.com/title/tt37834867/
tt2109208,Stateless Things,Jooltakdongsi,2011,Drama,Kim Kyung-mook,https://www.imdb.com/title/tt2109208/
tt2124918,Student Film,Student Film,2011,"Comedy,Drama,Horror",Chang-lae Kim,https://www.imdb.com/title/tt2124918/
tt1937339,Sunny,Sseo-ni,2011,"Comedy,Drama",Kang Hyoung-chul,https://www.imdb.com/title/tt1937339/
tt2321666,Super Monkey Returns,Super Monkey Returns,2011,Sci-Fi,Dong-yeob Shin,https://www.imdb.com/title/tt2321666/
tt8933942,Sweet Fish,Eun-eo,2011,Drama,Kap-Jong Park,https://www.imdb.com/title/tt8933942/
tt3028368,Tae-eo-na-seo mi-an-hae,Tae-eo-na-seo mi-an-hae,2011,Drama,Young-seok Choi,https://www.imdb.com/title/tt3028368/
tt2087872,Talking Architect,Mal-ha-neun geon-chug-ga,2011,Documentary,Jae-eun Jeong,https://www.imdb.com/title/tt2087872/
tt1942825,The Apprehenders,Chae-po-wang,2011,"Action,Comedy",Lim Chan-ik,https://www.imdb.com/title/tt1942825/
tt2418264,The Beast,Jim-seung,2011,"Action,Thriller",Yoo-sik Hwang,https://www.imdb.com/title/tt2418264/
tt3236308,The Cane,Hoichori,2011,"Comedy,Family",Kwang-woo Park,https://www.imdb.com/title/tt3236308/
tt1935094,The Cat,Go-hyang-i: Jook-eum-eul bo-neun doo gae-eui noon,2011,"Drama,Horror,Mystery",Seung-wook Byeon,https://www.imdb.com/title/tt1935094/
tt2007476,The Color of Pain,Bora,2011,Documentary,Kang-hyun Lee,https://www.imdb.com/title/tt2007476/
tt1922561,The Day He Arrives,Book chon bang hyang,2011,"Comedy,Drama",Hong Sang-soo,https://www.imdb.com/title/tt1922561/
tt3079670,The Dearest,Eun-sil-yee,2011,"Animation,Drama,Mystery",Sun-ah Kim,https://www.imdb.com/title/tt3079670/
tt2007387,The Front Line,Gojijeon,2011,"Action,Drama,History",Hun Jang,https://www.imdb.com/title/tt2007387/
tt2088019,The Golden Age of Korean Cinema and the Legend of Shin Film,Yeong-hwa-je-guk sin-pil-reum-ui yeog-sa,2011,Documentary,Jae-hong Cho,https://www.imdb.com/title/tt2088019/
tt2408288,The House,Jib,2011,Animation,Joo-Young Ban,https://www.imdb.com/title/tt2408288/
tt2086830,The King of Pigs,Dwae-ji-ui wang,2011,"Animation,Drama,Thriller",Yeon Sang-ho,https://www.imdb.com/title/tt2086830/
tt2557406,The Last Blossom,The Last Blossom,2011,Drama,Kyu-dong Min,https://www.imdb.com/title/tt2557406/
tt8898566,The Last Liaison,Majimak mirae,2011,Drama,Lee Soong-hwan,https://www.imdb.com/title/tt8898566/
tt2085788,The Passion of a Man Called Choe Che-u,"Dong-hak, su-un-choe-je-u",2011,Drama,Stanley Park,https://www.imdb.com/title/tt2085788/
tt2086812,The Peach Tree,Bok-sung-a-na-mu,2011,"Drama,Romance",Ku Hye-Sun,https://www.imdb.com/title/tt2086812/
tt2087768,The Reason Why I Step,Geo-reum-ui i-yu,2011,Documentary,Kim Cheol-min,https://www.imdb.com/title/tt2087768/
tt2041374,The Showdown,Hyultu,2011,"Action,Drama,History",Park Hoon-jung,https://www.imdb.com/title/tt2041374/
tt1932708,The Suicide Forecast,Soo-sang-han Go-gaek-deul,2011,"Comedy,Drama",Jin-mo Cho,https://www.imdb.com/title/tt1932708/
tt4227402,The True-Taste Show,Teroomatsyo,2011,Documentary,Jae-hwan Kim,https://www.imdb.com/title/tt4227402/
tt3957988,Too Many Villains,Too Many Villains,2011,Drama,Harry Kim,https://www.imdb.com/title/tt3957988/
tt2075368,Two Rabbits in Osaka,Two Rabbits in Osaka,2011,,Tai-hyung Lim,https://www.imdb.com/title/tt2075368/
tt2085765,Unbowed,Bu-reo-jin hwa-sal,2011,"Crime,Drama",Jeong Ji-yeong,https://www.imdb.com/title/tt2085765/
tt2025526,War of the Arrows,The Last Weapon,2011,"Action,Adventure",Kim Han-min,https://www.imdb.com/title/tt2025526/
tt1984177,White: The Melody of the Curse,Hwaiteu: Jeojooui Mellodi,2011,"Horror,Music,Mystery",Gok Kim,https://www.imdb.com/title/tt1984177/
tt2222596,Winter Butterfly,Gyewul Nabi,2011,Drama,Gyoo-min Kim,https://www.imdb.com/title/tt2222596/
tt2036416,You Are the Apple of My Eye,You Are the Apple of My Eye,2011,"Comedy,Drama,Romance",Giddens Ko,https://www.imdb.com/title/tt2036416/
tt2040605,You're My Pet,Neoneun Pet,2011,"Comedy,Romance",Byeong-gon Kim,https://www.imdb.com/title/tt2040605/
tt2551894,26 Years,26 nyeon,2012,"Crime,Drama,Thriller",Geun-hyun Cho,https://www.imdb.com/title/tt2551894/
tt2512962,9 Muses of Star Empire,9 Muses of Star Empire,2012,"Documentary,Music",Hark Joon Lee,https://www.imdb.com/title/tt2512962/
tt3054786,90 Minutes,90 Minutes,2012,Thriller,Sun-Uk Park,https://www.imdb.com/title/tt3054786/
tt8675644,A Beach with a View - Two Women,Jeonmang joheun haebyeon - Du yeoja,2012,Drama,Se-il Lee,https://www.imdb.com/title/tt8675644/
tt2371486,A Company Man,Hoi-sa-won,2012,"Action,Crime,Drama",Lim Sang-yoon,https://www.imdb.com/title/tt2371486/
tt2292674,A Mere Life,Beolgeo soongi,2012,Drama,Sanghun Park,https://www.imdb.com/title/tt2292674/
tt2507438,A Millionaire on the Run,5-baek-man-bool-eui Sa-na-i,2012,"Comedy,Drama",Ik-ro Kim,https://www.imdb.com/title/tt2507438/
tt2390253,A Muse,Eungyo,2012,"Drama,Romance",Jung Ji-woo,https://www.imdb.com/title/tt2390253/
tt2315152,A Werewolf Boy,Neukdae sonyeon,2012,"Drama,Fantasy,Romance",Jo Sung-hee,https://www.imdb.com/title/tt2315152/
tt2173264,All About My Wife,She's My Wife,2012,"Comedy,Drama,Romance",Kyu-dong Min,https://www.imdb.com/title/tt2173264/
tt2526132,Anxiety,Bu-ran,2012,Documentary,Hwan-ki Min,https://www.imdb.com/title/tt2526132/
tt2337981,Architecture 101,Geon-chook-hak-gae-ron,2012,"Drama,Romance",Lee Yong-ju,https://www.imdb.com/title/tt2337981/
tt2328503,As One,Koria,2012,"Drama,Sport",Moon Hyun-sung,https://www.imdb.com/title/tt2328503/
tt2415060,B.E.D.,Baedeu,2012,"Drama,Mystery",Cheol-su Park,https://www.imdb.com/title/tt2415060/
tt1321862,Back to the Jurassic,Dino Time,2012,"Adventure,Animation,Comedy",John Kafka,https://www.imdb.com/title/tt1321862/
tt3341536,Bolts & Blip: Battle of the Lunar League,Bol-cheu-wa Beul-lib,2012,"Action,Animation,Comedy",Tim Deacon,https://www.imdb.com/title/tt3341536/
tt2499792,Bugok Hawaii: Illusionary Paradise,Bugok Hawaii: Illusionary Paradise,2012,Drama,Kang-hun Ha,https://www.imdb.com/title/tt2499792/
tt2444044,Captain Kang,Captain Kang,2012,"Documentary,Drama,Family",Ho-Yeon Won,https://www.imdb.com/title/tt2444044/
tt2979274,Cheer Up Mr. Lee,"Him-nae-se-yo, Byeong-heon-ssi",2012,"Comedy,Drama",Lee Byeong-heon,https://www.imdb.com/title/tt2979274/
tt3838066,Children of Heaven,Cheon-gug-ui A-i-deul,2012,Drama,Heung-sik Park,https://www.imdb.com/title/tt3838066/
tt2927050,Circle of Crime,Circle of Crime,2012,"Crime,Drama,Thriller",Mun-heum Kim,https://www.imdb.com/title/tt2927050/
tt2652756,Codename: Jackal,Jakali onda,2012,"Action,Comedy",Hyeong-jun Bae,https://www.imdb.com/title/tt2652756/
tt2468774,Confession of Murder,Naega sarinbeomida,2012,"Action,Crime,Mystery",Jung Byung-gil,https://www.imdb.com/title/tt2468774/
tt2181885,Dancing Queen,Daensing kwin,2012,"Comedy,Drama,Family",Seok-hoon Lee,https://www.imdb.com/title/tt2181885/
tt2071441,Dangerous Liaisons,Wi-heom-han gyan-gye,2012,"Drama,Mystery,Romance",Hur Jin-ho,https://www.imdb.com/title/tt2071441/
tt2173024,Deranged,Yeon-ga-si,2012,"Drama,Sci-Fi,Thriller",Park Jeong-woo,https://www.imdb.com/title/tt2173024/
tt2248068,Dino King,Jeom-bak-i: Han-ban-do-eui Gong-ryong,2012,"Adventure,Animation,Drama",Han Sang-Ho,https://www.imdb.com/title/tt2248068/
tt6588968,Dirty Blood,Nabbeun Pi,2012,"Crime,Drama,Thriller",Kang Hyo-jin,https://www.imdb.com/title/tt6588968/
tt2466708,Doctor,Dak teol,2012,"Horror,Thriller",Sung-Hong Kim,https://www.imdb.com/title/tt2466708/
tt1935785,Don't Click,Mi-hwak-in-dong-yeong-sang,2012,"Horror,Mystery,Thriller",Tae-kyeong Kim,https://www.imdb.com/title/tt1935785/
tt2468826,"Don't Cry, Mommy",Donkeurai mami,2012,"Drama,Thriller",Yong-han Kim,https://www.imdb.com/title/tt2468826/
tt2297164,Doomsday Book,Illyumyeolmangbogoseo,2012,"Comedy,Drama,Fantasy",Kim Jee-woon,https://www.imdb.com/title/tt2297164/
tt3236578,Duet,Dyuet,2012,"Drama,Musical,Romance",Lee Sang-Bin,https://www.imdb.com/title/tt3236578/
tt1866143,Duresori: The Voice of East,Duresori: The Voice of East,2012,"Drama,Music",Jeongre Jo,https://www.imdb.com/title/tt1866143/
tt3497816,Eighteen Nineteen,Eighteen Nineteen,2012,Drama,Bae Gwang-soo,https://www.imdb.com/title/tt3497816/
tt3005244,El Condor Pasa,Kon-dol-eun nal-agan-da,2012,Drama,Jeon Soo-il,https://www.imdb.com/title/tt3005244/
tt2417550,Fatal,Kashi-ggot,2012,Drama,Donku Lee,https://www.imdb.com/title/tt2417550/
tt12428022,Fighting Family,Hwaiting paemili,2012,"Comedy,Family",Sang-Beom Gu,https://www.imdb.com/title/tt12428022/
tt2405620,Fire in Hell,Jiokhwa,2012,Drama,Lee Sang-woo,https://www.imdb.com/title/tt2405620/
tt3916530,Forest of Time,Forest of Time,2012,Documentary,Song Il-gon,https://www.imdb.com/title/tt3916530/
tt2321309,Gabi,Ga-bi,2012,"Drama,History,Mystery",Yun-hyeon Jang,https://www.imdb.com/title/tt2321309/
tt2441806,Ghost Sweepers,Sindeulin Uljinli,2012,"Adventure,Comedy,Fantasy",Jeong-won Shin,https://www.imdb.com/title/tt2441806/
tt7349270,Gipeun sarang,Gipeun sarang,2012,"Drama,Romance",Se-il Lee,https://www.imdb.com/title/tt7349270/
tt2473734,Grape Candy,Cheongpodo satang,2012,Drama,Kim Hee-jung,https://www.imdb.com/title/tt2473734/
tt2308725,Helpless,Hwacha,2012,"Drama,Mystery,Thriller",Young-Joo Byun,https://www.imdb.com/title/tt2308725/
tt2433474,Honor of Family 5,Honor of Family 5,2012,Comedy,Young-Gi Jung,https://www.imdb.com/title/tt2433474/
tt2961768,Horror Stories,Moo-seo-woon I-ya-gi,2012,"Crime,Drama,Fantasy",Jung Bum-shik,https://www.imdb.com/title/tt2961768/
tt6072460,House with a Good View,Jeon Mang Joh Eun Jip,2012,Romance,Soo Sung Lee,https://www.imdb.com/title/tt6072460/
tt2186819,Howling,Ha-wool-ling,2012,"Action,Thriller",Ha Yoo,https://www.imdb.com/title/tt2186819/
tt2201446,I Am,I Am,2012,Documentary,Choi Jin-sung,https://www.imdb.com/title/tt2201446/
tt2617852,I Am a King,Naneun wangyirosoyida,2012,"Comedy,Drama,History",Jang Kyu-sung,https://www.imdb.com/title/tt2617852/
tt1989712,In Another Country,Da-reun na-ra-e-seo,2012,"Drama,Romance",Hong Sang-soo,https://www.imdb.com/title/tt1989712/
tt2551720,"Juk-um ui sangja, the live","Juk-um ui sangja, the live",2012,"Documentary,Music",Hyekyung Woo,https://www.imdb.com/title/tt2551720/
tt3849694,Just Friends,Just Friends,2012,Romance,Cheol-ho Ahn,https://www.imdb.com/title/tt3849694/
tt2292676,Juvenile Offender,Beom-joe-so-nyeon,2012,"Crime,Drama",Yi-kwan Kang,https://www.imdb.com/title/tt2292676/
tt3342830,Knock,Nokeu,2012,"Horror,Romance",Joo-Heon Lee,https://www.imdb.com/title/tt3342830/
tt2849550,Lady Furious,Paeneun yeoja,2012,"Action,Comedy,Crime",Kim Choon-sik,https://www.imdb.com/title/tt2849550/
tt6593038,Lee and me,Lee and me,2012,"Documentary,Music",In-Eui Lee,https://www.imdb.com/title/tt6593038/
tt2147718,Let Me Out,Let Me Out,2012,"Comedy,Drama,Horror",Chang-lae Kim,https://www.imdb.com/title/tt2147718/
tt2291944,Lianmanting,Lianmanting,2012,Drama,Yunjin Park,https://www.imdb.com/title/tt2291944/
tt2592808,Love 911,Bandage,2012,"Comedy,Drama,Romance",Jeong Gi-hoon,https://www.imdb.com/title/tt2592808/
tt2300995,Love Fiction,Leobeu Pikseon,2012,"Comedy,Romance",Kye Soo Jeon,https://www.imdb.com/title/tt2300995/
tt2473884,Mai Ratima,Mai Ratima,2012,Drama,Yoo Ji-tae,https://www.imdb.com/title/tt2473884/
tt4854940,Melo,Melo,2012,"Drama,Mystery,Romance",Roy Lee,https://www.imdb.com/title/tt4854940/
tt2384794,Miss Conspirator,Misseu Go,2012,"Action,Comedy",Cheol-kwan Park,https://www.imdb.com/title/tt2384794/
tt12038260,Modern Family,Gajoksinema,2012,Drama,Kim Sung-ho,https://www.imdb.com/title/tt12038260/
tt2461614,"Moksha: The World or I, How Does That Work?",Moksha: Naneun hokeun saesangeun eodeotgae jakdonghaneunga,2012,Drama,Sungzoo Koo,https://www.imdb.com/title/tt2461614/
tt2420824,Mother Vengeance,Gongjungsahui,2012,"Crime,Drama,Thriller",Lee Ji-seung,https://www.imdb.com/title/tt2420824/
tt2082221,Nameless Gangster: Rules of the Time,War Against Crime: The Golden Age of the Bad Guys,2012,"Action,Crime,Drama",Yoon Jong-bin,https://www.imdb.com/title/tt2082221/
tt2466786,National Security,Namyeong-dong 1985,2012,"Drama,History,Thriller",Jeong Ji-yeong,https://www.imdb.com/title/tt2466786/
tt11558002,Natural Burials,Sumokjang,2012,"Horror,Romance,Thriller",K.C. Park,https://www.imdb.com/title/tt11558002/
tt4856766,No Cave,No Cave,2012,Drama,Jeong-Hong Lee,https://www.imdb.com/title/tt4856766/
tt1867086,Outback,The Outback,2012,"Adventure,Animation,Family",Kyung Ho Lee,https://www.imdb.com/title/tt1867086/
tt2342301,Over My Dead Body,Si-che-ga dol-a-wass-da,2012,"Comedy,Crime",Seon-ho Wu,https://www.imdb.com/title/tt2342301/
tt2081329,Papa,Pa-pa,2012,Drama,Han Ji-seung,https://www.imdb.com/title/tt2081329/
tt3632902,Paradox Circle,Naemonanwon,2012,Drama,Seong-hoon Kim,https://www.imdb.com/title/tt3632902/
tt2411024,Perfect Number,Yong-eui-ja X,2012,"Crime,Drama,Mystery",Pang Eun-jin,https://www.imdb.com/title/tt2411024/
tt2299842,Pieta,Pieta,2012,"Crime,Drama,Thriller",Kim Ki-duk,https://www.imdb.com/title/tt2299842/
tt2934344,Plump Revolution,Tongtonghan hyeokmyeong,2012,"Comedy,Romance",Chang-ho Jo,https://www.imdb.com/title/tt2934344/
tt2741624,Pluto,Myeong-wang-song,2012,"Drama,Mystery",Su-won Shin,https://www.imdb.com/title/tt2741624/
tt2838540,Project 577,Project 577,2012,"Adventure,Comedy,Drama",Lee Keun Woo,https://www.imdb.com/title/tt2838540/
tt5466442,Rabbit hole,Rabbit hole,2012,"Documentary,Music",Moon Ji-won,https://www.imdb.com/title/tt5466442/
tt2241463,Red Maria,Red Maria,2012,Documentary,Kyung-soon Lee,https://www.imdb.com/title/tt2241463/
tt8710092,Rememberance of MB,Rememberance of MB,2012,Documentary,Jae-hwan Kim,https://www.imdb.com/title/tt8710092/
tt2588506,Return of the Mafia,Gamunui yeonggwang 5: Gamunui Gwihan,2012,"Comedy,Crime",Jeong Yong-ki,https://www.imdb.com/title/tt2588506/
tt2973730,Role Play,Rolpeulrei,2012,Thriller,Baek Sang-yeol,https://www.imdb.com/title/tt2973730/
tt2182095,Runway Cop,Detective Cha,2012,"Action,Comedy,Romance",Terra Shin,https://www.imdb.com/title/tt2182095/
tt2164088,Sleepless Night,Jam-mot deun-eun bam,2012,Drama,Jang Kun-jae,https://www.imdb.com/title/tt2164088/
tt2253742,Soar Into the Sun,R2B: Return to Base,2012,"Action,Drama,Romance",Kim Dong-won,https://www.imdb.com/title/tt2253742/
tt13829054,"Spring, Snow","Bom, Nun",2012,Drama,Kim Tae-gyun,https://www.imdb.com/title/tt13829054/
tt26762422,Star: Radiant Love,Star: Radiant Love,2012,Romance,Han Sang-hee,https://www.imdb.com/title/tt26762422/
tt13696878,Still Strange,Still Strange,2012,"Drama,Family",Lee Hong-jae,https://www.imdb.com/title/tt13696878/
tt2244742,Sumbi: The world's Most Beautiful Breath of the Sea,Sumbi: The world's Most Beautiful Breath of the Sea,2012,Family,Sangsoo Ryoo,https://www.imdb.com/title/tt2244742/
tt5147844,Summer Days in Bloom,Summer Days in Bloom,2012,Documentary,U-jung Go,https://www.imdb.com/title/tt5147844/
tt2424678,Super Virgin,Suthogu,2012,"Comedy,Drama",Baek Seung-kee,https://www.imdb.com/title/tt2424678/
tt2164058,Swimming to Sea,Pa-dak pa-dak,2012,"Animation,Drama,Horror",Dae-hee Lee,https://www.imdb.com/title/tt2164058/
tt2250554,Tears in Heaven,Tears in Heaven,2012,"Drama,Family,Romance",William Kim,https://www.imdb.com/title/tt2250554/
tt2612044,The Beat Goes On,The Beat Goes On,2012,"Drama,Music",Byun Sung-hyun,https://www.imdb.com/title/tt2612044/
tt2544120,The Concubine,Hoo-goong: Je-wang-eui cheob,2012,"Drama,History,Romance",Kim Dae-seung,https://www.imdb.com/title/tt2544120/
tt2631670,The Crucible,The Crucible,2012,"Drama,Mystery,Thriller",Yeon Soo Kim,https://www.imdb.com/title/tt2631670/
tt2442642,The Delivery,The Delivery,2012,"Drama,Family",Sangyeoun Bang,https://www.imdb.com/title/tt2442642/
tt2523230,The Ensemble,The Ensemble,2012,"Biography,Documentary,Drama",Jongfil Lee,https://www.imdb.com/title/tt2523230/
tt2448584,The Grand Heist,Gone with the Wind,2012,"Action,Comedy,History",Joo-Ho Kim,https://www.imdb.com/title/tt2448584/
tt5156638,The Heaven Is Only Open to the Single!,Seolma geureolriga ubseo,2012,Drama,Cho Sung-kyu,https://www.imdb.com/title/tt5156638/
tt2195490,The Neighbors,I-ut saram,2012,"Crime,Drama,Mystery",Hwi Kim,https://www.imdb.com/title/tt2195490/
tt1978567,The Reef 2: High Tide,The Reef 2: High Tide,2012,"Adventure,Animation,Comedy",Mark A.Z. Dippé,https://www.imdb.com/title/tt1978567/
tt2526152,The Russian Novel,Reoshian soseol,2012,Drama,Shin Yeon-shick,https://www.imdb.com/title/tt2526152/
tt2365847,The Scent,Gantongeul Gidarineun Namja,2012,"Action,Comedy,Crime",Kim Hyeong-joon,https://www.imdb.com/title/tt2365847/
tt3037322,The Sleepless,Doo gae-eui dal,2012,"Horror,Mystery",Dong-bin Kim,https://www.imdb.com/title/tt3037322/
tt2412338,The Spies,Gan-cheob,2012,"Action,Comedy",Woo Min-ho,https://www.imdb.com/title/tt2412338/
tt2658278,The Suck Up Project,Mr. Ass-Kisser,2012,Comedy,Seung-koo Jeong,https://www.imdb.com/title/tt2658278/
tt2556228,The Sunshine Boys,"1999, Myeonhee",2012,Drama,Kim Tae-gon,https://www.imdb.com/title/tt2556228/
tt2106670,The Taste of Money,Donui mat,2012,"Drama,Thriller",Im Sang-soo,https://www.imdb.com/title/tt2106670/
tt2330866,The Thieves,The Professionals,2012,"Action,Comedy,Crime",Choi Dong-hoon,https://www.imdb.com/title/tt2330866/
tt2554270,The Tower,Ta-weo,2012,"Action,Drama,Thriller",Kim Ji-hoon,https://www.imdb.com/title/tt2554270/
tt3341438,The Ugly Duckling,Miwoon ori saeggi,2012,"Comedy,Drama",Kwak Kyung-taek,https://www.imdb.com/title/tt3341438/
tt2384688,The Weight,Muge,2012,Drama,Jeon Kyu-hwan,https://www.imdb.com/title/tt2384688/
tt5175242,The Winter of the Year Was Warm,The Winter of the Year Was Warm,2012,Drama,Cho Sung-kyu,https://www.imdb.com/title/tt5175242/
tt1840417,The Words,The Words,2012,"Drama,Mystery,Romance",Brian Klugman,https://www.imdb.com/title/tt1840417/
tt2232336,Timeless Project,Timeless Project,2012,Drama,Hyeck Joon Son,https://www.imdb.com/title/tt2232336/
tt3087696,Tone-Deaf Clinic,Umchi keulreonik,2012,"Comedy,Romance",Kim Jin Young,https://www.imdb.com/title/tt3087696/
tt19413992,"Tony Rayns, the Not-So-Distant Observer",To-ni Re-in-jeu-ui han-gug-yeong-hwa 25 nyeon,2012,Documentary,Seo Won-Tae,https://www.imdb.com/title/tt19413992/
tt2996736,Touch,Teu-chi,2012,Drama,Byung-hun Min,https://www.imdb.com/title/tt2996736/
tt3324106,Tour of Duty,Geomiui ttang,2012,"Biography,Documentary,War",Dong-ryung Kim,https://www.imdb.com/title/tt3324106/
tt2308860,Traffickers,Conspirators,2012,"Action,Crime,Drama",Hongsun Kim,https://www.imdb.com/title/tt2308860/
tt3510092,Tumbleweed,Changsoo,2012,"Crime,Drama,Romance",Lee Duk-Hee,https://www.imdb.com/title/tt3510092/
tt7600874,Two Doors,Doo gae-eui moon,2012,Documentary,Ji-you Hong,https://www.imdb.com/title/tt7600874/
tt2570292,Two Weddings and a Funeral,Du Bunui Gyulhonsikgwa Han Bunui Jangryesik,2012,"Comedy,Romance",Jho Kwang-soo Kim,https://www.imdb.com/title/tt2570292/
tt11591164,Venus in Furs,Mopireul ipeun bineoseu,2012,"Drama,Thriller",Ye-sup Song,https://www.imdb.com/title/tt11591164/
tt5528852,Virgin Forest,Wonsirim,2012,Documentary,Hyun-jung Lee,https://www.imdb.com/title/tt5528852/
tt2526140,Wellang Trei,Wellang Trei,2012,Documentary,Tae-il Kim,https://www.imdb.com/title/tt2526140/
tt2592336,Whatcha Wearin'?,Na-eui PS pa-teu-neo,2012,"Comedy,Romance",Byun Sung-hyun,https://www.imdb.com/title/tt2592336/
tt2164064,Without Father,A-beo-ji eobsn-eun salm,2012,Documentary,Kim Eung-soo,https://www.imdb.com/title/tt2164064/
tt2187203,Wonderful Radio,Love On-Air,2012,Drama,Kwon Chil-in,https://www.imdb.com/title/tt2187203/
tt7089936,Woorineun Keukose Isutta,Woorineun Keukose Isutta,2012,"Adventure,Documentary,Sport",June Park,https://www.imdb.com/title/tt7089936/
tt2401827,Xuanze,Xuanze,2012,Drama,Yunjin Park,https://www.imdb.com/title/tt2401827/
tt2677710,Young Gun in the Time,Young Gun Detective Agency,2012,"Action,Comedy,Crime",Young-doo Oh,https://www.imdb.com/title/tt2677710/
tt2417584,Your Time Is Up,Nu-guna je myeonge jukkoshipda,2012,Drama,Sung-hyun Kim,https://www.imdb.com/title/tt2417584/
tt3180640,10 Minutes,Sip bun,2013,Drama,Lee Yong-seung,https://www.imdb.com/title/tt3180640/
tt3281394,11 A.M.,A.M. 11:00,2013,"Sci-Fi,Thriller",Kim Hyun-seok,https://www.imdb.com/title/tt3281394/
tt3441310,48M,48M,2013,Drama,Back-du Min,https://www.imdb.com/title/tt3441310/
tt2926238,An Ethics Lesson,Bunnoui Yunrihak,2013,"Drama,Thriller",Myung-rang Park,https://www.imdb.com/title/tt2926238/
tt6150060,An-nyung?! O-ke-seu-teu-la,An-nyung?! O-ke-seu-teu-la,2013,"Documentary,Music",Lee Cheol-ha,https://www.imdb.com/title/tt6150060/
tt5036420,An-nyung?! Orchestra,An-nyung?! Orchestra,2013,Documentary,Lee Cheol-ha,https://www.imdb.com/title/tt5036420/
tt4184208,Another Promise,Ddo Hanaui Yaksok,2013,Drama,Kim Tae-yoon,https://www.imdb.com/title/tt4184208/
tt37707982,Are You Ready? (ii),Are You Ready? (ii),2013,Documentary,Heo Won,https://www.imdb.com/title/tt37707982/
tt2704282,Behind the Camera,"Dwitdamhwa, gamdokyi micheotseoyo",2013,"Comedy,Documentary,Drama",Je-yong Lee,https://www.imdb.com/title/tt2704282/
tt2969506,Boomerang Family,Go-ryeong-hwa-ga-jok,2013,"Comedy,Drama",Song Hae-sung,https://www.imdb.com/title/tt2969506/
tt2969484,Born to Sing,Born to Sing: National Singing Contest - Jeonguk Norae Jarang,2013,"Comedy,Drama,Music",Lee Jong-pil,https://www.imdb.com/title/tt2969484/
tt3669076,Bul-eun ba-kang-seu geom-eun we-ding 2,Bul-eun ba-kang-seu geom-eun we-ding 2,2013,Drama,Wee-an Choi,https://www.imdb.com/title/tt3669076/
tt2960024,City: Hall,Mal-ha-neun geon-chug: Siti: Hol,2013,Documentary,Jae-eun Jeong,https://www.imdb.com/title/tt2960024/
tt2969656,Cold Eyes,Gam-si-ja-deul,2013,"Action,Crime,Thriller",Kim Byung-seo,https://www.imdb.com/title/tt2969656/
tt3144098,Commitment,Dong-chang-saeng,2013,"Action,Drama",Hong-soo Park,https://www.imdb.com/title/tt3144098/
tt3560580,Days of Wrath,Punisher,2013,"Drama,Thriller",Dong-yeob Shin,https://www.imdb.com/title/tt3560580/
tt2894416,Dear Dolphin,Hwansangsokui Geudae,2013,"Drama,Fantasy",Ji-na Kang,https://www.imdb.com/title/tt2894416/
tt2893466,December,Di-sem-beo,2013,"Comedy,Documentary,Drama",Jeong-hoon Park,https://www.imdb.com/title/tt2893466/
tt6419724,Deed,Jit,2013,"Romance,Thriller",James Han,https://www.imdb.com/title/tt6419724/
tt3831364,Discipline,Discipline,2013,"Documentary,Drama",Lee-Chang Kim,https://www.imdb.com/title/tt3831364/
tt6059254,Door to the Night,Ya-gwan-mun: Yok-mang-ui-Kkot,2013,"Mystery,Romance",Im Kyung-soo,https://www.imdb.com/title/tt6059254/
tt3756662,Dynamite man,Dynamite man,2013,"Action,Crime,Drama",Hyeok-Won Jeong,https://www.imdb.com/title/tt3756662/
tt2452292,"Eating, Talking, Faucking",Saeng-saeng-hwal-hwal,2013,"Comedy,Drama",Cheol-su Park,https://www.imdb.com/title/tt2452292/
tt3163404,Fasten Your Seatbelt,Rollukoseutu,2013,Comedy,Ha Jung-woo,https://www.imdb.com/title/tt3163404/
tt1977755,Final Recipe,Final Recipe,2013,Drama,Gina Kim,https://www.imdb.com/title/tt1977755/
tt2828840,Fists of Legend,Jeonseolui joomeok,2013,Action,Kang Woo-suk,https://www.imdb.com/title/tt2828840/
tt2351310,Flu,The Flu,2013,"Action,Crime,Drama",Sung Soo Kim,https://www.imdb.com/title/tt2351310/
tt3264494,Friend 2,Chingoo 2,2013,"Action,Crime,Drama",Kwak Kyung-taek,https://www.imdb.com/title/tt3264494/
tt2294629,Frozen,Gyeowool Wangguk,2013,"Adventure,Animation,Comedy",Chris Buck,https://www.imdb.com/title/tt2294629/
tt1583421,G.I. Joe: Retaliation,G.I. Joe: Retaliation,2013,"Action,Adventure,Sci-Fi",Jon M. Chu,https://www.imdb.com/title/tt1583421/
tt3230608,Genome Hazard,Genomu hazâdo: Aru tensai kagakusha no 5-kakan,2013,"Drama,Thriller",Kim Seong-soo,https://www.imdb.com/title/tt3230608/
tt14083964,Geu-ri-go si-peun geot,Geu-ri-go si-peun geot,2013,Documentary,Hyo Kwon,https://www.imdb.com/title/tt14083964/
tt2799470,Ghost Girl,Ghost Girl,2013,"Fantasy,Mystery",Kidong Kim,https://www.imdb.com/title/tt2799470/
tt3101100,"Go, Stop, Murder","Go, Stop, Murder",2013,"Drama,Fantasy,Sci-Fi",Joon Kwon Kim,https://www.imdb.com/title/tt3101100/
tt3069086,God's Eye View,Sisun,2013,Drama,Lee Jang-ho,https://www.imdb.com/title/tt3069086/
tt2492700,Godsend,Sin-ui seon-mul,2013,Drama,Moon Si-Hyun,https://www.imdb.com/title/tt2492700/
tt3079520,"Good, bye","Good, bye",2013,"Drama,Romance",Seung Hyeon Kim,https://www.imdb.com/title/tt3079520/
tt2935312,Goodbye Homerun,Goodbye Homerun,2013,Documentary,Lee Jung-ho,https://www.imdb.com/title/tt2935312/
tt7298094,Green Chair 2013: Love Conceptually,Noksaek uija 2013: Leobeu ceonsep chueolli,2013,"Drama,Romance",Cheol-su Park,https://www.imdb.com/title/tt7298094/
tt3265422,Gureombi: The Wind Is Blowing,Gureombi: Balam-i bunda,2013,Documentary,Sung-bong Cho,https://www.imdb.com/title/tt3265422/
tt3265462,Han Gong-ju,Han Gong-ju,2013,"Crime,Drama",Lee Su-jin,https://www.imdb.com/title/tt3265462/
tt2969508,Happiness for Sale,Mi-na moon-bang-goo,2013,"Comedy,Drama",Ik-Hwan Jeong,https://www.imdb.com/title/tt2969508/
tt3089788,Here Comes Uncle Joe,Here Comes Uncle Joe,2013,"Biography,Documentary,Drama",Wooyoung Choi,https://www.imdb.com/title/tt3089788/
tt4856806,Hide N Seek,Hide N Seek,2013,"Drama,Thriller",Han-Uk Lee,https://www.imdb.com/title/tt4856806/
tt3155654,Hide and Seek,Sumbakkokjil,2013,"Horror,Mystery,Thriller",Jung Huh,https://www.imdb.com/title/tt3155654/
tt11890680,Holly,Holli,2013,Drama,Park Byung Hwan,https://www.imdb.com/title/tt11890680/
tt3153634,Hope,So-won,2013,Drama,Lee Joon-ik,https://www.imdb.com/title/tt3153634/
tt2961802,Horror Stories 2,Musoun iyagi 2,2013,Horror,Kim Sung-ho,https://www.imdb.com/title/tt2961802/
tt8698458,Hot Desire,Hot Desire,2013,Drama,Jung Bum-shik,https://www.imdb.com/title/tt8698458/
tt2934568,How to Use Guys with Secret Tips,Namja sayongseolmyeongseo,2013,"Comedy,Romance",Wonsuk Lee,https://www.imdb.com/title/tt2934568/
tt2972362,Hwayi: A Monster Boy,Hwai: Goimooleul samkin ai,2013,"Action,Crime,Thriller",Jang Joon-hwan,https://www.imdb.com/title/tt2972362/
tt3424668,INGtoogi: The Battle of Internet Trolls,Ingtoogi,2013,"Action,Drama",Taehwa Um,https://www.imdb.com/title/tt3424668/
tt3840576,If You Were Me 6,Eotteon siseon,2013,Drama,Shin Ah-ga,https://www.imdb.com/title/tt3840576/
tt39177504,Incomplete Life: Prequel,Incomplete Life: Prequel,2013,"Action,Comedy,Drama",Son Tae-gyum,https://www.imdb.com/title/tt39177504/
tt3118758,Intruders,Jo nan-ja-deul,2013,"Comedy,Mystery,Thriller",Young-seok Noh,https://www.imdb.com/title/tt3118758/
tt5827216,Iris 2: The Movie,Iris 2: The Movie,2013,"Action,Adventure,Crime",Tae-hun Kim,https://www.imdb.com/title/tt5827216/
tt5582600,It's Time to Love,Wonjun Sojoonghan Sarang,2013,Drama,Kim Jin-min,https://www.imdb.com/title/tt5582600/
tt5989258,Jeju Prayer,Jeju Prayer,2013,Documentary,Heung-soon Im,https://www.imdb.com/title/tt5989258/
tt2973516,Killer Toon,Deo web-toon: Ye-go sal-in,2013,"Horror,Thriller",Kim Yong-gyun,https://www.imdb.com/title/tt2973516/
tt7275802,Koala,Koalla,2013,Drama,Kim Joo-hwan,https://www.imdb.com/title/tt7275802/
tt3302788,Kong's Family,Kong-ga-ne,2013,Comedy,Gee-woong Nam,https://www.imdb.com/title/tt3302788/
tt8836604,Lazy Hitchhikers' Tour de Europe,Lazy Hitchhikers' Tour de Europe,2013,Documentary,Lee Ho-jae,https://www.imdb.com/title/tt8836604/
tt2894410,Lebanon Emotion,Lebanon kamjeong,2013,Drama,Young-heon Jung,https://www.imdb.com/title/tt2894410/
tt28089272,Let's Go to Rose Motel,Gaja Jangmiyeogwaneuro,2013,Drama,Jeong-gyun Shin,https://www.imdb.com/title/tt28089272/
tt3985604,Love Lesson,Hwaryeonhan Oechul,2013,"Drama,Romance",Ko Kyoung,https://www.imdb.com/title/tt3985604/
tt3236444,Love in 42.9,Nangmanpa Nampyeonui Pyeonji,2013,"Drama,Fantasy,Romance",Wee-an Choi,https://www.imdb.com/title/tt3236444/
tt3680552,Love in Korea,Love in Korea,2013,Documentary,Park Jewook,https://www.imdb.com/title/tt3680552/
tt2705504,Lullaby City,Lullaby City,2013,"Comedy,Drama",Suel Kim,https://www.imdb.com/title/tt2705504/
tt2630028,Man on the Edge,God's Men,2013,"Comedy,Crime,Drama",Jin-gyu Cho,https://www.imdb.com/title/tt2630028/
tt3520318,Manshin: Ten Thousand Spirits,Mansin,2013,"Biography,Documentary,Fantasy",Chan-kyong Park,https://www.imdb.com/title/tt3520318/
tt3432886,Marriage Blue,Gyeol-hon-jeon-ya,2013,"Comedy,Romance",Ji-Yeong Hong,https://www.imdb.com/title/tt3432886/
tt2659414,Miracle in Cell No. 7,Gift from Room Number 7,2013,"Comedy,Drama",Lee Hwan-kyung,https://www.imdb.com/title/tt2659414/
tt3582678,Miss Change,Miseu Cheinji,2013,"Comedy,Romance",Cho-Sin Jung,https://www.imdb.com/title/tt3582678/
tt5516760,Miss Cherry's Love Puzzle,Aengdooya yeonaehaja,2013,Drama,Ha-rin Jung,https://www.imdb.com/title/tt5516760/
tt2942522,Moebius,Moebiuseu,2013,"Drama,Thriller",Kim Ki-duk,https://www.imdb.com/title/tt2942522/
tt2969522,Montage,Mongtajoo,2013,"Crime,Mystery,Thriller",Jeong Geun-seop,https://www.imdb.com/title/tt2969522/
tt3086370,Moonglow: The Lives,Moonglow: The Lives,2013,Documentary,Jang Hae-Rang,https://www.imdb.com/title/tt3086370/
tt2969458,Mr. Go,Mi-seu-teo Go,2013,"Comedy,Drama,Sport",Kim Yong-hwa,https://www.imdb.com/title/tt2969458/
tt3283642,My Boy,My Boy,2013,"Drama,Family",Jeon Kyu-hwan,https://www.imdb.com/title/tt3283642/
tt3699100,"My Dear Girl, Jin-young","My Dear Girl, Jin-young",2013,Drama,Sung-eun Lee,https://www.imdb.com/title/tt3699100/
tt2291904,My Little Hero,Mai liteul hieoro,2013,"Drama,Music",Kim Sung-hoon,https://www.imdb.com/title/tt2291904/
tt2958712,My Paparotti,Paparoti,2013,"Biography,Comedy,Drama",Jong-chan Yun,https://www.imdb.com/title/tt2958712/
tt2894402,My Place,Mai peulleiseu,2013,"Biography,Documentary,Drama",Moon-chil Park,https://www.imdb.com/title/tt2894402/
tt4975466,Neverdie Butterfly,Neverdie Butterfly,2013,Drama,Hyun-Sang Jang,https://www.imdb.com/title/tt4975466/
tt2625030,New World,Sin-se-gye,2013,"Action,Crime,Drama",Park Hoon-jung,https://www.imdb.com/title/tt2625030/
tt3027176,No Big Deal,No Big Deal,2013,Drama,Sangseok Kim,https://www.imdb.com/title/tt3027176/
tt2917646,No Breathing,Nobeureshing,2013,"Drama,Romance,Sport",Yong-sun Jo,https://www.imdb.com/title/tt2917646/
tt2576522,Nobody's Daughter Haewon,Nugu-ui ttal-do anin Hae-won,2013,"Drama,Romance",Hong Sang-soo,https://www.imdb.com/title/tt2576522/
tt3265218,Non-Fiction Diary,Nonpiksyeon daieoli,2013,Documentary,Yoon-suk Jung,https://www.imdb.com/title/tt3265218/
tt5335114,Origin of Monogamy,Origin of Monogamy,2013,Drama,Min Kyeol,https://www.imdb.com/title/tt5335114/
tt2942512,Our Sunhi,U ri Sunhi,2013,"Comedy,Drama,Romance",Hong Sang-soo,https://www.imdb.com/title/tt2942512/
tt3236504,Over and Over Again,Gaeddong,2013,Drama,Byeong-Jun Kim,https://www.imdb.com/title/tt3236504/
tt4108136,Party 51,Pa-ti 51,2013,"Documentary,Music",Yong-Taek Jung,https://www.imdb.com/title/tt4108136/
tt3180658,Pascha,Pascha,2013,Drama,Ahn Sun-kyeong,https://www.imdb.com/title/tt3180658/
tt3205064,Playboy Bong,Atiseuteu Bong Man Dae,2013,Comedy,Man-dae Bong,https://www.imdb.com/title/tt3205064/
tt3163488,Prisma,Prisma,2013,Drama,Cheol-Min Im,https://www.imdb.com/title/tt3163488/
tt3520488,Queen of the Night,Bamui Yeowang,2013,"Comedy,Romance",Je-Yeong Kim,https://www.imdb.com/title/tt3520488/
tt3254646,Red Family,Bulg-eun gajog,2013,Drama,Ju-hyoung Lee,https://www.imdb.com/title/tt3254646/
tt3006156,Rockin' on Heaven's Door,Tteu-geoun ann-yeong,2013,"Comedy,Drama,Music",Taek-Soo Nam,https://www.imdb.com/title/tt3006156/
tt2653262,Rough Play,Baeuneun baeuda,2013,Drama,Shin Yeon-shick,https://www.imdb.com/title/tt2653262/
tt2763764,Running Man,Reonningmaen,2013,"Action,Adventure,Comedy",Jo Dong-oh,https://www.imdb.com/title/tt2763764/
tt7466786,Sa yung: Gaeanegadungeunyeo,Sa yung: Gaeanegadungeunyeo,2013,"Drama,Romance",Se-il Lee,https://www.imdb.com/title/tt7466786/
tt3461884,Sanda,Sanda,2013,Documentary,Mi-re Kim,https://www.imdb.com/title/tt3461884/
tt5337374,Secret Travel,Sowon taeksi,2013,"Comedy,Drama",Park Chang-Jin,https://www.imdb.com/title/tt5337374/
tt2967578,Secretly Greatly,Eunmilhagae euidaehagae,2013,"Action,Comedy,Drama",Cheol-soo Jang,https://www.imdb.com/title/tt2967578/
tt2424790,Seon Bie,Seon Bie,2013,History,Changkyu Lee,https://www.imdb.com/title/tt2424790/
tt3420684,Short! Short! Short!,Short! Short! Short!,2013,Drama,Jin-woo Lee,https://www.imdb.com/title/tt3420684/
tt3265450,Shuttlecock,Syeoteulkok,2013,Drama,Yu Bin Lee,https://www.imdb.com/title/tt3265450/
tt1706620,Snowpiercer,Transperceneige,2013,"Action,Sci-Fi,Thriller",Bong Joon Ho,https://www.imdb.com/title/tt1706620/
tt3394166,Song of Road,Song of Road,2013,"Action,Documentary,Music",Neulsaem Choi,https://www.imdb.com/title/tt3394166/
tt2969482,South Bound,Nam-jjok-eu-ro twi-eu,2013,"Comedy,Drama",Soon-rye Yim,https://www.imdb.com/title/tt2969482/
tt3694790,Steal My Heart,Kaechimi,2013,"Comedy,Crime,Romance",Hyun-Jong Lee,https://www.imdb.com/title/tt3694790/
tt3180652,Steel Cold Winter,Sonyeo,2013,"Drama,Horror",Choi Jin-sung,https://www.imdb.com/title/tt3180652/
tt1682180,Stoker,Stoker,2013,"Drama,Mystery,Thriller",Park Chan-wook,https://www.imdb.com/title/tt1682180/
tt3364008,Stranger,Stranger,2013,"Biography,Documentary",Hee-Young Chung,https://www.imdb.com/title/tt3364008/
tt2805830,Sum-ba-kok-jil,Sum-ba-kok-jil,2013,"Crime,Drama,Thriller",Hanuk Lee,https://www.imdb.com/title/tt2805830/
tt3404140,The Attorney,Byunhoin,2013,"Crime,Drama,History",Yang Woo-seok,https://www.imdb.com/title/tt3404140/
tt2357377,The Berlin File,In Berlin,2013,"Action,Thriller",Ryoo Seung-wan,https://www.imdb.com/title/tt2357377/
tt2961004,The Bittersweet Symphony,The Bittersweet Symphony,2013,"Crime,Drama,Musical",Bong Soo Ko,https://www.imdb.com/title/tt2961004/
tt3265472,The Dinner,Manchan,2013,"Drama,Family",Dong-Hyun Kim,https://www.imdb.com/title/tt3265472/
tt3008026,The Egg,The Egg,2013,"Comedy,Drama",Hanki Lee,https://www.imdb.com/title/tt3008026/
tt3008014,The Face Reader,Gwansang,2013,"Action,Drama,History",Han Jae-rim,https://www.imdb.com/title/tt3008014/
tt3091272,The Fake,Saibi,2013,"Animation,Drama,Thriller",Yeon Sang-ho,https://www.imdb.com/title/tt3091272/
tt3754322,The Five,Deo pa-i-beu,2013,"Action,Crime,Thriller",Yeon-Sik Jung,https://www.imdb.com/title/tt3754322/
tt2709764,The Gifted Hands,Saikometeuri,2013,"Drama,Mystery,Sci-Fi",Ho-Young Kwon,https://www.imdb.com/title/tt2709764/
tt3175402,The Great Rome 3D,The Great Rome,2013,Documentary,Jeong Joe Eung,https://www.imdb.com/title/tt3175402/
tt6145884,The Indecent Family,Bae-kkob,2013,"Comedy,Romance",Park Bo-Sang,https://www.imdb.com/title/tt6145884/
tt3587834,The King of Jokgu,Jokgoo wang,2013,"Comedy,Sport",Woo Moon-gi,https://www.imdb.com/title/tt3587834/
tt1549920,The Last Stand,The Last Stand,2013,"Action,Drama,Thriller",Kim Jee-woon,https://www.imdb.com/title/tt1549920/
tt3088256,The Light House,The Light House,2013,"Drama,Fantasy,Romance",Manho Hwang,https://www.imdb.com/title/tt3088256/
tt2652476,The Little Penguin Pororo's Racing Adventure,Pororo gukjangpan super sulme daemohum,2013,"Animation,Family,Sport",Choi Dong-hoon,https://www.imdb.com/title/tt2652476/
tt3342780,The Puppet,Kkog-du-gag-si,2013,Horror,Young-Rak Kwon,https://www.imdb.com/title/tt3342780/
tt3144390,The Secret Scandal,Norigae,2013,"Drama,Thriller",Seung-Ho Choi,https://www.imdb.com/title/tt3144390/
tt2321652,The Spy: Undercover Operation,The Spy,2013,"Action,Comedy,Thriller",Lee Seung-joon,https://www.imdb.com/title/tt2321652/
tt3103342,The Stone,Dol,2013,Drama,Cho Se-rae,https://www.imdb.com/title/tt3103342/
tt3404158,The Suspect,Yong-eui-ja,2013,"Action,Drama,Thriller",Won Shin-yeon,https://www.imdb.com/title/tt3404158/
tt2990738,The Terror Live,Deu tae-ro ra-i-beu,2013,"Action,Crime,Drama",Byung-woo Kim,https://www.imdb.com/title/tt2990738/
tt3461900,Thuy,An-nyung Thuy,2013,Drama,Kim Jae-han,https://www.imdb.com/title/tt3461900/
tt3450112,Tinker Ticker,Deulgae,2013,Drama,Jung-hoon Kim,https://www.imdb.com/title/tt3450112/
tt2719376,To Become 2,To Become 2,2013,"Biography,Documentary,Drama",Kay K,https://www.imdb.com/title/tt2719376/
tt3163364,Top Star,Top Star,2013,Drama,Park Joong-hoon,https://www.imdb.com/title/tt3163364/
tt3153628,Tough as Iron,Kang-cheol-i,2013,"Action,Drama,Family",Kwon-tae Ahn,https://www.imdb.com/title/tt3153628/
tt4915538,Vacance,Vacance,2013,Drama,Sun-Uk Park,https://www.imdb.com/title/tt4915538/
tt3615332,Veil,Baeil,2013,Mystery,Chang-Yann Jeong,https://www.imdb.com/title/tt3615332/
tt3004788,Very Ordinary Couple,Yeonaeui wondo,2013,"Comedy,Drama,Romance",Deok Noh,https://www.imdb.com/title/tt3004788/
tt3836978,Water Puppet: The secrets behind the curtain,Water Puppet: The secrets behind the curtain,2013,"Documentary,Drama,Family",Kang Hojun,https://www.imdb.com/title/tt3836978/
tt2797106,Way Back Home,Jibeuro ganeun gil,2013,Drama,Pang Eun-jin,https://www.imdb.com/title/tt2797106/
tt2762490,When Winter Screams,Seol-in,2013,"Drama,Fantasy,Thriller",Samuel Lee,https://www.imdb.com/title/tt2762490/
tt6454746,Yeonaeui Gisul,Yeonaeui Gisul,2013,"Comedy,Drama,Romance",Soo Sung Lee,https://www.imdb.com/title/tt6454746/
tt3421108,Zoom: pc world,Zoom: pc world,2013,"Drama,News,Sci-Fi",Seoung Taek Noh,https://www.imdb.com/title/tt3421108/
tt3212246,18: Eighteen Noir,18: Woorideuleui seongjang neuwareu,2014,"Action,Drama",Yunsun Han,https://www.imdb.com/title/tt3212246/
tt5218854,A Dynamite Family,Deok-su-ri 5 hyeong-je,2014,"Comedy,Drama,Mystery",Hyung-jun Jeon,https://www.imdb.com/title/tt5218854/
tt3907302,A Fresh Start,Saechulbal,2014,Drama,Jang Woo-jin,https://www.imdb.com/title/tt3907302/
tt3661798,A Girl at My Door,Dohee-ya,2014,Drama,July Jung,https://www.imdb.com/title/tt3661798/
tt3697626,A Hard Day,Kkeutkkaji ganda,2014,"Action,Crime,Thriller",Kim Seong-hun,https://www.imdb.com/title/tt3697626/
tt4203016,A Matter of Interpretation,Kkumboda haemong,2014,Drama,Kwang-kuk Lee,https://www.imdb.com/title/tt4203016/
tt3808172,A Midsummer's Fantasia,Han yeoreumui pantajia,2014,Drama,Jang Kun-jae,https://www.imdb.com/title/tt3808172/
tt5637858,A Pharisee,Barisaein,2014,Drama,Yeong-bae Jeong,https://www.imdb.com/title/tt5637858/
tt5090148,A Touch of Unseen,Gwijub,2014,Horror,Hyeon-cheol Lee,https://www.imdb.com/title/tt5090148/
tt7350424,Affair,Mirae,2014,"Drama,Romance",In-Gyoo Kim,https://www.imdb.com/title/tt7350424/
tt3837024,Aliens,Aliens,2014,"Comedy,Mystery,Sci-Fi",Hangyu Kim,https://www.imdb.com/title/tt3837024/
tt3797214,Alive,Sanda,2014,Drama,Park Jung-bum,https://www.imdb.com/title/tt3797214/
tt4282926,An Omnivorous Family's Dilemma,An Omnivorous Family's Dilemma,2014,"Documentary,Family",Jeong-Hoon Shin,https://www.imdb.com/title/tt4282926/
tt2573746,Animal,Animal,2014,"Comedy,Drama,Family",Jongwoon Choi,https://www.imdb.com/title/tt2573746/
tt39254599,Animal Detectives Kiruminzoo: The Movie,Animal Detectives Kiruminzoo: The Movie,2014,"Adventure,Animation,Comedy",Shoko Iwamoto,https://www.imdb.com/title/tt39254599/
tt3255278,Apostle,Sini bonaen salam,2014,"Drama,History,War",Kim Jin-moo,https://www.imdb.com/title/tt3255278/
tt6448092,Armor Hero Atlas,Armor Hero Atlas,2014,"Adventure,Fantasy,Horror",Jeon Sung-ho,https://www.imdb.com/title/tt6448092/
tt32623101,Avatamsaka Sutra,Avatamsaka Sutra,2014,Drama,Younguee Yoo,https://www.imdb.com/title/tt32623101/
tt4156924,Big Match,Bigmaechi,2014,"Action,Comedy,Thriller",Ho Choi,https://www.imdb.com/title/tt4156924/
tt12042808,Big Mouth - Mein Freund der Walhai,Big Mouth - Mein Freund der Walhai,2014,Documentary,Kim Heeseok,https://www.imdb.com/title/tt12042808/
tt3696234,"Bitter, Sweet, Seoul",Go-jin-gam-rae,2014,"Documentary,Drama",Park Chan-wook,https://www.imdb.com/title/tt3696234/
tt3554976,Broken,Banghwanghaneun kalnal,2014,"Action,Drama,Thriller",Lee Jeong-ho,https://www.imdb.com/title/tt3554976/
tt3509416,Cheol-ae-kum,Cheol-ae-kum,2014,Documentary,Kelvin Kyung Kun Park,https://www.imdb.com/title/tt3509416/
tt3414052,Cheon beoneul bulreodo,Cheon beoneul bulreodo,2014,"Drama,Family",Sung-sub Shin,https://www.imdb.com/title/tt3414052/
tt1824936,Chung-A,Chung-A,2014,Drama,Jung-ho Kim,https://www.imdb.com/title/tt1824936/
tt4120018,Collapse,Collapse,2014,Documentary,Won-woo Lee,https://www.imdb.com/title/tt4120018/
tt3957986,Confession,Jo-Eun-Chin-Goo-Deul,2014,"Drama,Thriller",Lee Do-yun,https://www.imdb.com/title/tt3957986/
tt4006786,Dance with Montaigne,"'Danser avec Montaigne, ' Dance with Montaigne",2014,"Biography,Documentary,Drama",Eun-ji Lee,https://www.imdb.com/title/tt4006786/
tt13249848,Daughter,Daughter,2014,Drama,Ku Hye-Sun,https://www.imdb.com/title/tt13249848/
tt3644552,Dear Dictator,Dear Dictator,2014,Drama,Lee Sang-woo,https://www.imdb.com/title/tt3644552/
tt4214800,Duel,Duel,2014,Sport,Taejin Ahn,https://www.imdb.com/title/tt4214800/
tt4108740,End of Winter,Cheolwongihaeng,2014,Drama,Dae-hwan Kim,https://www.imdb.com/title/tt4108740/
tt4023856,Entangled,Hyeon-gi-jeung,2014,Drama,Donku Lee,https://www.imdb.com/title/tt4023856/
tt3485192,Fashion King,Paesyeonwang,2014,"Drama,Romance",Oh Ki-hwan,https://www.imdb.com/title/tt3485192/
tt4481494,First Dance,First Dance,2014,"Biography,Documentary",Sohee Jeong,https://www.imdb.com/title/tt4481494/
tt5470254,First Love Showed Up One Day,"One Day, the First Love Invaded Me",2014,"Drama,Romance",Chung-Hwan Jeong,https://www.imdb.com/title/tt5470254/
tt4135500,Florist: The Confessions of a Beautiful Virtuoso,Florist: The Confessions of a Beautiful Virtuoso,2014,"Drama,Mystery,Thriller",Hansang Lee,https://www.imdb.com/title/tt4135500/
tt3763830,Fool Japan: The ABCs of Tetsudon,Fool Japan: The ABCs of Tetsudon,2014,"Action,Comedy,Sci-Fi",Reo Anzai,https://www.imdb.com/title/tt3763830/
tt4136696,For the Emperor,Hwangjereul wihayeo,2014,"Action,Crime",Sang Jun Park,https://www.imdb.com/title/tt4136696/
tt4080168,Futureless Things,Igeosi ooleeeui kkeutida,2014,"Comedy,Drama",Kim Kyung-mook,https://www.imdb.com/title/tt4080168/
tt27349309,Ghost Messenger,Goseuteu mesinjeo,2014,Animation,Goo Bong-hoe,https://www.imdb.com/title/tt27349309/
tt3849868,"Girls, Girls, Girls","Girls, Girls, Girls",2014,Comedy,Han Seung-rim,https://www.imdb.com/title/tt3849868/
tt4775126,Grow: Infinite's Real Youth Life,Grow: in-pi-ni-teu-eui Li-eol Cheong-choon Lai-peu,2014,"Documentary,Music",Jin-su Kim,https://www.imdb.com/title/tt4775126/
tt3635084,Guardian,Bohoja,2014,"Drama,Thriller",Yoo Won-Sang,https://www.imdb.com/title/tt3635084/
tt7380866,Half,Half,2014,Drama,Kim Se-yeon,https://www.imdb.com/title/tt7380866/
tt5773750,Haru,Kwangye,2014,"Drama,Romance",Kim Myoung-Seo,https://www.imdb.com/title/tt5773750/
tt10078844,Healing Mate,Healing Mate,2014,"Adult,Drama,Romance",Sin Jong-Geol,https://www.imdb.com/title/tt10078844/
tt5132522,Hear me,Hear me,2014,"Adventure,Drama,Family",Choong Young Kim,https://www.imdb.com/title/tt5132522/
tt4132546,Heart of Snow,Heart of Snow,2014,"Documentary,History",Jeong Kim,https://www.imdb.com/title/tt4132546/
tt3732252,Hill of Freedom,Jayueui eondeok,2014,Drama,Hong Sang-soo,https://www.imdb.com/title/tt3732252/
tt3756700,Hopeful,Hopeful,2014,"Drama,Sci-Fi",Lee Jin Woo,https://www.imdb.com/title/tt3756700/
tt3579990,Hot Young Bloods,Boiling Youngs,2014,"Comedy,Drama,Romance",Lee Yeon-woo,https://www.imdb.com/title/tt3579990/
tt3812402,How to Steal a Dog,Gaeleul hoomchineun wanbyeokhan bangbeob,2014,"Crime,Drama,Family",Kim Sung-ho,https://www.imdb.com/title/tt3812402/
tt5321392,Husband Don't Know,Nampyeonman mollayo,2014,Romance,Go-Gwang Hyeon,https://www.imdb.com/title/tt5321392/
tt4839348,Hwasangorae,Hwasangorae,2014,"Animation,Horror,Thriller",Hyemi Park,https://www.imdb.com/title/tt4839348/
tt3996810,I Am Trash,I Am Garbage,2014,Drama,Lee Sang-woo,https://www.imdb.com/title/tt3996810/
tt3550748,Innocent Crush,Thorn,2014,"Drama,Romance,Thriller",Kim Tae-gyun,https://www.imdb.com/title/tt3550748/
tt28113554,Insupportable,Desirable Taste,2014,"Drama,Romance,Thriller",Lee Ji-hyeong,https://www.imdb.com/title/tt28113554/
tt7325184,Janus: Two Faces of Desire,Yanuseu: Yongmangui du eolgul,2014,"Drama,Romance",Yeong-ho Son,https://www.imdb.com/title/tt7325184/
tt4498306,Journey of a Garden Balsam,Journey of a Garden Balsam,2014,Musical,Young Man Kang,https://www.imdb.com/title/tt4498306/
tt2972482,Kundo: Age of the Rampant,Kundo: Min-ran-eui si-dae,2014,"Action,Drama",Yoon Jong-bin,https://www.imdb.com/title/tt2972482/
tt3243630,Late Spring,Bom,2014,"Drama,Romance",Geun-hyun Cho,https://www.imdb.com/title/tt3243630/
tt3594258,Loop,Loop,2014,Drama,Park Gwang Bok,https://www.imdb.com/title/tt3594258/
tt5471184,Love Affair,Jeongsa,2014,"Drama,Romance",Jung-hwan Kim,https://www.imdb.com/title/tt5471184/
tt6082388,Love Match,Le-sseu-ling,2014,"Comedy,Romance",Kim Ho-joon,https://www.imdb.com/title/tt6082388/
tt3150002,Lucky Seoul,Lucky Seoul,2014,Documentary,Hyung Wook Ko,https://www.imdb.com/title/tt3150002/
tt3837066,Mad Sad Bad,Sin-chon-jom-bi-ma-hwa,2014,"Drama,Fantasy,Horror",Han Ji-seung,https://www.imdb.com/title/tt3837066/
tt4023930,Made in China,Meideu in Chaina,2014,Drama,Dong-hoo Kim,https://www.imdb.com/title/tt4023930/
tt3479250,Man in Love,When a Man Loves a Woman,2014,"Drama,Romance",Han Dong-wook,https://www.imdb.com/title/tt3479250/
tt3837196,Man on High Heels,Hai-hil,2014,"Action,Drama",Jang Jin,https://www.imdb.com/title/tt3837196/
tt4034380,Manhole,Maen-hol,2014,"Horror,Thriller",Jae-Young Shin,https://www.imdb.com/title/tt4034380/
tt19857654,Master and Man,Master and Man,2014,"Animation,Drama",Deok-pyo Hong,https://www.imdb.com/title/tt19857654/
tt3609972,Me from Far Away,Me from Far Away,2014,"Drama,Family,Mystery",Jong-Ryul Park,https://www.imdb.com/title/tt3609972/
tt5144318,Memories of Photographer,Memories of Photographer,2014,"Biography,Documentary,History",Chang Min Lee,https://www.imdb.com/title/tt5144318/
tt4286458,Mira Story,Mira Story,2014,"Adventure,Documentary",Heo Chul,https://www.imdb.com/title/tt4286458/
tt3516378,Miss Granny,Soo-sang-han geun-yeo,2014,"Comedy,Drama,Fantasy",Hwang Dong-hyuk,https://www.imdb.com/title/tt3516378/
tt30625725,Mizo,Mizo,2014,Drama,Gee-woong Nam,https://www.imdb.com/title/tt30625725/
tt3589450,Monster,Mon-seu-teo,2014,"Action,Drama,Thriller",In-ho Hwang,https://www.imdb.com/title/tt3589450/
tt3892620,Mourning Grave,Sonyeogoedam,2014,"Horror,Thriller",In-chun Oh,https://www.imdb.com/title/tt3892620/
tt5219156,Mr. Perfect,Baek-peu-ro,2014,"Comedy,Drama,Sport",Myeong-gyun Kim,https://www.imdb.com/title/tt5219156/
tt3976234,Murderer,Sal in Ja,2014,"Drama,Thriller",Lee Gi-Wook,https://www.imdb.com/title/tt3976234/
tt3837820,My Brilliant Life,Doogeundoogeun Nae Insaeng,2014,Drama,Je-yong Lee,https://www.imdb.com/title/tt3837820/
tt4200904,My Dictator,Naui dogjaeja,2014,Drama,Lee Hae-jun,https://www.imdb.com/title/tt4200904/
tt4038966,"My Love, My Bride",Naeui salang naeui sinboo,2014,"Comedy,Romance",Chan-sang Lim,https://www.imdb.com/title/tt4038966/
tt4529450,My Ordinary Love Story,Nae yeonaeui gieok,2014,"Mystery,Romance",Kwon Lee,https://www.imdb.com/title/tt4529450/
tt3697566,No Tears for the Dead,U-neun nam-ja,2014,"Action,Crime,Drama",Lee Jeong-beom,https://www.imdb.com/title/tt3697566/
tt4077122,Oblivion and Memory in Soan,Oblivion and Memory in Soan,2014,"Documentary,History",Kyungja Kim,https://www.imdb.com/title/tt4077122/
tt3303730,Obsessed,In-gan-jung-dok,2014,Drama,Kim Dae-woo,https://www.imdb.com/title/tt3303730/
tt5036130,One Night Only,One Night Only,2014,Drama,Jho Kwang-soo Kim,https://www.imdb.com/title/tt5036130/
tt4860356,One Thing She Doesn't Have,Yeobaewooneun Neomoohae,2014,"Comedy,Drama,Romance",Yoo Jung-Hwan,https://www.imdb.com/title/tt4860356/
tt4230570,"One for All, All for One",60 Manbeonui teulai,2014,Documentary,Donsa Park,https://www.imdb.com/title/tt4230570/
tt3696126,One on One,Ildaeil,2014,"Crime,Drama,Thriller",Kim Ki-duk,https://www.imdb.com/title/tt3696126/
tt34966556,Ordinary Days,Byeol-il-anida,2014,Drama,Sang-Seok Kim,https://www.imdb.com/title/tt34966556/
tt7189244,Pain of Others,Pain of Others,2014,"Documentary,Drama,Fantasy",Siyeon Kim,https://www.imdb.com/title/tt7189244/
tt13663678,Parallel,Parallel,2014,Documentary,Kay Kim,https://www.imdb.com/title/tt13663678/
tt3485166,Pirates,Haejeok: Badaro gan sanjeok,2014,"Action,Adventure,Comedy",Seok-hoon Lee,https://www.imdb.com/title/tt3485166/
tt8093614,Quo Vadis,Quo Vadis,2014,Documentary,Jae-hwan Kim,https://www.imdb.com/title/tt8093614/
tt4219354,Red Carpet,Red Carpet,2014,"Comedy,Romance",Park Beom-su,https://www.imdb.com/title/tt4219354/
tt8492340,Rescue Paws,T-pang Rescue,2014,Animation,Hyung-woo Bang,https://www.imdb.com/title/tt8492340/
tt3904222,Revivre,Hwajang,2014,Drama,Im Kwon-taek,https://www.imdb.com/title/tt3904222/
tt32058171,Romance in Seoul,Seoul-yeon-ae,2014,Romance,Choi Si-hyung,https://www.imdb.com/title/tt32058171/
tt4016152,Santa Barbara,Santa Barbara,2014,Romance,Cho Sung-kyu,https://www.imdb.com/title/tt4016152/
tt3958014,Scarlet Innocence,Madam ppang-deok,2014,"Drama,Romance,Thriller",Pil-sung Yim,https://www.imdb.com/title/tt3958014/
tt3303728,Sea Fog,Sea Fog,2014,"Drama,Thriller",Sung-bo Shim,https://www.imdb.com/title/tt3303728/
tt4120598,Set Me Free,Geo-in,2014,Drama,Kim Tae-yong,https://www.imdb.com/title/tt4120598/
tt6315746,Shadow Island,Yeong-do,2014,"Crime,Drama,Mystery",Seung-ung Son,https://www.imdb.com/title/tt6315746/
tt3550814,Sick World,Sick World,2014,"Documentary,Family",Hyun-Mi Park,https://www.imdb.com/title/tt3550814/
tt5773696,Sketch,Seukechi,2014,Romance,Hyuk-Jong Lee,https://www.imdb.com/title/tt5773696/
tt3305060,Slow Video,Seullou bidio,2014,"Comedy,Drama,Fantasy",Kim Young-tak,https://www.imdb.com/title/tt3305060/
tt5179048,So Very Very,So Very Very,2014,"Comedy,Drama,Family",Jewook Park,https://www.imdb.com/title/tt5179048/
tt4203200,Socialphobia,Sosyeolpobia,2014,"Drama,Mystery,Thriller",Seok-jae Hong,https://www.imdb.com/title/tt4203200/
tt3730172,Son's Time,Son's Time,2014,"Biography,Documentary,Drama",Taewoong Won,https://www.imdb.com/title/tt3730172/
tt3904778,Songs from the North,Songs from the North,2014,Documentary,Soon-Mi Yoo,https://www.imdb.com/title/tt3904778/
tt3693444,Sookhee,Sookhee,2014,Drama,Ji-eun Yang,https://www.imdb.com/title/tt3693444/
tt4856826,Strangers on the Field,Geu-ra-un-deu-ui i-bang-in,2014,"Documentary,Drama,Sport",Myung-Joon Kim,https://www.imdb.com/title/tt4856826/
tt4008348,Stray Dogs,Deul-gae-deul,2014,Thriller,Won-jun Ha,https://www.imdb.com/title/tt4008348/
tt3582090,Sunshine Love,Sunshine Love,2014,"Comedy,Drama,Fantasy",Eun-sung Jo,https://www.imdb.com/title/tt3582090/
tt3671552,Tabloid Truth,Jji-ra-si: Wi-heom-han so-moon,2014,"Action,Crime,Thriller",Kim Kwang-shik,https://www.imdb.com/title/tt3671552/
tt3402110,Tazza: The Hidden Card,Tajja: Sineui son,2014,"Crime,Drama",Kang Hyoung-chul,https://www.imdb.com/title/tt3402110/
tt3541262,The Admiral: Roaring Currents,The Admiral: Roaring Currents,2014,"Action,History,War",Kim Han-min,https://www.imdb.com/title/tt3541262/
tt3797178,The Avian Kind,Joryu ingan,2014,Drama,Shin Yeon-shick,https://www.imdb.com/title/tt3797178/
tt8674092,The Celebrated Gisaeng,Myeong-gi,2014,Drama,Hyeon Kang,https://www.imdb.com/title/tt8674092/
tt4319112,The Con Artists,Ki-sool-ja-deul,2014,"Action,Crime,Drama",Hongsun Kim,https://www.imdb.com/title/tt4319112/
tt4400894,The Disobeying Teachers,The Disobeying Teachers,2014,"Documentary,Drama",Dongill Seo,https://www.imdb.com/title/tt4400894/
tt3419894,The Divine Move,Sin-ui hansu,2014,"Action,Crime,Drama",Beom-gu Cho,https://www.imdb.com/title/tt3419894/
tt3539792,The Empire of Shame,Tamyogeui jegug,2014,"Documentary,Drama",Li-gyeong Hong,https://www.imdb.com/title/tt3539792/
tt5470286,The End of the World,Se-sang-eui kkeut,2014,"Drama,Romance",Mun-heum Kim,https://www.imdb.com/title/tt5470286/
tt3479208,The Fatal Encounter,Yeok-rin,2014,"Action,Drama",J.Q. Lee,https://www.imdb.com/title/tt3479208/
tt4518420,The Hospice,The Hospice,2014,"Documentary,Drama,Family",Chang-jae Lee,https://www.imdb.com/title/tt4518420/
tt3530418,The Huntresses,Jo-seon-mi-nyeo-sahm-chung-sa,2014,"Action,Comedy",Jae-Hyun Park,https://www.imdb.com/title/tt3530418/
tt6315868,The Island of Shadows,Geu-rim-ja-deu-rui Seom,2014,Documentary,Jung-Keun Kim,https://www.imdb.com/title/tt6315868/
tt5219168,The Language of Love,Sa-rang-man-eui eon-eo,2014,"Drama,Romance",Han Sang-hee,https://www.imdb.com/title/tt5219168/
tt4203216,The Liar,Geojinmal,2014,Drama,Kim Dong-myung,https://www.imdb.com/title/tt4203216/
tt16350290,The Plan,Seolgye,2014,"Crime,Thriller",Park Chang-Jin,https://www.imdb.com/title/tt16350290/
tt3696210,The Plan Man,Peulraenmaen,2014,"Comedy,Drama,Music",Si-Heup Seong,https://www.imdb.com/title/tt3696210/
tt5440656,The Road Called Life,"Mae-mil-ggot, un-su-jo-eun-nal, geu-ri-go bom-bom",2014,Animation,Jae-hoon Ahn,https://www.imdb.com/title/tt5440656/
tt4244336,The Road to School,The Road to School,2014,"Adventure,Documentary,Family",Jung-Hoi Koo,https://www.imdb.com/title/tt4244336/
tt4024104,The Royal Tailor,Sang-eui-won,2014,Drama,Wonsuk Lee,https://www.imdb.com/title/tt4024104/
tt3897760,The Satellite Girl and Milk Cow,Uribyeol Ilho-wa Eollukso,2014,"Animation,Comedy,Family",Hyeong-yoon Jang,https://www.imdb.com/title/tt3897760/
tt3634940,The Target,Pyojeok,2014,"Action,Thriller",Hong-Seung Yoon,https://www.imdb.com/title/tt3634940/
tt3150114,The Tenor,The Tenor,2014,"Biography,Drama,Music",Kim Sang-man,https://www.imdb.com/title/tt3150114/
tt4094088,The Truth Shall Not Sink with Sewol,Da-ee-bing-bell,2014,Documentary,Hae-ryong Ahn,https://www.imdb.com/title/tt4094088/
tt3637820,The Web,The Web,2014,"Drama,Fantasy",Jd Kim,https://www.imdb.com/title/tt3637820/
tt4230796,The Wicked,Manyeo,2014,"Horror,Mystery",Yooung-seon Yoo,https://www.imdb.com/title/tt4230796/
tt11962330,The Woman Upstairs,Wicheung yeoja,2014,,,https://www.imdb.com/title/tt11962330/
tt4532428,The Youth,Rediaeksyeon cheongchun,2014,"Action,Drama",Kim Jin-moo,https://www.imdb.com/title/tt4532428/
tt4453174,Theater,Theater,2014,"Biography,Documentary,Family",Gun Dong Lee,https://www.imdb.com/title/tt4453174/
tt3837154,Thread of Lies,Uahan Geojinmal,2014,"Drama,Mystery,Thriller",Lee Han,https://www.imdb.com/title/tt3837154/
tt5124294,Timing,Timing,2014,"Animation,Drama,Mystery",Min Kyung-Jo,https://www.imdb.com/title/tt5124294/
tt4858374,Total Messed Family,One Messed Up Family,2014,"Comedy,Drama",Jin-soo Noh,https://www.imdb.com/title/tt4858374/
tt4178118,Tunnel,Teo-neol,2014,"Horror,Thriller",Park Gyu Taek,https://www.imdb.com/title/tt4178118/
tt3662994,Urinun ssolmaerul tanda,Urinun ssolmaerul tanda,2014,"Documentary,Drama,Family",Kyung-man Kim,https://www.imdb.com/title/tt3662994/
tt3923116,Venus Talk,Gwanneungui Bubchik,2014,"Comedy,Drama,Romance",Kwon Chil-in,https://www.imdb.com/title/tt3923116/
tt5491866,Virgin Theory,Virgin Theory: 7 Steps to Get on the Top,2014,"Comedy,Romance",Cheol-ho Ahn,https://www.imdb.com/title/tt5491866/
tt4314832,We Are Brothers,Urineun Hyeongjeimnida,2014,"Comedy,Drama",Jang Jin,https://www.imdb.com/title/tt4314832/
tt4108684,We Will Be Ok,We Will Be Ok,2014,Drama,Jae-ho Baek,https://www.imdb.com/title/tt4108684/
tt3457466,Where Is My Son?,Where Is My Son?,2014,"Documentary,Drama,Family",Chaimin Ahn,https://www.imdb.com/title/tt3457466/
tt4034414,Whistle Blower,Je-bo-ja,2014,"Crime,Drama,Mystery",Soon-rye Yim,https://www.imdb.com/title/tt4034414/
tt4120642,Wild Flowers,Deul ggot,2014,Drama,Seok-yeong Park,https://www.imdb.com/title/tt4120642/
tt5158962,With This Thou Wilt Not Perish,With This Thou Wilt Not Perish,2014,Documentary,Kearn-Hyung Ahn,https://www.imdb.com/title/tt5158962/
tt4067592,Yellow Wind,Yellow Wind,2014,"Documentary,Drama",Wesley Cho,https://www.imdb.com/title/tt4067592/
tt3243664,You Are My Vampire,Geudaen naui baempaieo,2014,"Family,Fantasy,Musical",Hoi Lee,https://www.imdb.com/title/tt3243664/
tt5219066,Zombie School,Jombiseukul,2014,"Horror,Thriller",Kim Seok-Jung,https://www.imdb.com/title/tt5219066/
tt4577332,12 Deep Red Nights,12 Deep Red Nights,2015,"Crime,Horror,Mystery",In-chun Oh,https://www.imdb.com/title/tt4577332/
tt5677590,A Break Alone,A Break Alone,2015,"Drama,Romance",Cho Jae-hyun,https://www.imdb.com/title/tt5677590/
tt6077598,A Delicious Flight,Mas Iss Neun Bi Haeng,2015,Romance,Sang-hoon Choi,https://www.imdb.com/title/tt6077598/
tt4702528,Alice in Earnestland,Sungsilhan naraui Aellisu,2015,"Comedy,Drama,Thriller",Gooc-jin Ahn,https://www.imdb.com/title/tt4702528/
tt4584814,Alice: Boy from Wonderland,Alice: Boy from Wonderland,2015,"Fantasy,Horror,Mystery",Eunhee Huh,https://www.imdb.com/title/tt4584814/
tt5494382,Alone,Hon-ja,2015,Drama,Hong-min Park,https://www.imdb.com/title/tt5494382/
tt14540340,Amor,Geuriwool Ryeon,2015,Drama,Han Chul-soo,https://www.imdb.com/title/tt14540340/
tt38359638,Amor,Amor,2015,Romance,Han Chul-soo,https://www.imdb.com/title/tt38359638/
tt4718440,Angry Painter,Sungnan Hwaga,2015,"Action,Drama,Thriller",Jeon Kyu-hwan,https://www.imdb.com/title/tt4718440/
tt5469884,Another Way,Dareun giri itda,2015,"Drama,Romance",Cho Chang-ho,https://www.imdb.com/title/tt5469884/
tt4553276,Arirang Sonata,Arirang Sonata,2015,Documentary,Park Bum-Hoon,https://www.imdb.com/title/tt4553276/
tt5204408,Ashes to Ashes,Ashes to Ashes,2015,Documentary,Shin Sanghoon,https://www.imdb.com/title/tt5204408/
tt3501416,Assassination,Am-sal,2015,"Action,Drama,Thriller",Choi Dong-hoon,https://www.imdb.com/title/tt3501416/
tt10098112,Bad Class,Bad Class,2015,Drama,Han Dong-ho,https://www.imdb.com/title/tt10098112/
tt6903078,Barracks,Barracks,2015,Horror,Lee Sang-Bin,https://www.imdb.com/title/tt6903078/
tt3946300,Bastard,Slaughterhouse,2015,Horror,Powell Robinson,https://www.imdb.com/title/tt3946300/
tt5132796,Bira,Bira,2015,Documentary,Hyun Jun Wesley Cho,https://www.imdb.com/title/tt5132796/
tt4543902,Black Hand,Geomeunson,2015,"Horror,Mystery,Thriller",Jae-shik Park,https://www.imdb.com/title/tt4543902/
tt4087996,Black Stone,Black Stone,2015,Drama,Gyeong-tae Roh,https://www.imdb.com/title/tt4087996/
tt5492676,Boys Run,"Sonyeon, dallida",2015,Documentary,Seok-pil Kang,https://www.imdb.com/title/tt5492676/
tt4430992,C'est Si Bon,Ssesibong,2015,"Drama,Music,Romance",Kim Hyun-seok,https://www.imdb.com/title/tt4430992/
tt4455690,Casa Amor: Exclusive for Ladies,Weokinggul,2015,"Comedy,Romance",Jung Bum-shik,https://www.imdb.com/title/tt4455690/
tt5218784,Cat Funeral,Go-yang-i jang-rye-sik,2015,"Drama,Romance",Jong-Hoon Lee,https://www.imdb.com/title/tt5218784/
tt3797004,Chronicle of a Blood Merchant,Heosamgwan maehyeolgi,2015,Drama,Ha Jung-woo,https://www.imdb.com/title/tt3797004/
tt4619940,Chronicles of Evil,Ak-ui yeon-dae-gi,2015,"Crime,Drama,Mystery",Woon-hak Baek,https://www.imdb.com/title/tt4619940/
tt5052214,Circle of Atonement,Secret,2015,"Crime,Drama",Lee Dong-ha,https://www.imdb.com/title/tt5052214/
tt40844544,Clearer than You Think,Clearer than You Think,2015,Animation,Han Ji-won,https://www.imdb.com/title/tt40844544/
tt4703076,Coin Locker,Koinlakeo,2015,Drama,Tae-kyung Kim,https://www.imdb.com/title/tt4703076/
tt4647788,Coin Locker Girl,Cha-i-na-ta-un,2015,"Action,Crime,Drama",Han Jun-hee,https://www.imdb.com/title/tt4647788/
tt4935110,Collective Invention,Dol-yeon-byeon-i,2015,"Comedy,Drama,Fantasy",Oh-Kwang Kwon,https://www.imdb.com/title/tt4935110/
tt5494586,Communication & Lies,Sotonggwa geojitmal,2015,Drama,Lee Seung-won,https://www.imdb.com/title/tt5494586/
tt4858688,Confession,Gobaek,2015,"Mystery,Thriller",Yeong-bae Jeong,https://www.imdb.com/title/tt4858688/
tt6446722,Cruel State,Cruel State,2015,Documentary,Il-Geon Jeong,https://www.imdb.com/title/tt6446722/
tt19045420,Dangerous Sex,Wiheomhan sekseu,2015,Drama,,https://www.imdb.com/title/tt19045420/
tt6485832,Death in Desert,Jit 2: Boolgeun Nakta,2015,"Drama,Romance",Jin-soo Noh,https://www.imdb.com/title/tt6485832/
tt4922028,Deep Trap,Hamjeong,2015,"Crime,Thriller",Kwon Hyeong-jin,https://www.imdb.com/title/tt4922028/
tt4505170,Detective K: Secret of the Lost Island,Joseon Myungtamjung: Nobui Ddal,2015,"Action,Adventure,Comedy",Suk-Yoon Kim,https://www.imdb.com/title/tt4505170/
tt3714426,Director's Cut,Dilegteoseu keos,2015,Drama,Joonbum Park,https://www.imdb.com/title/tt3714426/
tt4527624,Dirty Romance,Deoti romansu,2015,Drama,Lee Sang-woo,https://www.imdb.com/title/tt4527624/
tt4416360,Dog Eat Dog,Dog Eat Dog,2015,"Drama,Thriller",Hwang Wook,https://www.imdb.com/title/tt4416360/
tt12644794,Dogpa,Dogpa,2015,Drama,Yoon Dong-hwan,https://www.imdb.com/title/tt12644794/
tt7381688,Eclipse,Eclipse,2015,"Crime,Drama,Romance",Hee Sung Chung,https://www.imdb.com/title/tt7381688/
tt5975878,Eden,Eden,2015,Animation,Tomihiko Ôkubo,https://www.imdb.com/title/tt5975878/
tt20866918,Elephant in the Room,Elephant in the Room,2015,"Action,Comedy,Drama",Kwon Chil-in,https://www.imdb.com/title/tt20866918/
tt3544326,Empire of Lust,Sunsu-ui sidae,2015,"Action,Drama,Romance",Ahn Sang-hoon,https://www.imdb.com/title/tt3544326/
tt5449088,Enemies In-Law,Clash of the Families 2,2015,"Action,Comedy",Kim Jin Young,https://www.imdb.com/title/tt5449088/
tt4584800,Factory Complex,Euirogongdan,2015,"Documentary,History",Heung-soon Im,https://www.imdb.com/title/tt4584800/
tt4883114,Fantastic Love Gym,Hwantaseutik leobeujim,2015,"Comedy,Drama,Romance",Woojin Han,https://www.imdb.com/title/tt4883114/
tt5269034,Fasces,Saseul,2015,"Crime,Drama,Thriller",San Kim,https://www.imdb.com/title/tt5269034/
tt5052298,Fatal Intuition,That Man is the One,2015,"Crime,Thriller",Yoon Joon-Hyeong,https://www.imdb.com/title/tt5052298/
tt5633396,Fourth Place,4 Deung,2015,"Drama,Sport",Jung Ji-woo,https://www.imdb.com/title/tt5633396/
tt3698118,Gangnam 1970,Kangnam 1970,2015,"Action,Crime,Drama",Ha Yoo,https://www.imdb.com/title/tt3698118/
tt30971299,Girl on the Edge,Yeogosang,2015,Drama,,https://www.imdb.com/title/tt30971299/
tt5559586,Glory Day,Glory Day,2015,Drama,Choi Jeong-yeol,https://www.imdb.com/title/tt5559586/
tt6150298,Goodbye and Hello,Goodbye and Hello,2015,Drama,Chang Geun Han,https://www.imdb.com/title/tt6150298/
tt4697728,Gyeong-gye,Gyeong-gye,2015,Documentary,Daniel Rudi Haryanto,https://www.imdb.com/title/tt4697728/
tt4535872,Heartbreak Hotel,Taeyangeul hyanghae sswara,2015,"Action,Romance",Kim Tai-sik,https://www.imdb.com/title/tt4535872/
tt5128744,Herstory,Herstory,2015,Comedy,Ho Youn Jung,https://www.imdb.com/title/tt5128744/
tt5647314,Hide behind the sun,Hide behind the sun,2015,Documentary,Chang Jun Lee,https://www.imdb.com/title/tt5647314/
tt33041176,Hipster,Hipster,2015,Drama,Myeong-jin Kang,https://www.imdb.com/title/tt33041176/
tt5480306,"I Eat, Therefore I Am","I Eat, Therefore I Am",2015,Drama,Lee Cheol-ha,https://www.imdb.com/title/tt5480306/
tt3779028,Inside Men,Insiders,2015,"Action,Crime,Drama",Woo Min-ho,https://www.imdb.com/title/tt3779028/
tt4607976,Intimate Enemies,Naui Jeolchin Akdangdeul,2015,"Action,Adventure,Comedy",Im Sang-soo,https://www.imdb.com/title/tt4607976/
tt7600270,Ironclad Proofs - Disclose the Mystery About the Bible,The Second Coming of Jesus: Ironclad Proofs - Disclose the Mystery About the Bible,2015,Drama,Wen Chu,https://www.imdb.com/title/tt7600270/
tt7913554,Ironclad Proofs: Exploration of the 'Trinity',Ironclad Proofs: Exploration of the 'Trinity',2015,,Wen Chu,https://www.imdb.com/title/tt7913554/
tt4702840,Island,A-il-laen-deu: Si-gan-ui seom,2015,"Drama,Horror,Mystery",Jin-seong Park,https://www.imdb.com/title/tt4702840/
tt4963984,Isolated: Busanfornia Calling,Isolated: Busanfornia Calling,2015,,Seoho Lee,https://www.imdb.com/title/tt4963984/
tt5034194,Journalist,Teukjong: Ryangchensalingi,2015,"Comedy,Crime,Drama",Deok Noh,https://www.imdb.com/title/tt5034194/
tt6150046,Kim's Dilkusha: Life Goes on,Kim's Dilkusha: Life Goes on,2015,"Documentary,Fantasy",Kim Tae-young,https://www.imdb.com/title/tt6150046/
tt6448112,Kuru Kuru and Friends: The Rainbow Tree Forest,Kuru Kuru and Friends: The Rainbow Tree Forest,2015,"Adventure,Animation,Fantasy",Jisoo Han,https://www.imdb.com/title/tt6448112/
tt16022332,Looking for the Dead Master,The Great Hero Series - Finding the Secret of the Servant,2015,History,Chiu Lee,https://www.imdb.com/title/tt16022332/
tt4922946,Lost Flower: Eo Woo-dong,Lost Flower Eo Woo-dong,2015,Drama,Soo Sung Lee,https://www.imdb.com/title/tt4922946/
tt4946602,Love Clinic,Yeonaeui mat,2015,"Comedy,Romance",Aaron Kim,https://www.imdb.com/title/tt4946602/
tt5554834,Love Copyright,Love Copyright,2015,Comedy,Choi Kyeong-jin,https://www.imdb.com/title/tt5554834/
tt4315956,Love Forecast,Oneului yeonae,2015,"Comedy,Drama,Romance",Park Jin-Pyo,https://www.imdb.com/title/tt4315956/
tt4471608,Love Guide for Dumpees,A Dramatic Night,2015,"Comedy,Romance",Ha Gi-ho,https://www.imdb.com/title/tt4471608/
tt5082814,Love Never Fails,Sarang-i iginda,2015,Drama,Byung-hun Min,https://www.imdb.com/title/tt5082814/
tt6058878,Love at the End of the World,세상끝의 사랑,2015,Romance,Kim In-Shik,https://www.imdb.com/title/tt6058878/
tt4636074,Madonna,Madonna,2015,Drama,Su-won Shin,https://www.imdb.com/title/tt4636074/
tt5068858,Malice,Malice,2015,"Crime,Horror,Thriller",Kim Yong-woon,https://www.imdb.com/title/tt5068858/
tt12169726,Martial Arts Detective: Chinatown,Kwon Bwob hyeongsa: Chainataun,2015,"Adventure,Crime",Park Sang-hyun,https://www.imdb.com/title/tt12169726/
tt7365548,Masinneun jeongsa: opiseu waipeu,Masinneun jeongsa: opiseu waipeu,2015,Drama,Hak-Mook Kim,https://www.imdb.com/title/tt7365548/
tt3054798,Memories of the Sword,Hyeomnyeo: Kar-ui gi-eok,2015,"Action,Drama,History",Heung-sik Park,https://www.imdb.com/title/tt3054798/
tt4800070,Minority Opinion,The Unfair,2015,Drama,Kim Seong-je,https://www.imdb.com/title/tt4800070/
tt11433556,Mission: Kidnap the Top Star,Misyeon: tobseutaleul humchyeola,2015,"Action,Comedy",Byeong-Ha No,https://www.imdb.com/title/tt11433556/
tt3646936,Mongolian Princess,Monggollian peulinseseu,2015,"Drama,Romance",Danwoo Jung,https://www.imdb.com/title/tt3646936/
tt4857946,Moonshine Girls,Makguls,2015,Drama,Kim Ki-Young,https://www.imdb.com/title/tt4857946/
tt7453636,Mutual Relations,Mutual Relations,2015,"Adult,Comedy,Romance",Hyung Hyup Kim,https://www.imdb.com/title/tt7453636/
tt4509614,My Fair Wedding,My Fair Wedding,2015,Documentary,Hee-sun Jang,https://www.imdb.com/title/tt4509614/
tt15311128,My Friend's Wife,My Friend's Wife,2015,"Drama,Romance",Seung-oh Tak,https://www.imdb.com/title/tt15311128/
tt4883296,My Life in Your Memories,My Life in Your Memories,2015,Drama,Su Yee Jung,https://www.imdb.com/title/tt4883296/
tt5739726,"My Sister, the Pig Lady",Dwaeji gateun yeoja,2015,Comedy,Jang Moon-il,https://www.imdb.com/title/tt5739726/
tt26658897,My Wife,My Wife,2015,Romance,Young Min Lee,https://www.imdb.com/title/tt26658897/
tt32843216,Neulgeun Jajeongeo,Neulgeun Jajeongeo,2015,Drama,Hee-yong Moon,https://www.imdb.com/title/tt32843216/
tt6255828,Nice Sister-in-Law,Chak-Han Cheo-Je,2015,"Drama,Romance",Kang Hoon,https://www.imdb.com/title/tt6255828/
tt4975622,Night and Fog in Zona,Cheondangui bamgwa angae,2015,Documentary,Sung-il Jung,https://www.imdb.com/title/tt4975622/
tt6095944,Nineteen: Shh! No Imagining!,When I'm Nineteen,2015,Comedy,Jin-soo Noh,https://www.imdb.com/title/tt6095944/
tt4696222,Northern Limit Line,Yeonpyeong haejeon,2015,"Action,Drama,History",Kim Hak-soon,https://www.imdb.com/title/tt4696222/
tt14357742,Now Playing,O-neul Yeong-hwa,2015,"Drama,Romance",Yoon Seong-ho,https://www.imdb.com/title/tt14357742/
tt4708804,Odysseo by Cavalia,Odysseo by Cavalia,2015,"Documentary,Family",Sung-Bok Myron Jung,https://www.imdb.com/title/tt4708804/
tt4682562,Office,Opiseu,2015,"Drama,Mystery,Thriller",Hong Won-chan,https://www.imdb.com/title/tt4682562/
tt4162986,On the White Planet,Chang-baek-han eol-gul-deul,2015,Animation,Hur Bum-wook,https://www.imdb.com/title/tt4162986/
tt5209264,Overman,Choin,2015,"Drama,Family,Romance",Eun-young Seo,https://www.imdb.com/title/tt5209264/
tt3602144,Perfect Proposal,Eun-mil-han yu-hok,2015,"Drama,Thriller",Je-gu Yun,https://www.imdb.com/title/tt3602144/
tt4094580,Planck Constant,Planck Constant,2015,"Drama,Fantasy",Cho Sung-kyu,https://www.imdb.com/title/tt4094580/
tt15311134,Power Diary: Cow Farm Saedaek,Power Diary: Cow Farm Saedaek,2015,Romance,Han Dong-Ho,https://www.imdb.com/title/tt15311134/
tt5987506,Purpose of Reunion,The purpose of the Alumni Association,2015,"Drama,Romance",Jung Dae-man,https://www.imdb.com/title/tt5987506/
tt5358748,Queer Movie Butterfly,Queer Movie Butterfly,2015,Drama,Inkyu Baek,https://www.imdb.com/title/tt5358748/
tt4455634,Reach for the SKY,Gongbuui nala,2015,Documentary,Wooyoung Choi,https://www.imdb.com/title/tt4455634/
tt5343072,Recording,Recording,2015,"Comedy,Drama,Romance",Minkook Park,https://www.imdb.com/title/tt5343072/
tt4768776,"Right Now, Wrong Then",Ji-geum-eun-mat-go-geu-ddae-neun-teul-li-da,2015,"Drama,Romance",Hong Sang-soo,https://www.imdb.com/title/tt4768776/
tt39337988,Roaring Currents: The Road of the Admiral,Roaring Currents: The Road of the Admiral,2015,"Documentary,History",Kim Han-min,https://www.imdb.com/title/tt39337988/
tt4695462,Salut d'Amour,Jangsusanghoe,2015,"Drama,Romance",Kang Je-kyu,https://www.imdb.com/title/tt4695462/
tt5068856,Scary House,Scary House,2015,"Comedy,Horror",Byeong-gan Yang,https://www.imdb.com/title/tt5068856/
tt2566644,Seoul Searching,Seoul Searching,2015,"Comedy,Drama,Music",Benson Lee,https://www.imdb.com/title/tt2566644/
tt5128518,Sewol,Sewol,2015,Documentary,Ok-Hee Jeong,https://www.imdb.com/title/tt5128518/
tt4596408,Shoot Me in the Heart,Nae simjangeool sswala,2015,"Comedy,Drama",Je-yong Mun,https://www.imdb.com/title/tt4596408/
tt7612454,Snow Paths,Seol-haeng noon-gil-eul geod-da,2015,Drama,Kim Hee-jung,https://www.imdb.com/title/tt7612454/
tt9422166,Snow in Sea Breeze,Snow Is on the Sea,2015,"Drama,Romance",Kim Jeong-kwon,https://www.imdb.com/title/tt9422166/
tt8216024,Snowy Road,Nun-gil,2015,"Drama,History",Lee Na-jeong,https://www.imdb.com/title/tt8216024/
tt4375356,SogeumByeol,SogeumByeol,2015,"Drama,Family",June-Hak Lee,https://www.imdb.com/title/tt4375356/
tt6072380,Sometimes I Want to Be a Porn Star,Na do ttae lon po leu no geu la pi eui ju in gong i go sip da,2015,Romance,Jang Seong-Soo,https://www.imdb.com/title/tt6072380/
tt4621924,Special Annie,Special Annie,2015,"Biography,Documentary",Hyun Kyung Kim,https://www.imdb.com/title/tt4621924/
tt4036590,Speed,Speed,2015,Drama,Lee Sang-woo,https://www.imdb.com/title/tt4036590/
tt3717020,Spinning World,Spinning World,2015,"Adventure,Documentary",Chuljay Lee,https://www.imdb.com/title/tt3717020/
tt4702610,Stay with Me,Ulbo,2015,Drama,Jin-woo Rhee,https://www.imdb.com/title/tt4702610/
tt6315838,Steel Flower,Seutil peullawo,2015,Drama,Seok-yeong Park,https://www.imdb.com/title/tt6315838/
tt5492696,Still and All,Geureomedo bulguhago,2015,Documentary,Young-jo Kim,https://www.imdb.com/title/tt5492696/
tt4876094,Stop,Seutop,2015,Drama,Kim Ki-duk,https://www.imdb.com/title/tt4876094/
tt4846006,Tattoo,Tattooist,2015,Drama,Lee Seo,https://www.imdb.com/title/tt4846006/
tt5031892,The Accidental Detective,Tam jeong deo bigining,2015,"Action,Comedy,Crime",Jeong-hoon Kim,https://www.imdb.com/title/tt5031892/
tt4975498,The Advocate: A Missing Body,Seong-nan Byeon-ho-sa,2015,"Crime,Mystery",Jong-ho Huh,https://www.imdb.com/title/tt4975498/
tt1655441,The Age of Adaline,The Age of Adaline,2015,"Drama,Fantasy,Romance",Lee Toland Krieger,https://www.imdb.com/title/tt1655441/
tt5076834,The Anxious Day Out,The Anxious Day Out,2015,"Crime,Documentary,Drama",Kim Cheol-min,https://www.imdb.com/title/tt5076834/
tt4370270,The Basement Satellite,Mangwon-dong Ingongwiseong,2015,Documentary,Kim Hyoungju,https://www.imdb.com/title/tt4370270/
tt4273886,The Beauty Inside,Byuti insaideu,2015,"Drama,Fantasy,Romance",Jong-Yeol Baek,https://www.imdb.com/title/tt4273886/
tt9607270,The Blue Bird,The Blue Bird,2015,Drama,Kwiduck Lee,https://www.imdb.com/title/tt9607270/
tt5494656,The Boys Who Cried Wolf,Yangchigideul,2015,"Crime,Drama",Jin-hwang Kim,https://www.imdb.com/title/tt5494656/
tt4841648,The Chosen: Forbidden Cave,Toemasa,2015,"Horror,Thriller",Hwi Kim,https://www.imdb.com/title/tt4841648/
tt4791594,The Classified File,Geukbisusa,2015,"Crime,Drama",Kwak Kyung-taek,https://www.imdb.com/title/tt4791594/
tt4432058,The Deal,Murder Request,2015,"Crime,Drama,Thriller",Yong-ho Son,https://www.imdb.com/title/tt4432058/
tt5202274,The File,Pail: 3022ilui Sayook,2015,"Drama,Thriller",Yong-jib Park,https://www.imdb.com/title/tt5202274/
tt4253360,The Himalayas,Himalaya,2015,"Adventure,Biography,Drama",Seok-hoon Lee,https://www.imdb.com/title/tt4253360/
tt4971062,The Last Tear,The Last Tear,2015,"Documentary,History",Christopher H.K. Lee,https://www.imdb.com/title/tt4971062/
tt5034046,The Lingerie Murders,Lanjeri Salinsageon,2015,"Drama,Thriller",Kim Se-Seong,https://www.imdb.com/title/tt5034046/
tt4320560,The Long Way Home,Western Front,2015,"Action,Comedy,Drama",Cheon Seong-il,https://www.imdb.com/title/tt4320560/
tt5066432,The Lost Choices,What Kind of Murder,2015,"Crime,Drama,Thriller",Yeong-hoon Ahn,https://www.imdb.com/title/tt5066432/
tt4471636,The Magician,Chosun Masoolsa,2015,"Drama,Fantasy,Romance",Kim Dae-seung,https://www.imdb.com/title/tt4471636/
tt22854790,The Maidroid,Chin-jeol-han ga-jeong-boo,2015,"Comedy,Sci-Fi",Jin-soo Noh,https://www.imdb.com/title/tt22854790/
tt5140496,The Man of Merit,The Man of Merit,2015,"Biography,Comedy,Drama",Sang-Hun Park,https://www.imdb.com/title/tt5140496/
tt4793630,The Night of the Prophet,Seon-Ji-Ja-Ui Bam,2015,Drama,Kim Sung-moo,https://www.imdb.com/title/tt4793630/
tt5034276,The Phone,Deo pon,2015,"Action,Mystery,Sci-Fi",Kim Bong-Joo,https://www.imdb.com/title/tt5034276/
tt4718500,The Piper,Sonnim,2015,"Horror,Mystery,Thriller",Kwang-tae Kim,https://www.imdb.com/title/tt4718500/
tt5049302,The Priests,Black Priests,2015,"Horror,Mystery,Thriller",Jang Jae-hyun,https://www.imdb.com/title/tt5049302/
tt4702770,The Romance of a Mediocre Actress and a Short Bald Man,Geujeo geuleon yeobaeuwa dansin daemeolinam-ui yeon-ae,2015,Drama,Min-woo Kimjung,https://www.imdb.com/title/tt4702770/
tt4636022,The Shameless,Mu-roe-han,2015,"Crime,Drama,Romance",Oh Seung-uk,https://www.imdb.com/title/tt4636022/
tt4708348,The Silenced,Gyeongseonghakgyo: Sarajin sonyeodeul,2015,"Horror,Mystery,Thriller",Lee Hae-young,https://www.imdb.com/title/tt4708348/
tt3974764,The Sound of a Flower,Dorihwaga,2015,"Biography,Music",Lee Jong-pil,https://www.imdb.com/title/tt3974764/
tt4010918,The Throne,Sado,2015,"Drama,History",Lee Joon-ik,https://www.imdb.com/title/tt4010918/
tt5066556,The Tiger,Daeho,2015,"Action,Adventure,Drama",Park Hoon-jung,https://www.imdb.com/title/tt5066556/
tt4844288,The Treacherous,Gansin,2015,"Crime,Drama,History",Kyu-dong Min,https://www.imdb.com/title/tt4844288/
tt37692626,The Trip Around the World,The Trip Around the World,2015,Comedy,Hang-bae Lee,https://www.imdb.com/title/tt37692626/
tt4788924,The Wicked Are Alive,Villain Is Alive,2015,"Drama,Thriller",Harry Kim,https://www.imdb.com/title/tt4788924/
tt6419470,Three Summer Nights,Three Summer Night,2015,Comedy,Kim Sang-jin,https://www.imdb.com/title/tt6419470/
tt4702704,To Be Sixteen,Sonyeon,2015,Drama,Hyeon-seung Kim,https://www.imdb.com/title/tt4702704/
tt6081060,Touch by Touch,Teo-chi bai teo-chi,2015,"Comedy,Drama,Romance",Kim Ho-joon,https://www.imdb.com/title/tt6081060/
tt5756806,Trap,Trap,2015,Drama,Man-dae Bong,https://www.imdb.com/title/tt5756806/
tt6315778,Troublers,Bul-on-han Dang-sin,2015,Documentary,Young Lee,https://www.imdb.com/title/tt6315778/
tt6326868,Troublers,Troublers,2015,Documentary,Lee Young,https://www.imdb.com/title/tt6326868/
tt7520904,Try to Remember,Try to Remember,2015,Documentary,Daehyun Kim,https://www.imdb.com/title/tt7520904/
tt4415016,Twenty,Seumool,2015,"Comedy,Drama,Romance",Lee Byeong-heon,https://www.imdb.com/title/tt4415016/
tt5170834,Twenty Again,Doo beonjjae seumool,2015,"Drama,Romance",Park Heung-sik,https://www.imdb.com/title/tt5170834/
tt4169728,Unconfessional,Gobaeghal su eobsneun,2015,"Crime,Mystery,Thriller",In-gyu Choe,https://www.imdb.com/title/tt4169728/
tt4703828,Under the Sun,Haeegeseo sonyeon-ege,2015,Drama,Ahn Seul-gi,https://www.imdb.com/title/tt4703828/
tt13985940,Untouchable Lawmen,Chi-oe-beob-gwon,2015,"Action,Comedy,Crime",Dong-yeob Shin,https://www.imdb.com/title/tt13985940/
tt5743932,Unwanted Brother,Unwanted Brother,2015,"Drama,Family",Kwang-jin Shim,https://www.imdb.com/title/tt5743932/
tt5105628,Upside Down,Upside Down,2015,"Biography,Documentary,Family",Dong B. Kim,https://www.imdb.com/title/tt5105628/
tt4768764,Veteran,Beterang,2015,"Action,Comedy,Crime",Ryoo Seung-wan,https://www.imdb.com/title/tt4768764/
tt4702808,Waiting for the Snow,Nun-ilado naelyeoss-eu myeon,2015,Drama,Hee-chul Jang,https://www.imdb.com/title/tt4702808/
tt4702872,Warm After All,Jimjagboda ttatteushage,2015,"Biography,Drama,Family",Sang-min Lee,https://www.imdb.com/title/tt4702872/
tt4518416,Wind on the Moon,Wind on the Moon,2015,"Biography,Documentary,Drama",Seung-jun Yi,https://www.imdb.com/title/tt4518416/
tt4702664,With or Without You,Chunhuimagi,2015,Documentary,Hyuck-jee Park,https://www.imdb.com/title/tt4702664/
tt10210636,"Woman, Man","Yeo-ja, nam-ja",2015,"Drama,Fantasy,Romance",Shin Yeon-shick,https://www.imdb.com/title/tt10210636/
tt5058114,Wonderful Nightmare,Miss Wife,2015,"Comedy,Drama,Fantasy",Kang Hyo-jin,https://www.imdb.com/title/tt5058114/
tt5214690,You Call It Passion,Yeol-jeong-gat-eun-so-ri-ha-go-it-ne,2015,"Comedy,Romance",Jeong Gi-hoon,https://www.imdb.com/title/tt5214690/
tt5700648,A Man and a Woman,Namgwa yeo,2016,"Drama,Romance",Yoon-ki Lee,https://www.imdb.com/title/tt5700648/
tt5093754,A Melody to Remember,Op-pa saeng-gak,2016,"Action,Drama,War",Lee Han,https://www.imdb.com/title/tt5093754/
tt7428390,A New Life Out of Tortures,God's Love Never Fails: A New Life Out of Tortures,2016,Drama,Jiakun Gu,https://www.imdb.com/title/tt7428390/
tt5442308,A Violent Prosecutor,Geomsaoejeon,2016,"Action,Comedy,Crime",Lee Il-hyeong,https://www.imdb.com/title/tt5442308/
tt6025626,A Way Back to Mother,A Way Back to Mother,2016,Drama,Soo Sung Lee,https://www.imdb.com/title/tt6025626/
tt5468386,After Love,Sa-rang-hu-ae,2016,"Drama,Romance",Il-seon Eo,https://www.imdb.com/title/tt5468386/
tt9228334,Al-ppa-saeng-deul,Al-ppa-saeng-deul,2016,Drama,Soo Dong Hong,https://www.imdb.com/title/tt9228334/
tt6450046,Armor Hero Captor King,Armor Hero Captor King,2016,Sci-Fi,Kuo-Wei Cheng,https://www.imdb.com/title/tt6450046/
tt7035152,Ash Flower,Jae-kkot,2016,Drama,Seok-yeong Park,https://www.imdb.com/title/tt7035152/
tt5918028,Asura,Asura,2016,"Action,Crime,Thriller",Sung Soo Kim,https://www.imdb.com/title/tt5918028/
tt6680676,"Autumn, Autumn","Chuncheon, Chuncheon",2016,Drama,Jang Woo-jin,https://www.imdb.com/title/tt6680676/
tt4939066,Battle for Incheon: Operation Chromite,Incheon sangryuk jakjeon,2016,"Action,Drama,History",John H. Lee,https://www.imdb.com/title/tt4939066/
tt6449738,Beaten Black and Blue,The Great Patriots,2016,,Soo-Hyun Kim,https://www.imdb.com/title/tt6449738/
tt8504860,Bi-ki-ui chael-lin-ji ge-im,Bi-ki-ui chael-lin-ji ge-im,2016,Drama,Seok-ho Won,https://www.imdb.com/title/tt8504860/
tt7563978,Bichi-on-deo-bichi,Bitch on the Beach,2016,Drama,Ga-Young Jeong,https://www.imdb.com/title/tt7563978/
tt5781266,Big Bang Made the Movie,Big Bang Made the Movie,2016,"Documentary,Music",Byun Jin Ho,https://www.imdb.com/title/tt5781266/
tt4973154,Bittersweet Brew,Seutabag-seu dabang,2016,"Comedy,Drama",Lee Sang-woo,https://www.imdb.com/title/tt4973154/
tt5161658,Bling,Bling,2016,"Action,Animation,Comedy",Kyung Ho Lee,https://www.imdb.com/title/tt5161658/
tt5439692,Boy Meets Girl,Boy Meets Girl,2016,"Adventure,Drama,Family",Eun-Yeon Jang,https://www.imdb.com/title/tt5439692/
tt7981038,Boy Story,Boy Story,2016,Drama,Joohyun Byun,https://www.imdb.com/title/tt7981038/
tt6085914,Burmese on the Roof,Burmese on the Roof,2016,Documentary,Duhyun Ko,https://www.imdb.com/title/tt6085914/
tt20606450,Camping,Kaemping,2016,"Romance,Thriller",Kim Joo-man,https://www.imdb.com/title/tt20606450/
tt6135036,Canola,Canola,2016,Drama,Hong-Seung Yoon,https://www.imdb.com/title/tt6135036/
tt5253158,Chalet,Chalet,2016,"Drama,Romance",So-jin Park,https://www.imdb.com/title/tt5253158/
tt5374830,Chasing,Ja-ba-ya san-da,2016,"Action,Comedy",In-chun Oh,https://www.imdb.com/title/tt5374830/
tt7370564,Chimdaerella,Chimdaerella,2016,"Drama,Romance",Moo-Yeon Choi,https://www.imdb.com/title/tt7370564/
tt5975248,Coffee Mate,Keopimeiteu,2016,"Drama,Romance",Hee Jung Ryu,https://www.imdb.com/title/tt5975248/
tt6170172,"Come on, Spring","Come on, Spring",2016,Drama,Hongjong Song,https://www.imdb.com/title/tt6170172/
tt5824926,Curtain Call,Keoteunkol,2016,"Comedy,Drama",Hoon Ryoo,https://www.imdb.com/title/tt5824926/
tt6689400,Cutter,Eclipse: Keo-teo,2016,"Crime,Drama",Jung Hee-Sung,https://www.imdb.com/title/tt6689400/
tt8896224,Dear Lena,Dear Lena,2016,Drama,Kim Do-Won,https://www.imdb.com/title/tt8896224/
tt7317422,Delta Boys,Delta Boys,2016,Musical,Bong Soo Ko,https://www.imdb.com/title/tt7317422/
tt6173644,Derailed,Doo namja,2016,Action,Lee Seong-tae,https://www.imdb.com/title/tt6173644/
tt35028573,Donghohoeui mokjeok,Donghohoeui mokjeok,2016,Drama,Jo Kyeong-hoon-I,https://www.imdb.com/title/tt35028573/
tt5799928,Dongju: The Portrait of a Poet,Dongju,2016,"Biography,Drama",Lee Joon-ik,https://www.imdb.com/title/tt5799928/
tt6448178,Duel: Final Round,Daegyeol,2016,"Action,Comedy",Dong-yeob Shin,https://www.imdb.com/title/tt6448178/
tt7542182,Eumlangwaoe,Lewd Private Lessons,2016,Drama,Woo-Seong Choi,https://www.imdb.com/title/tt7542182/
tt5325512,Evergreen: Sangnoksu,Evergreen: Sangnoksu,2016,Drama,Chul-Han Kim,https://www.imdb.com/title/tt5325512/
tt6086766,Family Trip,Family Trip,2016,"Drama,Family",Byungsun Min,https://www.imdb.com/title/tt6086766/
tt6299228,Familyhood,Gutbai singgeul,2016,"Comedy,Drama",Kim Tae-gon,https://www.imdb.com/title/tt6299228/
tt9174050,Fantasy of the Girls,Fantasy of the Girls,2016,Romance,Jung-min Ahn,https://www.imdb.com/title/tt9174050/
tt6089670,Farming Boys,Farming Boys,2016,Documentary,Kang Hojun,https://www.imdb.com/title/tt6089670/
tt5650154,First Step,First Step,2016,Documentary,Gyoo-min Kim,https://www.imdb.com/title/tt5650154/
tt6082982,Fly High,Fly High,2016,"Crime,Drama,Family",Kyungtak Han,https://www.imdb.com/title/tt6082982/
tt5047144,Garak Market Revolution,Jang-giwang: Galagsijang lebollusyeon,2016,Drama,Jung Da-Won,https://www.imdb.com/title/tt5047144/
tt6450178,Grandfather,Grand Father,2016,"Action,Drama",Lee Seo,https://www.imdb.com/title/tt6450178/
tt12138638,Gravity of Acting,Gravity of Acting,2016,Drama,Geunwoong Chung,https://www.imdb.com/title/tt12138638/
tt6280802,Hide and Never Seek,Honsoom,2016,Horror,Doo-Hwan Lee,https://www.imdb.com/title/tt6280802/
tt5558792,Hiya,Hiya,2016,Drama,Kim Ji-yeon,https://www.imdb.com/title/tt5558792/
tt6449358,Horror Stories III,Hwaseongeseo on Sonyeo,2016,"Horror,Sci-Fi",Gok Kim,https://www.imdb.com/title/tt6449358/
tt6723910,How to Break Up with My Cat,Eo-tteoh-ge he-eo-jil-kka,2016,"Drama,Fantasy",Cho Sung-kyu,https://www.imdb.com/title/tt6723910/
tt6150048,Hyeon's Quartet,Naui yeongi wokeusyab,2016,Drama,Ahn Sun-kyeong,https://www.imdb.com/title/tt6150048/
tt6447504,If You Were Me,If You Were Me,2016,Drama,Shin Yeon-shick,https://www.imdb.com/title/tt6447504/
tt6165466,In Between Seasons,Hwanjeolgi,2016,Drama,Lee Dong-eun,https://www.imdb.com/title/tt6165466/
tt5572720,Insane,Nal Boreowayo,2016,"Mystery,Thriller",Lee Cheol-ha,https://www.imdb.com/title/tt5572720/
tt5896860,Jamsil,Nuechidein bang,2016,"Drama,Fantasy",Wanmin Lee,https://www.imdb.com/title/tt5896860/
tt7317404,Jane,Jane,2016,Drama,Hyun-Hoon Cho,https://www.imdb.com/title/tt7317404/
tt6282540,Journey to my boy,"Journey to my boy, New Project",2016,"Drama,Family,Fantasy",Wee-an Choi,https://www.imdb.com/title/tt6282540/
tt5819912,Kai,Kai: Geowool hosueui jeonseol,2016,"Animation,Family",Seong-gang Lee,https://www.imdb.com/title/tt5819912/
tt5587022,Karaoke Crazies,Karaoke Crazies,2016,"Crime,Drama,Fantasy",Sang-chan Kim,https://www.imdb.com/title/tt5587022/
tt6608148,"Keom, tugedeo","Come, Together",2016,Drama,Dong-il Shin,https://www.imdb.com/title/tt6608148/
tt5820916,Kissing Cousin,Kissing Cousin,2016,"Drama,Family,Romance",Hyun-Sang Jang,https://www.imdb.com/title/tt5820916/
tt39380475,Kkangchi,Kkangchi,2016,Action,Jeon Pil-jin,https://www.imdb.com/title/tt39380475/
tt5862442,LEE Su-A,LEE Su-A,2016,"Drama,Family,Romance",Hyeon-Woo Son,https://www.imdb.com/title/tt5862442/
tt7434442,Lee Pani ui sikeurit gwaneumkeulleop,Lee Pani ui sikeurit gwaneumkeulleop,2016,"Drama,Thriller",Sang Won Oh,https://www.imdb.com/title/tt7434442/
tt6343000,Life Risking Romance,Mok-sum Geon Yeon-ae,2016,"Comedy,Romance,Thriller",Min-Gyu Song,https://www.imdb.com/title/tt6343000/
tt6867660,Like a French Film,Like a French Film,2016,Drama,Shin Yeon-shick,https://www.imdb.com/title/tt6867660/
tt5358570,Like for Likes,Happy Facebook,2016,"Comedy,Romance",Park Hyeon-jin,https://www.imdb.com/title/tt5358570/
tt6043124,Lost in the Moonlight,Lost in the Moonlight,2016,"Adventure,Animation,Family",Kim Hyun-joo,https://www.imdb.com/title/tt6043124/
tt5486170,"Love, Lies",Haeuhhwa,2016,"Drama,Music,Romance",Heung-sik Park,https://www.imdb.com/title/tt5486170/
tt4305148,Lovesong,Lovesong,2016,"Drama,Romance",So Yong Kim,https://www.imdb.com/title/tt4305148/
tt6175078,Luck-Key,Key of Life,2016,"Action,Comedy,Crime",Kae-Byeok Lee,https://www.imdb.com/title/tt6175078/
tt6041794,MalHoonV_Prologue,MalHoonV_Prologue,2016,"Comedy,Drama,Romance",Gang-Min Kim,https://www.imdb.com/title/tt6041794/
tt5735464,Master,Maseuteo,2016,"Action,Crime",Jo Ui-seok,https://www.imdb.com/title/tt5735464/
tt6035832,Memory of Spring,Memory of Spring,2016,"Drama,Romance",Gang-Min Kim,https://www.imdb.com/title/tt6035832/
tt6095976,Merry Christmas Mr. Mo,Merry Christmas Mr. Mo,2016,"Comedy,Drama,Family",Dae Hyung Lim,https://www.imdb.com/title/tt6095976/
tt6302006,Misbehavior,Yeo-gyo-sa,2016,"Drama,Romance,Thriller",Kim Tae-yong,https://www.imdb.com/title/tt6302006/
tt6292996,Missing Woman,Missing: Sarajin Yeoja,2016,"Drama,Mystery,Thriller",Lee Eon-hie,https://www.imdb.com/title/tt6292996/
tt11772768,Mom's Friends 2,Mom's Friends 2,2016,"Drama,Romance",Lim Hyun Tae,https://www.imdb.com/title/tt11772768/
tt13177272,"Moo-hyun, Tale of Two Cities","Moo-hyun, Tale of Two Cities",2016,Documentary,In-Hwan Jeon,https://www.imdb.com/title/tt13177272/
tt5586914,Mood of the Day,Keunalui bonwigi,2016,"Comedy,Romance",Jo Kyu-Jang,https://www.imdb.com/title/tt5586914/
tt37241684,Ms. Manners,Ms. Manners,2016,Comedy,Jin-soo Noh,https://www.imdb.com/title/tt37241684/
tt5447140,Musudan,BM-25,2016,"Action,Mystery,Thriller",Goo Mo,https://www.imdb.com/title/tt5447140/
tt6388082,My Annoying Brother,Older Brother,2016,"Comedy,Drama,Sport",Kwon Su-kyung,https://www.imdb.com/title/tt6388082/
tt6191132,"My Dogs, JinJin and Akida","My Dogs, JinJin and Akida",2016,Animation,Jong-Duck Cho,https://www.imdb.com/title/tt6191132/
tt13075174,My Ghost Girlfriend,My Ghost Girlfriend,2016,"Animation,Comedy,Fantasy",Yong-seok Jeon,https://www.imdb.com/title/tt13075174/
tt4080594,My New Sassy Girl,Yeobgijeokin geunyeo 2,2016,"Comedy,Romance",Geun-shik Jo,https://www.imdb.com/title/tt4080594/
tt6397242,My Wife's Sister,Nae a-nae-eui eon-ni,2016,"Drama,Romance",Sang-woo Lee,https://www.imdb.com/title/tt6397242/
tt7360646,Nae chinguui eomma,Nae chinguui eomma,2016,"Drama,Romance",Seung-oh Tak,https://www.imdb.com/title/tt7360646/
tt6340968,Neighborhood,Neighborhood,2016,"Documentary,Drama",Seung-taek Seong,https://www.imdb.com/title/tt6340968/
tt7826642,New World Order,New World Order,2016,Documentary,Geum-Kang Kim,https://www.imdb.com/title/tt7826642/
tt8312066,"No Money, No Future","No Money, No Future",2016,Documentary,Lee Dong-woo,https://www.imdb.com/title/tt8312066/
tt6333380,No Tomorrow,Seom. Sa-ra-jin sa-ram-deul,2016,"Crime,Drama,Mystery",Lee Ji-seung,https://www.imdb.com/title/tt6333380/
tt3110958,Now You See Me 2,Now You See Me 2,2016,"Action,Adventure,Comedy",Jon M. Chu,https://www.imdb.com/title/tt3110958/
tt6211340,Old Days,Old Days,2016,Documentary,Sun-Hee Han,https://www.imdb.com/title/tt6211340/
tt13430466,One Summer Night,Eoneu yeoreumnal bame,2016,Drama,Hun Kim,https://www.imdb.com/title/tt13430466/
tt6129730,Our Love Story,Yeon-ae-dam,2016,"Drama,Romance",Hyun-ju Lee,https://www.imdb.com/title/tt6129730/
tt8969990,P.S. Girls,P.S. Girls,2016,"Drama,Romance,Thriller",Seok-ho Won,https://www.imdb.com/title/tt8969990/
tt6302160,Pandora,Pan-dola,2016,"Action,Drama,Thriller",Park Jeong-woo,https://www.imdb.com/title/tt6302160/
tt23474536,Papa Zombie,Papa Zombie,2016,Drama,Ko Hyeon-chang,https://www.imdb.com/title/tt23474536/
tt4527644,Pervert Boy,Pervert Boy,2016,"Comedy,Crime,Drama",Lee Sang-woo,https://www.imdb.com/title/tt4527644/
tt5644726,Phantom Detective,Tamjung Hong Gil-dong: Sarajin Ma-eul,2016,"Action,Crime,Drama",Jo Sung-hee,https://www.imdb.com/title/tt5644726/
tt5717626,Press,Press,2016,Drama,Choi Jeongmin,https://www.imdb.com/title/tt5717626/
tt6087420,"Prohibited Sex, Sweet Revenge","Geumjidoen segseu, Dalkomhan bogsu",2016,Romance,Lee Soong-hwan,https://www.imdb.com/title/tt6087420/
tt5810776,Proof of Innocence,Teukbyeolsusa: Sahyeongsuui pyeonji,2016,"Comedy,Crime,Drama",Kwon Jong-kwan,https://www.imdb.com/title/tt5810776/
tt6381764,Prostitution,Mae-choon,2016,"Drama,Romance",Sang-woo Lee,https://www.imdb.com/title/tt6381764/
tt6450044,Queen of Walking,Geodgiwang,2016,Drama,Seung-hwa Baek,https://www.imdb.com/title/tt6450044/
tt4074928,Realive,리얼 라이브,2016,"Drama,Sci-Fi",Mateo Gil,https://www.imdb.com/title/tt4074928/
tt5576174,Remember You,Nareul Itjimarayo,2016,"Drama,Mystery,Romance",Yoon-Jung Lee,https://www.imdb.com/title/tt5576174/
tt4788944,Robot Sound,Robot Sound,2016,Sci-Fi,Lee Ho-jae,https://www.imdb.com/title/tt4788944/
tt18286348,Russian Mom,Russian Mom,2016,Romance,Choi Won-joon-I,https://www.imdb.com/title/tt18286348/
tt6397284,Second Winter,Second Winter,2016,Drama,Euigon Kim,https://www.imdb.com/title/tt6397284/
tt5729246,Seondal: The Man Who Sells the River,Bongyi Kim Seon-dal,2016,"Adventure,Comedy,History",Dae-min Park,https://www.imdb.com/title/tt5729246/
tt3845670,Seoul Station,Seoul yeok,2016,"Action,Animation,Horror",Yeon Sang-ho,https://www.imdb.com/title/tt3845670/
tt6866758,Sil Jong: Sarajin anae,Sil Jong: Sarajin anae,2016,Romance,Byeong-Ha No,https://www.imdb.com/title/tt6866758/
tt6150014,Soldier's Mementos,Ojang gunui baltob,2016,"Drama,War",Kim Jae-han,https://www.imdb.com/title/tt6150014/
tt7598894,Song of Victory,Song of Victory,2016,Drama,Xinyan Cheng,https://www.imdb.com/title/tt7598894/
tt5503266,Spirits' Homecoming,Gwi-hyang,2016,Drama,Cho Jung-Rae,https://www.imdb.com/title/tt5503266/
tt6147768,Split,Suepeullit,2016,"Action,Drama,Sport",Kook-Hee Choi,https://www.imdb.com/title/tt6147768/
tt6327210,Spy Nation,Ja-baek,2016,Documentary,Choi Seung-ho,https://www.imdb.com/title/tt6327210/
tt31798137,Stepmom,Stepmom,2016,"Drama,Romance",Kim Moo-won,https://www.imdb.com/title/tt31798137/
tt4231594,Su Saek,Su Saek,2016,"Action,Crime,Drama",Sung Yeon Choi,https://www.imdb.com/title/tt4231594/
tt5885620,Summer with Mica,Summer with Mica,2016,"Drama,Romance",Kim Jung Wook,https://www.imdb.com/title/tt5885620/
tt32744608,Super Origin,Sibalm nom: Inryyeui sijak,2016,Comedy,Baek Seung-kee,https://www.imdb.com/title/tt32744608/
tt5876604,Take Off 2,Guggadaepyo 2,2016,Sport,Kim Jong-hyun,https://www.imdb.com/title/tt5876604/
tt37497975,Taste of Money,Taste of Money,2016,Drama,Hong Su-Dong,https://www.imdb.com/title/tt37497975/
tt4914580,The Age of Shadows,Mil-jeong,2016,"Action,History,Thriller",Kim Jee-woon,https://www.imdb.com/title/tt4914580/
tt5628012,The Bacchus Lady,Jug-yeo-ju-neun Yeo-ja,2016,Drama,Je-yong Lee,https://www.imdb.com/title/tt5628012/
tt5212998,The Cabinet of Francis,The Cabinet of Francis,2016,"Horror,Mystery,Thriller",Kyul Kim,https://www.imdb.com/title/tt5212998/
tt4016934,The Handmaiden,Ahgassi,2016,"Drama,Romance,Thriller",Park Chan-wook,https://www.imdb.com/title/tt4016934/
tt5783112,The Hunt,Sanyang,2016,"Action,Adventure,Drama",Lee Woo-cheol,https://www.imdb.com/title/tt5783112/
tt10087490,The Influence of Sex on Dieting,The Influence of Sex on Dieting,2016,"Adult,Drama",Moo-Yeon Choi,https://www.imdb.com/title/tt10087490/
tt5836480,The Inheritance,The Inheritance,2016,Drama,Philwon Hwang,https://www.imdb.com/title/tt5836480/
tt37952093,The Kind Wife,The Kind Wife,2016,"Drama,Thriller",Ji Kil Woong,https://www.imdb.com/title/tt37952093/
tt7748716,The Knitting Club,The Knitting Club,2016,Documentary,So-Hyun Park,https://www.imdb.com/title/tt7748716/
tt5947416,The Last Princess,Deokhyeongju,2016,"Action,Biography,Drama",Hur Jin-ho,https://www.imdb.com/title/tt5947416/
tt6448982,The Last Ride,Widaehan sowon,2016,Comedy,Nam Dae-joong,https://www.imdb.com/title/tt6448982/
tt5973508,The Map Against the World,Gosanja: Dae-dong-yeo Ji-do,2016,"Drama,History",Kang Woo-suk,https://www.imdb.com/title/tt5973508/
tt5996202,The Net,Geumul,2016,Drama,Kim Ki-duk,https://www.imdb.com/title/tt5996202/
tt6015498,The Queen of Crime,Beomjoeui yeowang,2016,"Comedy,Crime,Thriller",Lee Yo-sup,https://www.imdb.com/title/tt6015498/
tt35005745,The Rule of Violence,The Rule of Violence,2016,"Drama,Horror",Kang Hyo-jin,https://www.imdb.com/title/tt35005745/
tt7197132,The Senior Class,Jol-Up-Ban,2016,"Animation,Drama,Romance",Deok-pyo Hong,https://www.imdb.com/title/tt7197132/
tt5185564,The Shimajiro Movie: Shimajiro in Bookland,Hobi and the Great Fairyland Adventure,2016,"Animation,Family",Isamu Hirabayashi,https://www.imdb.com/title/tt5185564/
tt6430360,The Table,Deo Te-i-beul,2016,"Drama,Romance",Kim Jong-kwan,https://www.imdb.com/title/tt6430360/
tt5768474,The Truth Beneath,Bimileun eobsda,2016,"Crime,Drama,Mystery",Lee Kyoung-mi,https://www.imdb.com/title/tt5768474/
tt32604549,The Ultimate Upper Hand: Director's cut,The Ultimate Upper Hand: Director's cut,2016,Drama,Younguee Yoo,https://www.imdb.com/title/tt32604549/
tt5215952,The Wailing,Goksung,2016,"Drama,Horror",Na Hong-jin,https://www.imdb.com/title/tt5215952/
tt5658574,The Wolf Mask,The Wolf Mask,2016,Documentary,Jeongho Ahn,https://www.imdb.com/title/tt5658574/
tt5502816,The World of Us,Woorideul,2016,"Drama,Family",Yoon Ga-eun,https://www.imdb.com/title/tt5502816/
tt6088360,This Shitty Life,This Shitty Life,2016,"Comedy,Drama",Mungu Jeong,https://www.imdb.com/title/tt6088360/
tt5597408,Time Renegades,Siganitalja,2016,"Action,Drama,Fantasy",Kwak Jae-young,https://www.imdb.com/title/tt5597408/
tt6409290,Time to Read Poems,Time to Read Poems,2016,Documentary,Soo-Jung Lee,https://www.imdb.com/title/tt6409290/
tt5700672,Train to Busan,부산행 기차,2016,"Action,Horror,Thriller",Yeon Sang-ho,https://www.imdb.com/title/tt5700672/
tt6448366,Trick,Teurik,2016,,Lee Chang-yeol,https://www.imdb.com/title/tt6448366/
tt5910280,Tunnel,Teo-neol,2016,"Drama,Thriller",Kim Seong-hun,https://www.imdb.com/title/tt5910280/
tt5159352,"Two Rooms, Two Nights",Doo gaeui yeonae,2016,Drama,Cho Sung-kyu,https://www.imdb.com/title/tt5159352/
tt29171829,Two Sisters in Law,Ducheoje,2016,Drama,,https://www.imdb.com/title/tt29171829/
tt5615904,Unforgettable,Pure Love,2016,"Drama,Romance",Lee Eun-hee,https://www.imdb.com/title/tt5615904/
tt6273736,Vanishing Time: A Boy Who Returned,Galyeojin sigan,2016,"Drama,Fantasy",Taehwa Um,https://www.imdb.com/title/tt6273736/
tt12625310,Voyeurism,Voyeurism,2016,Romance,Lee Sang-Bin,https://www.imdb.com/title/tt12625310/
tt6260210,Walking Street,Walking Street,2016,Drama,Lee Sang-woo,https://www.imdb.com/title/tt6260210/
tt5992118,Weekends,Wikenjeu,2016,Documentary,Lee Dong-ha,https://www.imdb.com/title/tt5992118/
tt5748980,Where Can I Stand,Where Can I Stand,2016,"Drama,Family,Mystery",Young-nam Kim,https://www.imdb.com/title/tt5748980/
tt6434022,Will You Be There?,Dangshin Geogi Iteojoorraeyo,2016,"Drama,Fantasy,Romance",Ji-Yeong Hong,https://www.imdb.com/title/tt6434022/
tt6867828,With or Without You,Woo-ri yeon-ae-eui i-ryeok,2016,Romance,Seung Eun Jo,https://www.imdb.com/title/tt6867828/
tt38550293,Womens War: Doggies Uprising,Womens War: Doggies Uprising,2016,Drama,Song Chang-soo,https://www.imdb.com/title/tt38550293/
tt9359580,Woo-joo's Christmas,Woojoo's Christmas,2016,"Drama,Fantasy",Kim Kyeong-hyeong,https://www.imdb.com/title/tt9359580/
tt6088370,Worst Woman,Worst Woman,2016,"Drama,Romance",Kim Jong-kwan,https://www.imdb.com/title/tt6088370/
tt6130486,Yellow Wind,Yellow Wind,2016,Documentary,Hyun Jun Cho,https://www.imdb.com/title/tt6130486/
tt8620002,Yeo-jik-won-deul: Jik-jang-yeon-ae-sa,Yeo-jik-won-deul: Jik-jang-yeon-ae-sa,2016,"Drama,Romance",Seok-Hwan Myeong,https://www.imdb.com/title/tt8620002/
tt7412398,Yeopjibnuna,Yeopjibnuna,2016,Romance,Min-Hwan Lee,https://www.imdb.com/title/tt7412398/
tt7399726,Yongsoon,Yongsoon,2016,"Comedy,Drama,Romance",Joon Shin,https://www.imdb.com/title/tt7399726/
tt5907916,Yourself and Yours,Dangsinjasingwa dangsinui geot,2016,"Comedy,Drama",Hong Sang-soo,https://www.imdb.com/title/tt5907916/
tt6493286,1987: When the Day Comes,1987,2017,"Drama,History,Thriller",Jang Joon-hwan,https://www.imdb.com/title/tt6493286/
tt10467330,7 Years: Journalism Without Journalists,Seven Years - Journalism Without Journalist,2017,"Documentary,History",Jin-Hyuk Kim,https://www.imdb.com/title/tt10467330/
tt6890376,A Day,Ha-roo,2017,"Drama,Mystery,Thriller",Jo Sun-ho,https://www.imdb.com/title/tt6890376/
tt8154034,A Haunting Hitchhike,A Haunting Hitchhike,2017,"Drama,Family",Heejae Jeong,https://www.imdb.com/title/tt8154034/
tt7385144,A Letter from Osaka,A Letter from Osaka,2017,"Documentary,Drama,Family",Jung Hawn Yang,https://www.imdb.com/title/tt7385144/
tt6987322,A Living Being,A Living Being,2017,Drama,Byeong-guk Min,https://www.imdb.com/title/tt6987322/
tt7094576,A Long Farewell,A Long Farewell,2017,Documentary,Raya Kim,https://www.imdb.com/title/tt7094576/
tt5966750,A Single Rider,Sing-geul ra-i-deo,2017,Drama,Lee Joo-young,https://www.imdb.com/title/tt5966750/
tt7549884,A Special Lady,Mi-ok,2017,"Action,Crime",Lee An-kyu,https://www.imdb.com/title/tt7549884/
tt10468098,A Stray Goat,A Stray Goat,2017,"Drama,Romance",Jae Min Jo,https://www.imdb.com/title/tt10468098/
tt6878038,A Taxi Driver,Taeksi woonjunsa,2017,"Action,Drama,History",Hun Jang,https://www.imdb.com/title/tt6878038/
tt8123886,A Tiger in Winter,Ho-rang-e-bo-da mu-seo-un gyu-ul-son-nim,2017,"Drama,Romance",Kwang-kuk Lee,https://www.imdb.com/title/tt8123886/
tt20249814,A Woman Who Wasn't Loved,Sarangbadji Mothan Yeoja,2017,Drama,No Jin Su,https://www.imdb.com/title/tt20249814/
tt17451970,A secret experience of a delicious sex,A secret experience of a delicious sex,2017,Drama,Lee Jun,https://www.imdb.com/title/tt17451970/
tt7777224,Actor Kim,Actor Kim,2017,Comedy,Mungu Jeong,https://www.imdb.com/title/tt7777224/
tt13039100,Adult Only Institute,Adult Only Institute,2017,Romance,Moo-Yeon Choi,https://www.imdb.com/title/tt13039100/
tt7390044,After My Death,Joi manheun sonyeo,2017,Drama,Kim Uiseok,https://www.imdb.com/title/tt7390044/
tt7160070,Along With the Gods: The Two Worlds,Singwa Hamkke: Jweh wa Beol,2017,"Action,Adventure,Drama",Kim Yong-hwa,https://www.imdb.com/title/tt7160070/
tt7473040,America Town,America Town,2017,Drama,Jeon Soo-il,https://www.imdb.com/title/tt7473040/
tt13519098,An Affair: My Friend's Mom,An Affair: My Friend's Mom,2017,Drama,Yong-Geun Kwak,https://www.imdb.com/title/tt13519098/
tt6903980,Anarchist from Colony,Park Yeol,2017,"Biography,Drama",Lee Joon-ik,https://www.imdb.com/title/tt6903980/
tt7444462,"At the Beginning, It's All Good",Cheoeumen dageurae,2017,"Comedy,Drama",Seon-jae Park,https://www.imdb.com/title/tt7444462/
tt6849498,Autumn Sonata,Autumn Sonata,2017,"Drama,Family,Romance",Wang Tae Lim,https://www.imdb.com/title/tt6849498/
tt8504986,Ba-ram-nan a-nae,Ba-ram-nan a-nae,2017,Drama,Min-Il Lee,https://www.imdb.com/title/tt8504986/
tt6167566,Baby Beside Me,Baby and I,2017,Drama,Son Tae-gyum,https://www.imdb.com/title/tt6167566/
tt7321132,Bamseom Pirates Seoul Inferno,Bam-seom-hae-jeok-dan seo-ul bul-ba-da,2017,"Documentary,Music",Yoon-suk Jung,https://www.imdb.com/title/tt7321132/
tt8016226,Beastie Girls,Beastie Girls,2017,Drama,Sin Ji-woo,https://www.imdb.com/title/tt8016226/
tt10449420,Beautiful Tomorrow,Beautiful Tomorrow,2017,"Documentary,Music",Jang Jae-Hyuk,https://www.imdb.com/title/tt10449420/
tt5836246,Because I Love You,Saranghagi Ttaemoone,2017,"Drama,Fantasy,Romance",Joo Ji-Hong,https://www.imdb.com/title/tt5836246/
tt6864496,Becoming Who I Was,Becoming Who I Was,2017,Documentary,Moon Chang-Yong,https://www.imdb.com/title/tt6864496/
tt10500382,Behead the King,Wangeul chamhala,2017,History,Jae-soo Kim,https://www.imdb.com/title/tt10500382/
tt6819760,Behind the Dark Night,Behind the Dark Night,2017,"Action,Comedy",Chanyang Shim,https://www.imdb.com/title/tt6819760/
tt8016466,Biting Fly,Soepari,2017,"Crime,Drama",Cheol-ho Ahn,https://www.imdb.com/title/tt8016466/
tt10499504,Blue Butterfly Effect,Blue Butterfly Effect,2017,Documentary,Moon-chil Park,https://www.imdb.com/title/tt10499504/
tt6599340,Bluebeard,Haebing,2017,Thriller,Soo-youn Lee,https://www.imdb.com/title/tt6599340/
tt7599904,Break the Spell,Welcome the Second Coming of Christ: Break the Spell,2017,Drama,Dan Fu,https://www.imdb.com/title/tt7599904/
tt7900134,Brothers in Heaven,Dolawayo Busanhangae,2017,"Action,Crime",Hee-joon Park,https://www.imdb.com/title/tt7900134/
tt36402684,Candle in the Wave,Candle in the Wave,2017,Documentary,Hyung-sook Hong,https://www.imdb.com/title/tt36402684/
tt8756794,Chingueomma 2017: Chinguga jibe eopsdeon nal,Friend's Mother 2017: The Day My Friend Wasn't Home,2017,Drama,Jin Lee,https://www.imdb.com/title/tt8756794/
tt5989220,Claire's Camera,La caméra de Claire,2017,Drama,Hong Sang-soo,https://www.imdb.com/title/tt5989220/
tt8458832,Close Your Eyes,Close Your Eyes,2017,"Crime,Drama,Mystery",Sol-mae Kim,https://www.imdb.com/title/tt8458832/
tt2380307,Coco,코코,2017,"Adventure,Animation,Drama",Lee Unkrich,https://www.imdb.com/title/tt2380307/
tt26599553,Collision,Collision,2017,Horror,Lee Yun-ho,https://www.imdb.com/title/tt26599553/
tt5606538,Confidential Assignment,Cooperation,2017,"Action,Comedy,Drama",Kim Sung-hoon,https://www.imdb.com/title/tt5606538/
tt8352708,Courtesy to the Nation,Courtesy to the Nation,2017,"Documentary,History,Music",Gyung-Won Gwon,https://www.imdb.com/title/tt8352708/
tt7169102,Crazy Call Center,Crazy Call Center,2017,Drama,Alexa Yiryeong Jang,https://www.imdb.com/title/tt7169102/
tt6770758,"Daddy You, Daughter Me",Abbaneun Ddal,2017,"Comedy,Drama,Family",Hyung Hyup Kim,https://www.imdb.com/title/tt6770758/
tt8710144,Dance sports Girls,Dance sports Girls,2017,Documentary,Lee Seung-Moon,https://www.imdb.com/title/tt8710144/
tt5069082,Dances with the Wind,Dances with the Wind,2017,Documentary,Sangjin Choi,https://www.imdb.com/title/tt5069082/
tt10497926,Dancing with Jikji,Dancing with Jikji,2017,,David Redman,https://www.imdb.com/title/tt10497926/
tt11291000,Desert of No Return,Desert of No Return,2017,Drama,Eun-ki Ko,https://www.imdb.com/title/tt11291000/
tt7604572,Duck Town,Suseongmos,2017,"Comedy,Drama,Family",Jiyoung Yoo,https://www.imdb.com/title/tt7604572/
tt7441634,Eo-u-dong: Sin,Eo-u-dong: Sin,2017,Drama,Tae-soo Kim,https://www.imdb.com/title/tt7441634/
tt33131066,Eotteon haru (Some Day),Eotteon haru (Some Day),2017,Drama,Ga-Young Jeong,https://www.imdb.com/title/tt33131066/
tt7477384,Eun-ha,Eun-ha,2017,"Crime,Drama,Romance",Jinseung Lim,https://www.imdb.com/title/tt7477384/
tt6399158,Fabricated City,Jojakdwen doshi,2017,"Action,Crime",Kwang-Hyun Park,https://www.imdb.com/title/tt6399158/
tt8286636,Fake,Fake,2017,"Action,Comedy",Tae-Hyung Lim,https://www.imdb.com/title/tt8286636/
tt7449882,Fantastic Vacance,Fantastic Vacance,2017,"Drama,Family",Jinnam Kim,https://www.imdb.com/title/tt7449882/
tt27411445,Female Wars: The Reason for Women,Female Wars: The Reason for Women,2017,"Drama,Romance",Chang-su Song,https://www.imdb.com/title/tt27411445/
tt7853186,For Vagina's Sake,For Vagina's Sake,2017,Documentary,Boram Kim,https://www.imdb.com/title/tt7853186/
tt7057496,Forgotten,Gi-eok-ui bam,2017,"Crime,Mystery,Thriller",Jang Hang-jun,https://www.imdb.com/title/tt7057496/
tt7506740,Fork Lane,Pokeurein,2017,Drama,Ju-hyoung Lee,https://www.imdb.com/title/tt7506740/
tt7497326,Geunyeoeui gipeun jeongsa,Geunyeoeui gipeun jeongsa,2017,"Mystery,Thriller",Jun Lee,https://www.imdb.com/title/tt7497326/
tt6462750,Glass Garden,Yoorijungwon,2017,"Drama,Mystery",Su-won Shin,https://www.imdb.com/title/tt6462750/
tt7625778,Gong-dong-jeong-beom,Gong-dong-jeong-beom,2017,Documentary,Il-rhan Kim,https://www.imdb.com/title/tt7625778/
tt8665184,Good Mom,Chakhan eomma,2017,Drama,Jeong-Hoon Kang,https://www.imdb.com/title/tt8665184/
tt6494606,Grendel,Grendel,2017,"Crime,Drama,Mystery",Hanmin Yun,https://www.imdb.com/title/tt6494606/
tt7385136,Ha Dong Chae Bok: A Song of Two Humans,Ha Dong Chae Bok: A Song of Two Humans,2017,"Biography,Documentary,Family",Seungsuk Nam,https://www.imdb.com/title/tt7385136/
tt6150050,Happy Bus Day,Happy Bus Day,2017,"Comedy,Drama",Lee Seung-won,https://www.imdb.com/title/tt6150050/
tt32044586,Healing Camp: One World,Hillingkaemp: Han Sesang,2017,Romance,,https://www.imdb.com/title/tt32044586/
tt7609180,Heart Blackened,Chinmook,2017,"Crime,Drama,Mystery",Jung Ji-woo,https://www.imdb.com/title/tt7609180/
tt37241404,Heart Master,Heart Master,2017,Romance,Jang Hee-min,https://www.imdb.com/title/tt37241404/
tt7390054,Hit the Night,Hit the Night,2017,"Comedy,Drama,Romance",Ga-Young Jeong,https://www.imdb.com/title/tt7390054/
tt6812376,Homo Examiens,Homo Examiens,2017,"Animation,Biography,Comedy",Jaewoo Kim,https://www.imdb.com/title/tt6812376/
tt6814252,House of the Disappeared,Si-gan-wi-ui jib,2017,"Drama,Horror,Mystery",Dae-wung Lim,https://www.imdb.com/title/tt6814252/
tt8902822,Hyeong-su-eui jik-eob,Hyeong-su-eui jik-eob,2017,Drama,Hyun-jin No,https://www.imdb.com/title/tt8902822/
tt7342204,I Can Speak,Ai kaen seupikeu,2017,"Comedy,Drama",Kim Hyun-seok,https://www.imdb.com/title/tt7342204/
tt12625184,I Don't Like Younger Men,I Don't Like Younger Men,2017,Romance,Choi Woo-Sung,https://www.imdb.com/title/tt12625184/
tt7031862,I'll Just Live in Bando,I'll Just Live in Bando,2017,Animation,Yongsun Lee,https://www.imdb.com/title/tt7031862/
tt7445664,In the Deep of Winter,In the Deep of Winter,2017,Drama,Hua Shu,https://www.imdb.com/title/tt7445664/
tt26862235,Island of Desire,Island of Desire,2017,Crime,Jin-sung Kim,https://www.imdb.com/title/tt26862235/
tt32384222,It's Not Easy,Swi-un il aniyeyo,2017,"Drama,Romance,Sci-Fi",Sungwan Heo,https://www.imdb.com/title/tt32384222/
tt7759670,Jeong-sa-du-ja-mae,Jeong-sa-du-ja-mae,2017,Drama,Byeong-goo Song,https://www.imdb.com/title/tt7759670/
tt7991846,"Jung Il-woo, My Friend","Jung Il-woo, My Friend",2017,Documentary,Kim Dong-won,https://www.imdb.com/title/tt7991846/
tt8669334,Kunyoui kipun chongsa kamdokp'an,Kunyoui kipun chongsa kamdokp'an,2017,Romance,Lee Jun,https://www.imdb.com/title/tt8669334/
tt8118056,Last Child,Sal-a-nam-eun A-i,2017,Drama,Dong-seok Shin,https://www.imdb.com/title/tt8118056/
tt8671318,Little Mom 2: The Day My Uncle Was Gone,Jageun eomma 2: Samchoni eopsdeon nal,2017,Drama,Jin Lee,https://www.imdb.com/title/tt8671318/
tt8670754,Little Mother 2: Uncle Girls,Jakeun eomma 2: Samchonui yeojadeul,2017,Drama,Jeong-Hoon Kang,https://www.imdb.com/title/tt8670754/
tt7048954,Loser's Adventure,Teunteuniui moheo,2017,"Comedy,Drama,Sport",Bong Soo Ko,https://www.imdb.com/title/tt7048954/
tt7697038,Lost to Shame,Bunjang,2017,Drama,Nam Yeon-woo,https://www.imdb.com/title/tt7697038/
tt6830780,Lucid Dream,Loosideu deurim,2017,"Sci-Fi,Thriller",Joon-Sung Kim,https://www.imdb.com/title/tt6830780/
tt6406458,Man of Will,Daejang Kimchangsoo,2017,"Action,Drama",Lee Won-tae,https://www.imdb.com/title/tt6406458/
tt8134688,Marionette,Marionette,2017,"Crime,Mystery,Thriller",Han-Wook Lee,https://www.imdb.com/title/tt8134688/
tt5729348,Memoir of a Murderer,Salinjaui gieokbeob,2017,"Action,Crime,Mystery",Won Shin-yeon,https://www.imdb.com/title/tt5729348/
tt7022402,Method,Method,2017,Drama,Pang Eun-jin,https://www.imdb.com/title/tt7022402/
tt8191502,Microhabitat,So-gong-nyeo,2017,"Drama,Romance",Jeon Go-Woon,https://www.imdb.com/title/tt8191502/
tt7056732,Midnight Runners,Chungnyeongyungchal,2017,"Action,Comedy",Kim Joo-hwan,https://www.imdb.com/title/tt7056732/
tt7252880,Mis-President,Mis-President,2017,Documentary,Jae-hwan Kim,https://www.imdb.com/title/tt7252880/
tt11074318,Miss Butcher,Miss Butcher,2017,"Crime,Mystery,Romance",Gil-woong Ji,https://www.imdb.com/title/tt11074318/
tt26658985,Missing 2,Missing 2,2017,Thriller,Cho Sung-kyu,https://www.imdb.com/title/tt26658985/
tt6992054,Molly,Molly,2017,"Biography,Documentary,Family",Lim Dae-Cheong,https://www.imdb.com/title/tt6992054/
tt6985476,Mothers,Mothers,2017,Drama,Lee Dong-eun,https://www.imdb.com/title/tt6985476/
tt8923560,My Brother's Girlfriend,Nae dongsaengui yeojachingu,2017,Drama,Min-sik Kim,https://www.imdb.com/title/tt8923560/
tt7370656,My Friend's Husband,Nae chinguui nampyeon,2017,Drama,Jong-Baek Joo,https://www.imdb.com/title/tt7370656/
tt7331464,My Husband's Tutor,Nae nampyeonui gajeonggyosa,2017,"Drama,Romance",Sun-Uk Park,https://www.imdb.com/title/tt7331464/
tt6892950,"My Little Baby, Jaya","My Little Baby, Jaya",2017,"Crime,Drama",Hak-Ryeol Yun,https://www.imdb.com/title/tt6892950/
tt8914118,My Uncle's Wife,Jak-eun eom-ma,2017,Drama,Ri-dan Lee,https://www.imdb.com/title/tt8914118/
tt6409944,My Wife,Nae Anae,2017,"Drama,Thriller",Song Hae-sung,https://www.imdb.com/title/tt6409944/
tt8923884,My Wife's Affair 2,Anaeui bullyun 2,2017,Drama,Min-sik Kim,https://www.imdb.com/title/tt8923884/
tt25993552,My Wife's Guests: Netorare,My Wife's Guests: Netorare,2017,Drama,Noh Hyun Jin,https://www.imdb.com/title/tt25993552/
tt7370204,Nae anaeui saeeomma,Nae anaeui saeeomma,2017,Drama,Ri-dan Lee,https://www.imdb.com/title/tt7370204/
tt8902786,Nae ch'in'guui anae - manjobwado toelkkayo,Nae ch'in'guui anae - manjobwado toelkkayo,2017,Drama,Kang Jung Hoon,https://www.imdb.com/title/tt8902786/
tt8756112,Nae chinguui eomma: Chinguui eommawa anaereul tamhada,My Friend's Mother: Catch My Friend's Mother and Wife,2017,Drama,Jin Lee,https://www.imdb.com/title/tt8756112/
tt6731636,New Trial,Jaesim,2017,"Crime,Drama",Kim Tae-yoon,https://www.imdb.com/title/tt6731636/
tt6670290,Nightscape,Nightscape,2017,"Horror,Mystery,Thriller",In-chun Oh,https://www.imdb.com/title/tt6670290/
tt6839718,Nomansland,Nomansland,2017,"Comedy,Horror,Musical",van Guevara Ghwaja,https://www.imdb.com/title/tt6839718/
tt7512330,Ode to My Family,Ode to My Family,2017,Documentary,Kyu Ik Oh,https://www.imdb.com/title/tt7512330/
tt10515612,Oh! My God Returns,Guseju: Liteonjeu,2017,,Chang-Yong Song,https://www.imdb.com/title/tt10515612/
tt3967856,Okja,Okja,2017,"Action,Adventure,Drama",Bong Joon Ho,https://www.imdb.com/title/tt3967856/
tt14084022,Ol li-beu ol-li-beu,Ol li-beu ol-li-beu,2017,Documentary,Ro-mi Ju,https://www.imdb.com/title/tt14084022/
tt8425416,Old Love,Old Love,2017,Drama,Ki-Yong Park,https://www.imdb.com/title/tt8425416/
tt6412864,On the Beach at Night Alone,Bamui haebyun-eoseo honja,2017,"Drama,Romance",Hong Sang-soo,https://www.imdb.com/title/tt6412864/
tt6214734,One Day,Eoneunal,2017,"Drama,Fantasy",Yoon-ki Lee,https://www.imdb.com/title/tt6214734/
tt6388434,One Way Ticket,One Way Ticket,2017,Documentary,Youjin Do,https://www.imdb.com/title/tt6388434/
tt5628332,One-Line,One-line,2017,"Crime,Drama",Yang Kyung-mo,https://www.imdb.com/title/tt5628332/
tt11395046,Ordinary People,Sosimin,2017,Comedy,Byeong-Jun Kim,https://www.imdb.com/title/tt11395046/
tt6857282,Ordinary Person,Botongsaram,2017,"Action,Crime,Drama",Kim Bong-han,https://www.imdb.com/title/tt6857282/
tt8070700,Others Can See What I Can't,Others Can See What I Can't,2017,"Drama,Romance",Young Lee,https://www.imdb.com/title/tt8070700/
tt7037566,Our President,Our President,2017,Documentary,Chang-jae Lee,https://www.imdb.com/title/tt7037566/
tt6239298,Outdoor Begins,Autdoeo biginjeu,2017,"Comedy,Fantasy,Horror",Jinseung Lim,https://www.imdb.com/title/tt6239298/
tt6646998,Part-Time Spy,Bijeongkyujik Teuksuyowon,2017,"Action,Comedy",Deok-Soo Kim,https://www.imdb.com/title/tt6646998/
tt7462526,Philippines: Are You Coming?! City of Angels,Philippines: Ollae?! Cheonsadeurui dosipyeon,2017,"Drama,Romance",Ns. Tak,https://www.imdb.com/title/tt7462526/
tt7573708,Portrait of a Black Rapper,Portrait of a Black Rapper,2017,"Documentary,Music",Youngho Pyo,https://www.imdb.com/title/tt7573708/
tt9030796,Possible Faces,Eol-gul-deul,2017,,Kang-hyun Lee,https://www.imdb.com/title/tt9030796/
tt10467280,Power Battle Watchcar: The Counterattack of Watch Mask,Pa-wo-bae-teul Wa-chi-ka: Wa-chi-ga-myeon-ui Yeok-seup,2017,"Action,Adventure,Animation",Youngjun Lee,https://www.imdb.com/title/tt10467280/
tt28306432,Purpose of Reunion 2,Dong-chang-ho-eui mok-jeok 2,2017,"Drama,Romance",,https://www.imdb.com/title/tt28306432/
tt7243750,RV: Resurrected Victims,Huisaengbuhwalja,2017,"Action,Mystery,Thriller",Kwak Kyung-taek,https://www.imdb.com/title/tt7243750/
tt6904062,Real,Ri-eol,2017,"Action,Thriller",Love Lee,https://www.imdb.com/title/tt6904062/
tt7319190,Red Bikini,Bulgeun bikini,2017,Drama,Moo-Yeon Choi,https://www.imdb.com/title/tt7319190/
tt7638224,Red Re-Education at Home: Christian Movie,What Is True Faith in God? - Red Re-Education at Home,2017,Drama,Wei Chen,https://www.imdb.com/title/tt7638224/
tt10448992,Roman Holiday,Lo-ma-ui Hyu-il,2017,"Comedy,Drama",,https://www.imdb.com/title/tt10448992/
tt8383028,Romans 8:37,Lomaseo 8:37,2017,"Crime,Drama,Mystery",Shin Yeon-shick,https://www.imdb.com/title/tt8383028/
tt7465704,Room No. 7,7 Hosil,2017,"Comedy,Crime,Thriller",Lee Yong-seung,https://www.imdb.com/title/tt7465704/
tt9293752,Saem,Saem,2017,"Comedy,Drama,Romance",Kyu-Il Hwang,https://www.imdb.com/title/tt9293752/
tt4314152,Save My Seoul,Save My Seoul,2017,"Documentary,Drama",Jason Y. Lee,https://www.imdb.com/title/tt4314152/
tt6715492,School Girl,Beautiful Forgiveness,2017,"Drama,Thriller",Hong-Seek Noh,https://www.imdb.com/title/tt6715492/
tt8619984,Schoolmistress,Yeo-seon-saeng,2017,Drama,Dae-Seong Kim,https://www.imdb.com/title/tt8619984/
tt7946548,Sermon on the Mount,Sermon on the Mount,2017,Drama,Younguee Yoo,https://www.imdb.com/title/tt7946548/
tt12684216,Sex First Love Second,Sex First Love Second,2017,"Comedy,Romance",Kim Hyeon Cheol,https://www.imdb.com/title/tt12684216/
tt19045452,Sex in the Game,Sekseu in deo geim,2017,Drama,Shin Sung-jin,https://www.imdb.com/title/tt19045452/
tt8362782,Soseongri,Soseongri,2017,Documentary,Bae-Il Park,https://www.imdb.com/title/tt8362782/
tt10505044,Sound of Nomad: Koryo Arirang,Sound of Nomad: Koryo Arirang,2017,Documentary,Jeong Kim,https://www.imdb.com/title/tt10505044/
tt7964626,"Spirits' Homecoming, Unfinished Story","Gwihyang, keutnaji anh-eun iyagi",2017,"Documentary,Drama,History",Cho Jung-Rae,https://www.imdb.com/title/tt7964626/
tt8661098,Star Nextdoor,Star Nextdoor,2017,Drama,Kim Seong-wook,https://www.imdb.com/title/tt8661098/
tt6769508,Steel Rain,Gangcheolbi,2017,"Action,Drama,Thriller",Yang Woo-seok,https://www.imdb.com/title/tt6769508/
tt7745062,Still Waters,Still Waters,2017,"Documentary,Drama,Family",Dong Hyun Danny Kim,https://www.imdb.com/title/tt7745062/
tt10449068,"Suh-Suh Pyoung, Slowly and Peacefully","Seo-seo-pyeong, Cheon-cheon-hi Pyeong-on-ha-ge",2017,Documentary,Hyeon-Jeong Hong,https://www.imdb.com/title/tt10449068/
tt7345294,"Suicide Made: Kwang-suk, Kim","Suicide Made: Kwang-suk, Kim",2017,Documentary,Sang-Ho Lee,https://www.imdb.com/title/tt7345294/
tt12625380,Swapping Wives,Swapping Wives,2017,Romance,Kim Moo-won,https://www.imdb.com/title/tt12625380/
tt12937574,Sweet Sex,Sweet Sex,2017,Drama,Sun-Uk Park,https://www.imdb.com/title/tt12937574/
tt8081830,The Age of Blood,Yeokmo - Banranui Sidae,2017,"Action,Drama,History",Kim Hong-sun,https://www.imdb.com/title/tt8081830/
tt10499432,The Artist: Reborn,The Artist: Reborn,2017,Drama,Kyoung Won Kim,https://www.imdb.com/title/tt10499432/
tt5969696,The Battleship Island,Goonhamdo,2017,"Action,Drama,History",Ryoo Seung-wan,https://www.imdb.com/title/tt5969696/
tt7967580,The Bros,Buradeo,2017,"Comedy,Fantasy",You-Jeong Jang,https://www.imdb.com/title/tt7967580/
tt8088944,The Chase,Ban-deu-si jab-neun-da,2017,"Crime,Drama,Mystery",Hongsun Kim,https://www.imdb.com/title/tt8088944/
tt37241389,The Chronicles of a Boy: Homophobia,The Chronicles of a Boy: Homophobia,2017,Comedy,Jang Gi-won,https://www.imdb.com/title/tt37241389/
tt6462506,The Day After,Geu-hu,2017,"Drama,Romance",Hong Sang-soo,https://www.imdb.com/title/tt6462506/
tt7331908,The Day of Swapping,Seuwaping hadeon nal,2017,"Drama,Romance",Seok-Hwan Myeong,https://www.imdb.com/title/tt7331908/
tt6955808,The Discloser,The Discloser,2017,"Action,Thriller",Ki-Seon Hong,https://www.imdb.com/title/tt6955808/
tt6863468,The Dog Meat Professionals: South Korea,The Dog Meat Professionals: South Korea,2017,Documentary,James Hyams,https://www.imdb.com/title/tt6863468/
tt7604636,The End,Supsogui bubu,2017,"Drama,Fantasy,Thriller",Jeon Kyu-hwan,https://www.imdb.com/title/tt7604636/
tt6017312,The End of April,Sawoleuiggeut,2017,"Drama,Mystery,Thriller",Kwang-Bok Kim,https://www.imdb.com/title/tt6017312/
tt7426080,The First Lap,Cho-haeng,2017,Drama,Dae-hwan Kim,https://www.imdb.com/title/tt7426080/
tt7160176,The Fortress,Namhansanseong,2017,"Action,Drama,History",Hwang Dong-hyuk,https://www.imdb.com/title/tt7160176/
tt32058233,The Heartbeat Operator,Sim-jang-bak-dong Jo-jak-geuk,2017,Romance,,https://www.imdb.com/title/tt32058233/
tt12814006,The Invited Man,The Invited Man,2017,Romance,Kang Yoo-Min,https://www.imdb.com/title/tt12814006/
tt5644740,The King,Deoking,2017,"Action,Crime,Drama",Han Jae-rim,https://www.imdb.com/title/tt5644740/
tt8778692,The King of the Border,The King of the Border,2017,"Comedy,Crime,Fantasy",Jung Hwan Lim,https://www.imdb.com/title/tt8778692/
tt6817202,The King's Case Note,Imgeumnimui sagunsoocheob,2017,"Comedy,Mystery",Moon Hyun-sung,https://www.imdb.com/title/tt6817202/
tt10156578,The Little Penguin Pororo's Dinosaur Island Adventure,"Pororo, Dinosaur Island Adventure",2017,"Adventure,Animation,Fantasy",Kim Hyun-Ho,https://www.imdb.com/title/tt10156578/
tt21322404,The Maid's Comfort Food,The Maid's Comfort Food,2017,Drama,Lee Jun,https://www.imdb.com/title/tt21322404/
tt6150238,The Mayor,Teuk byeolsusa: Gamokeseo onpyeonji,2017,Drama,Park In-je,https://www.imdb.com/title/tt6150238/
tt7844606,The Memory of the 25th Hour,The Memory of the 25th Hour,2017,Documentary,Sungeun Kim,https://www.imdb.com/title/tt7844606/
tt6777370,The Merciless,Bulhandang Nabbeun Nomdeului Sesang,2017,"Action,Crime,Drama",Byun Sung-hyun,https://www.imdb.com/title/tt6777370/
tt7046826,The Mimic,Jang-san-beom,2017,"Horror,Mystery,Thriller",Jung Huh,https://www.imdb.com/title/tt7046826/
tt7365576,The Mystery of Godliness: The Sequel,The Mystery of Godliness: The Sequel,2017,Drama,Chu Wen,https://www.imdb.com/title/tt7365576/
tt7106782,The Namesake,Ryeonhuiwa yeonheui,2017,Drama,Jong Koo Choi,https://www.imdb.com/title/tt7106782/
tt7204450,The Night View of the Ocean in Yeosu,Yeosu bambada,2017,"Comedy,Drama",Jung Hyung-suk,https://www.imdb.com/title/tt7204450/
tt7468056,The Outlaws,Beomjoidosi,2017,"Action,Crime,Thriller",Yunsung Kang,https://www.imdb.com/title/tt7468056/
tt7297962,The Poet and the Boy,Si-e-nui sa-rang,2017,Drama,Yang-hee Kim,https://www.imdb.com/title/tt7297962/
tt10443780,The Preparation,The Preparation,2017,"Drama,Family",Young-Jun Cho,https://www.imdb.com/title/tt10443780/
tt6589464,The Prison,Peurizeun,2017,"Action,Crime",Hyeon Na,https://www.imdb.com/title/tt6589464/
tt7867724,The Reservoir Game,The Reservoir Game,2017,Documentary,Choi Jin-sung,https://www.imdb.com/title/tt7867724/
tt7123880,The Return,The Return,2017,"Drama,Family",Heo Chul,https://www.imdb.com/title/tt7123880/
tt6905344,The Room of Golgotha,The Room of Golgotha,2017,Drama,Si-Young Jung,https://www.imdb.com/title/tt6905344/
tt7341842,The Running Actress,Yeobaeoo-neun Oneuldo,2017,"Comedy,Drama",Moon So-ri,https://www.imdb.com/title/tt7341842/
tt7478284,The Seeds of Violence,Pok-ryuk-eui Ssi-at,2017,Drama,Lim Tae-gue,https://www.imdb.com/title/tt7478284/
tt6848094,The Sheriff in Town,Boangwan,2017,"Comedy,Crime",Hyeong-ju Kim,https://www.imdb.com/title/tt6848094/
tt8050818,The Shower,So-na-gi,2017,Animation,Jae-hoon Ahn,https://www.imdb.com/title/tt8050818/
tt6081436,The Soup,The Soup,2017,"Drama,Family",Young Hoon Lim,https://www.imdb.com/title/tt6081436/
tt7243686,The Swindlers,Kkun,2017,"Action,Crime",Chang Won Jang,https://www.imdb.com/title/tt7243686/
tt7479314,The Tooth and the Nail,The Tooth and the Nail,2017,"Drama,Thriller",Sik Jung,https://www.imdb.com/title/tt7479314/
tt6777338,The Villainess,Aknyeo,2017,"Action,Thriller",Jung Byung-gil,https://www.imdb.com/title/tt6777338/
tt6127140,The Way,Gil,2017,Drama,Jung Inbong,https://www.imdb.com/title/tt6127140/
tt15215922,The Whispering Trees,The Whispering Trees,2017,Documentary,Chul-nyung Heo,https://www.imdb.com/title/tt15215922/
tt7311276,The strangers in paradise,The strangers in paradise,2017,"Comedy,Drama,Fantasy",Sung-Jin Byun,https://www.imdb.com/title/tt7311276/
tt7390580,There live crocodiles in Mekong river,There live crocodiles in Mekong river,2017,"Adventure,Documentary",Yu-Sung Pak,https://www.imdb.com/title/tt7390580/
tt6385948,Throne of Cans,Throne of Cans,2017,"Drama,Family",Minkook Park,https://www.imdb.com/title/tt6385948/
tt8757056,Tobot Movie: Attack of Robot Force,Tobot Movie: Attack of Robot Force,2017,"Action,Adventure,Animation",Dongwoo Ko,https://www.imdb.com/title/tt8757056/
tt5527808,Tropical Night,Tropical Night,2017,"Drama,Romance",Hun Kim,https://www.imdb.com/title/tt5527808/
tt6857332,Turning Mecards W: Resurrection of the Black Mirror,Turning Mecards W: Resurrection of the Black Mirror,2017,"Adventure,Animation,Fantasy",Heon Pyo Hong,https://www.imdb.com/title/tt6857332/
tt13039188,Two Mothers,Two Mothers,2017,Romance,Do-si Lee,https://www.imdb.com/title/tt13039188/
tt6413410,V.I.P.,V.I.P.,2017,"Action,Crime,Thriller",Park Hoon-jung,https://www.imdb.com/title/tt6413410/
tt37241410,Vincent,Vincent,2017,Drama,Park Bo-Sang,https://www.imdb.com/title/tt37241410/
tt7683672,Warning: Explicit Content - AK-ZIL,Warning: Explicit Content - AK-ZIL,2017,Crime,Hanjo Lee,https://www.imdb.com/title/tt7683672/
tt6010020,Warriors of the Dawn,The Proxy Soldiers,2017,"Adventure,Drama,History",Yoon-Chul Jung,https://www.imdb.com/title/tt6010020/
tt7638100,What a Beautiful Voice,The Word of the Holy Spirit: What a Beautiful Voice,2017,Drama,Yang Chen,https://www.imdb.com/title/tt7638100/
tt7634836,Where Is My Home,Where Is My Home,2017,Drama,Jiayun Huang,https://www.imdb.com/title/tt7634836/
tt7638432,Who's Nailing God to the Cross Again: Christian Movie,The Lord Jesus Christ Has Appeared: Who's Nailing God to the Cross Again,2017,,Hua Li,https://www.imdb.com/title/tt7638432/
tt8202246,Why I Left Both Koreas,Why I Left Both Koreas,2017,Documentary,Jungho Choi,https://www.imdb.com/title/tt8202246/
tt7274588,Wol-Ha: Very Bad Moon Rising,Wol-Ha: Very Bad Moon Rising,2017,"Horror,Mystery,Thriller",In-chun Oh,https://www.imdb.com/title/tt7274588/
tt7048952,Write or Dance,Write or Dance,2017,"Drama,Romance",Sang-Deok Lee,https://www.imdb.com/title/tt7048952/
tt9277732,Yes PyeongChang,Yes PyeongChang,2017,Documentary,Chul Ki Baek,https://www.imdb.com/title/tt9277732/
tt7418296,Young Sister-in-Law 2,Eo-lin hyeong-soo 2,2017,"Drama,Romance",Kim Tae-soo,https://www.imdb.com/title/tt7418296/
tt9174108,60 Days of Summer,60 Days of Summer,2018,Drama,Hee-young Kim,https://www.imdb.com/title/tt9174108/
tt8895226,A Blue Mouthed Face,A Blue Mouthed Face,2018,Drama,Soo-Jung Kim,https://www.imdb.com/title/tt8895226/
tt10402898,A Boy and Sungreen,A Boy and Sungreen,2018,Drama,Ahn Joo Young,https://www.imdb.com/title/tt10402898/
tt7852002,A Dog's Courage,The Underdog,2018,"Adventure,Animation,Family",Chun-Baek Lee,https://www.imdb.com/title/tt7852002/
tt10499418,A Field Day,Undonghoe,2018,,Jin-Tae Kim,https://www.imdb.com/title/tt10499418/
tt8099220,A Long Way Around,A Long Way Around,2018,"Documentary,Drama,History",Lee Seung-hyeon,https://www.imdb.com/title/tt8099220/
tt21225544,Abyss: The Girl's Eyes,Abyss: The Girl's Eyes,2018,Drama,Hyun Sang Chang,https://www.imdb.com/title/tt21225544/
tt7391442,Adulthood,Eoreundogam,2018,Drama,In-Seon Kim,https://www.imdb.com/title/tt7391442/
tt8372562,After Spring,After Spring,2018,Drama,Jun-Yeop Jang,https://www.imdb.com/title/tt8372562/
tt8116428,Along With the Gods: The Last 49 Days,Singwa hamkke: Ingwa yeon,2018,"Action,Adventure,Drama",Kim Yong-hwa,https://www.imdb.com/title/tt8116428/
tt12945318,An Affair: My Wife's Friend,An Affair: My Wife's Friend,2018,Romance,Jo Tae-ho,https://www.imdb.com/title/tt12945318/
tt23146668,An Affair: Young Stepmother,An Affair: Young Stepmother,2018,Drama,Lim Hyun Tae,https://www.imdb.com/title/tt23146668/
tt9071144,Army,Army,2018,Documentary,Kelvin Kyung Kun Park,https://www.imdb.com/title/tt9071144/
tt8564158,Back from the Beat,Back from the Beat,2018,Drama,Choi Changhwan,https://www.imdb.com/title/tt8564158/
tt8092252,Be with You,Jigeum mannareo gabmida,2018,"Drama,Fantasy,Romance",Lee Jang-hoon,https://www.imdb.com/title/tt8092252/
tt8943042,Beautiful Days,Beautiful Days,2018,Drama,Jero Yun,https://www.imdb.com/title/tt8943042/
tt9089908,Beautiful Vampire,Beautiful Vampire,2018,"Drama,Fantasy,Romance",Eunkyung 'Jude' Jung,https://www.imdb.com/title/tt9089908/
tt7095654,Believer,Dokjeon,2018,"Action,Crime,Thriller",Lee Hae-young,https://www.imdb.com/title/tt7095654/
tt9623140,Between the Seasons,Gyejeolgwa gyejeol sai,2018,Drama,Kim Jun-sik,https://www.imdb.com/title/tt9623140/
tt8183386,Bibapbarurra,Bibapbarurra,2018,Comedy,Seong-Jae Lee,https://www.imdb.com/title/tt8183386/
tt8991320,Bitches,Bitches,2018,"Drama,Family,Thriller",Jong Hak Choi,https://www.imdb.com/title/tt8991320/
tt9010770,"Boing, The Secret of Super Transformation","Boing, The Secret of Super Transformation",2018,"Adventure,Animation",Mi Hwa Jung,https://www.imdb.com/title/tt9010770/
tt13322018,Bori,Bori,2018,"Drama,Family",Kim Jin-yu,https://www.imdb.com/title/tt13322018/
tt16463934,Bullies,Bullies,2018,"Action,Drama",Soo Sung Lee,https://www.imdb.com/title/tt16463934/
tt9151704,Burn the Stage: The Movie,Burn the Stage: The Movie,2018,"Documentary,Music",Park Jun-soo,https://www.imdb.com/title/tt9151704/
tt7282468,Burning,Beoning,2018,"Drama,Mystery,Thriller",Lee Chang-dong,https://www.imdb.com/title/tt7282468/
tt8367080,Champion,Chaem-pieon,2018,"Drama,Sport",Kim Yong-wan,https://www.imdb.com/title/tt8367080/
tt6886062,Cheese in the Trap,Cheese in the Trap,2018,Romance,Je-Yeong Kim,https://www.imdb.com/title/tt6886062/
tt27727997,Cine Cafe in Paris,Cine Cafe in Paris,2018,"Comedy,Drama,Romance",Changgyun Kim,https://www.imdb.com/title/tt27727997/
tt9024126,Clean Up,Ho heub,2018,Drama,Manki Kwon,https://www.imdb.com/title/tt9024126/
tt6985596,Counters,Counters,2018,Documentary,Ilha Lee,https://www.imdb.com/title/tt6985596/
tt3104988,Crazy Rich Asians,크레이지 리치 아시안,2018,"Comedy,Drama,Romance",Jon M. Chu,https://www.imdb.com/title/tt3104988/
tt15133232,Crossing Beyond,Crossing Beyond,2018,"Documentary,Sport",Seung-jun Yi,https://www.imdb.com/title/tt15133232/
tt9538710,Dad is pretty,Dad is pretty,2018,Drama,Seung-Hyeob Kim,https://www.imdb.com/title/tt9538710/
tt8119680,Dark Figure of Crime,Amsusarin,2018,"Crime,Drama,Thriller",Kim Tae-gyun,https://www.imdb.com/title/tt8119680/
tt8633288,Days in Panic,Days in Panic,2018,Documentary,Haemyung Kwon,https://www.imdb.com/title/tt8633288/
tt7233726,Default,Gukgabudo-ui nal,2018,"Drama,History",Kook-Hee Choi,https://www.imdb.com/title/tt7233726/
tt7246052,Deja Vu,Dejabyu,2018,"Drama,Horror,Mystery",Kyung-min Ko,https://www.imdb.com/title/tt7246052/
tt7389872,Desires,Desires,2018,Documentary,Dong-Ju Jang,https://www.imdb.com/title/tt7389872/
tt7108976,Detective K: Secret of the Living Dead,Jo-seon-myeong-tamjeong: Heupyeolgoemaui bimil,2018,"Action,Comedy,Crime",Suk-Yoon Kim,https://www.imdb.com/title/tt7108976/
tt7659018,Dino King 3D: Journey to Fire Mountain,Dino King 3D: Journey to Fire Mountain,2018,"Action,Adventure,Animation",Han Sang-Ho,https://www.imdb.com/title/tt7659018/
tt9624760,Dogs in the House,Dogs in the House,2018,"Crime,Drama",Shin Hae-Gang,https://www.imdb.com/title/tt9624760/
tt8974584,Don't Go Too Far,Don't Go Too Far,2018,"Comedy,Crime,Drama",Hyunyong Park,https://www.imdb.com/title/tt8974584/
tt13409986,Don't Say Sorry,Mianhaehaji anh ass eumyeon johgess eo,2018,Romance,Lee Da Yeon,https://www.imdb.com/title/tt13409986/
tt18926926,Dongchanghoeui Mogjeog 3,Purpose of Reunion 3,2018,Romance,Do-si Lee,https://www.imdb.com/title/tt18926926/
tt9402676,Door Lock,Doeorak,2018,"Horror,Mystery,Thriller",Kwon Lee,https://www.imdb.com/title/tt9402676/
tt8457802,Dreamer,Dreamer,2018,"Crime,Drama",Sungbin Cho,https://www.imdb.com/title/tt8457802/
tt8209878,Dust Angel,Dust Angel,2018,"Action,Crime,Thriller",In-chun Oh,https://www.imdb.com/title/tt8209878/
tt9691228,Erotic Model,Erotic Model,2018,"Drama,Romance",Ns. Tak,https://www.imdb.com/title/tt9691228/
tt38267554,Eve's Saucy Chatter,Eve's Saucy Chatter,2018,Comedy,Kim Jung Ho,https://www.imdb.com/title/tt38267554/
tt8433082,Fallen,Fallen,2018,"Mystery,Sci-Fi,Thriller",Lee Jung-Sub,https://www.imdb.com/title/tt8433082/
tt13255594,Fantastic Home Service,Fantastic Home Service,2018,Romance,Ns. Tak,https://www.imdb.com/title/tt13255594/
tt10505498,February,Iwol,2018,"Crime,Drama",Joong-Hyun Kim,https://www.imdb.com/title/tt10505498/
tt7046524,Feng Shui,Myung-dang,2018,"Drama,History",Park Hee-kon,https://www.imdb.com/title/tt7046524/
tt13039074,Friend's Mothers,Friend's Mothers,2018,Romance,Jo Tae-ho,https://www.imdb.com/title/tt13039074/
tt7095726,Gate,Geiteu,2018,"Comedy,Crime",Dong-yeob Shin,https://www.imdb.com/title/tt7095726/
tt10923084,Ghost Walk,Bamui muni yeolrinda,2018,"Drama,Fantasy",Eun-Jeong Yu,https://www.imdb.com/title/tt10923084/
tt8668456,Gipeusil,Gipeusil,2018,Documentary,Changhyeon Moon,https://www.imdb.com/title/tt8668456/
tt8362028,Glow job,Glow job,2018,"Documentary,Fantasy,Mystery",Cheol Min Im,https://www.imdb.com/title/tt8362028/
tt6485776,Golden Slumber,Goldeun seulleombeo,2018,"Action,Thriller",No Dong-seok,https://www.imdb.com/title/tt6485776/
tt8119752,Gonjiam: Haunted Asylum,Gon-ji-am,2018,"Horror,Mystery",Jung Bum-shik,https://www.imdb.com/title/tt8119752/
tt9778150,Graduation,Graduation,2018,Documentary,Ju-Hwan Park,https://www.imdb.com/title/tt9778150/
tt7913172,Grass,Grass,2018,Drama,Hong Sang-soo,https://www.imdb.com/title/tt7913172/
tt10499436,Grown Up,Grown Up,2018,Documentary,Jang Hye-young,https://www.imdb.com/title/tt10499436/
tt8382886,Haewon,Haewon,2018,Documentary,Ja-Hywan Gu,https://www.imdb.com/title/tt8382886/
tt9282472,Happy Together,Haepi tugyedeo,2018,"Comedy,Drama",Kim Jeong-hwan,https://www.imdb.com/title/tt9282472/
tt8727860,Hello Carbot the Movie: The Cretaceous Period,Hello Carbot the Movie: The Cretaceous Period,2018,"Adventure,Animation,Sci-Fi",Shinkyu Choi,https://www.imdb.com/title/tt8727860/
tt9000462,Hello Dayoung,Hello Dayoung,2018,"Drama,Romance",Bong Soo Ko,https://www.imdb.com/title/tt9000462/
tt8574212,Herstory,Herstory,2018,Drama,Kyu-dong Min,https://www.imdb.com/title/tt8574212/
tt6955130,Heung-boo: The Revolutionist,Heungbu: Keurro Sesangeul Baggun Ja,2018,"Drama,History",Geun-hyun Cho,https://www.imdb.com/title/tt6955130/
tt8865580,High Society,High Society,2018,"Crime,Drama,Romance",Hyuk Byun,https://www.imdb.com/title/tt8865580/
tt8725958,Hotel by the River,Gangbyeon hotel,2018,Drama,Hong Sang-soo,https://www.imdb.com/title/tt8725958/
tt8951086,House of Hummingbird,Beolsae,2018,Drama,Kim Bo-ra,https://www.imdb.com/title/tt8951086/
tt6927316,"Human, Space, Time and Human","Ingan, gonggan, sigan geurigo ingan",2018,Drama,Kim Ki-duk,https://www.imdb.com/title/tt6927316/
tt8895578,Hwayoung Park,Park Hwa-young,2018,Drama,Lee Hwan,https://www.imdb.com/title/tt8895578/
tt8134636,I Have a Date with Spring,Na-wa-bom-nal-eui-yak-sok,2018,"Drama,Horror,Mystery",Baek Seung-bin,https://www.imdb.com/title/tt8134636/
tt3967878,Illang: The Wolf Brigade,Inrang,2018,"Action,Drama,Sci-Fi",Kim Jee-woon,https://www.imdb.com/title/tt3967878/
tt8443326,Intention,Intention,2018,Documentary,Ji-young Kim,https://www.imdb.com/title/tt8443326/
tt8986842,Intimate Strangers,Wanbyeokhan tain,2018,"Comedy,Drama,Thriller",J.Q. Lee,https://www.imdb.com/title/tt8986842/
tt16640308,Invitation Girl,Invitation Girl,2018,Drama,Woo-Seong Choi,https://www.imdb.com/title/tt16640308/
tt11052142,"Ireesha, the Daughter of Elf-King",Mawangui ttal Irisya,2018,"Adventure,Animation,Drama",Chang Hyung-yun,https://www.imdb.com/title/tt11052142/
tt10456442,Je-ju-do ya-han-bam,Je-ju-do ya-han-bam,2018,"Drama,Romance",Park Eun-suk,https://www.imdb.com/title/tt10456442/
tt8343626,Jeju Note,Jeju Note,2018,Documentary,Hwan-ki Min,https://www.imdb.com/title/tt8343626/
tt26252392,Junha's Planet,Junha's Planet,2018,Documentary,Hyung-sook Hong,https://www.imdb.com/title/tt26252392/
tt6985200,Keys to the Heart,Geugeotmani Nae Sesang,2018,"Comedy,Drama,Family",Sung-Hyun Choi,https://www.imdb.com/title/tt6985200/
tt9647022,Kokdu: A Story of Guardian Angels,Kokdu: A Story of Guardian Angels,2018,"Family,Fantasy",Kim Tae-yong,https://www.imdb.com/title/tt9647022/
tt7048970,Land of Happiness,Land of Happiness,2018,"Drama,Mystery",Min-Kyu Jung,https://www.imdb.com/title/tt7048970/
tt9778134,Last Scene,Last Scene,2018,Documentary,Bae-Il Park,https://www.imdb.com/title/tt9778134/
tt9786004,Like a Rolling Stone,Like a Rolling Stone,2018,Documentary,So-Hyun Park,https://www.imdb.com/title/tt9786004/
tt6083230,Little Forest,Liteul poleseuteu,2018,Drama,Soon-rye Yim,https://www.imdb.com/title/tt6083230/
tt38681959,Little My Giant,Little My Giant,2018,Documentary,Moon Kim,https://www.imdb.com/title/tt38681959/
tt13518222,Love Affair: Married Couples' Carpool,Love Affair: Married Couples' Carpool,2018,Drama,Lim Hyun Tae,https://www.imdb.com/title/tt13518222/
tt7299346,Love+Sling,Leo-beu-seul-ling,2018,"Comedy,Drama,Romance",Dae-Woong Kim,https://www.imdb.com/title/tt7299346/
tt8562738,"Love, Again",Shall We Do It Again,2018,"Comedy,Romance",Yong-jib Park,https://www.imdb.com/title/tt8562738/
tt9000062,Maggie,Megi,2018,"Comedy,Drama,Mystery",Ok-seop Yi,https://www.imdb.com/title/tt9000062/
tt9159000,Mate,Mate,2018,"Drama,Romance",Dae-gun Jung,https://www.imdb.com/title/tt9159000/
tt26655141,Memento Mori,Memento Mori,2018,Thriller,Lee Chul-min,https://www.imdb.com/title/tt26655141/
tt9343086,Memories of a Dead End,Memories of a Dead End,2018,"Drama,Romance",Hyun-Young Choi,https://www.imdb.com/title/tt9343086/
tt8289020,Midnight Taxi Madness,Midnight Taxi Madness,2018,"Crime,Horror,Mystery",In-chun Oh,https://www.imdb.com/title/tt8289020/
tt10449144,Mini Special Forces X,Mini Special Forces X,2018,Animation,Youngjun Lee,https://www.imdb.com/title/tt10449144/
tt10339932,Miniforce X,Miniforce X,2018,"Action,Adventure,Animation",Youngjun Lee,https://www.imdb.com/title/tt10339932/
tt6479534,Miss Baek,Mi-sseu-baek,2018,"Crime,Drama,Thriller",Lee Ji-won,https://www.imdb.com/title/tt6479534/
tt4374286,Monstrum,Mulgoe,2018,"Action,Fantasy,Horror",Jong-ho Huh,https://www.imdb.com/title/tt4374286/
tt14061182,Motel Rose,Motel Rose,2018,Animation,Eun-a Yeo,https://www.imdb.com/title/tt14061182/
tt32500734,Mr. Egotistic,Mr. Egotistic,2018,Comedy,Kim Jae-sik,https://www.imdb.com/title/tt32500734/
tt20314170,My Brother's Wife 4 - Space Princess Choon-hyang,My Brother's Wife 4 - Space Princess Choon-hyang,2018,"Comedy,Drama",Lee Dol,https://www.imdb.com/title/tt20314170/
tt14748334,My Mother's Friend,My Mother's Friend,2018,Romance,Lee Jin-myung,https://www.imdb.com/title/tt14748334/
tt8665698,My Neighbor's Wife 3,Nae iusui anae 3,2018,Drama,Jeong-Hoon Kang,https://www.imdb.com/title/tt8665698/
tt12945114,My Wife's Mother,My Wife's Mother,2018,Romance,Lim Hyun Tae,https://www.imdb.com/title/tt12945114/
tt10874890,New Old Story,New Old Story,2018,,Lee Sang-hoon,https://www.imdb.com/title/tt10874890/
tt9643074,Night Light,Night Light,2018,Drama,Kim Mooyoung,https://www.imdb.com/title/tt9643074/
tt6781982,Night School,나이트 스쿨,2018,Comedy,Malcolm D. Lee,https://www.imdb.com/title/tt6781982/
tt10478870,Notebook from My Mother,Eommaeui gongchaek,2018,,Kim Sung-ho,https://www.imdb.com/title/tt10478870/
tt9364968,Nothing or Everything,Amugeot ttoneun modeungeot,2018,Drama,Gyeol Kim,https://www.imdb.com/title/tt9364968/
tt9114704,Object,Object,2018,Drama,Dae-Gi Jung,https://www.imdb.com/title/tt9114704/
tt11779042,Omok Girl,Omog sonyeo,2018,"Comedy,Family",Seung-hwa Baek,https://www.imdb.com/title/tt11779042/
tt7938092,On Your Wedding Day,Your Wedding,2018,"Comedy,Drama,Romance",Lee Seok-geun,https://www.imdb.com/title/tt7938092/
tt8857176,"On the Road, Khaosan Tango","On the road, Khaosan Tango",2018,"Drama,Music,Romance",Beomsam Kim,https://www.imdb.com/title/tt8857176/
tt8814250,One Mile Closer,One Mile Closer,2018,"Adventure,Documentary",Mina Kang,https://www.imdb.com/title/tt8814250/
tt14845322,Original Sin,Wonjoe,2018,Drama,Shin-ku Moon,https://www.imdb.com/title/tt14845322/
tt8922682,Our Body,Awol badi,2018,Drama,Han Ka-ram,https://www.imdb.com/title/tt8922682/
tt9174120,Passing Summer,Passing Summer,2018,Romance,Cho Sung-kyu,https://www.imdb.com/title/tt9174120/
tt10806200,Peo-jeul,Puzzle,2018,Thriller,Jinseung Lim,https://www.imdb.com/title/tt10806200/
tt8499816,Pierrot,Pierrot,2018,"Fantasy,Music,Mystery",Keun Cho,https://www.imdb.com/title/tt8499816/
tt8530808,Pierrot,Pierrot,2018,"Drama,Fantasy,Music",Geun-hyun Cho,https://www.imdb.com/title/tt8530808/
tt6890582,Psychokinesis,Yeom-lyeok,2018,"Action,Comedy,Fantasy",Yeon Sang-ho,https://www.imdb.com/title/tt6890582/
tt36243148,Pyeongchang 2018 Paralympic Winter Games - Closing ceremony,Pyeongchang 2018 Paralympic Winter Games - Closing ceremony,2018,Sport,Yang Jung-woong,https://www.imdb.com/title/tt36243148/
tt36243065,Pyeongchang 2018 Paralympic Winter Games - Opening Ceremony,Pyeongchang 2018 Paralympic Winter Games - Opening Ceremony,2018,Sport,Yang Jung-woong,https://www.imdb.com/title/tt36243065/
tt8582104,Queer Movie Beautiful,Queer Movie Beautiful,2018,"Drama,Romance",Inkyu Baek,https://www.imdb.com/title/tt8582104/
tt6927152,Rampant,Outbreak,2018,"Action,Drama,History",Kim Sung-hoon,https://www.imdb.com/title/tt6927152/
tt9023226,Re-sound,Re-sound,2018,Documentary,Il-Gun Jung,https://www.imdb.com/title/tt9023226/
tt9293780,Respect,Respect,2018,Documentary,Jae-hee Sim,https://www.imdb.com/title/tt9293780/
tt9426186,Revenger,Revenger,2018,"Action,Crime,Thriller",Lee Seung-won,https://www.imdb.com/title/tt9426186/
tt8997208,Rock 'n' Roll Grandpa,Rock 'n' Roll Grandpa,2018,"Drama,Music",Lee Jang-hee,https://www.imdb.com/title/tt8997208/
tt19114246,Roooom,Rum,2018,Drama,Equan Choi,https://www.imdb.com/title/tt19114246/
tt9076512,Rose of Betrayal,Rose of Betrayal,2018,Comedy,Park Jin-Young,https://www.imdb.com/title/tt9076512/
tt9265536,Running Man,Running Man,2018,"Action,Adventure,Animation",Junsang Yun,https://www.imdb.com/title/tt9265536/
tt9722640,Second Life,Sun-hee-ea seul-ki,2018,Drama,Park Yong-ju,https://www.imdb.com/title/tt9722640/
tt8806356,Shaman Road,Shaman Road,2018,Documentary,Sangjin Choi,https://www.imdb.com/title/tt8806356/
tt27728054,Snapshot,Snapshot,2018,"Drama,Romance",Changgyun Kim,https://www.imdb.com/title/tt27728054/
tt10452996,Snatch Up,Meo-ni-baek,2018,"Action,Comedy,Crime",Joon-Hyeong Heo,https://www.imdb.com/title/tt10452996/
tt8737130,Sodak Sodak,Sodak Sodak,2018,Horror,Sang-hoon Choi,https://www.imdb.com/title/tt8737130/
tt8383596,Stand by Me,Deok-gu,2018,Drama,Soo-in Bang,https://www.imdb.com/title/tt8383596/
tt8004372,"Still, we are migrant workers","Still, we are migrant workers",2018,Documentary,Jong-Man Choi,https://www.imdb.com/title/tt8004372/
tt7379672,Story of April,Story of April,2018,"Documentary,Family,History",Jung Hawn Yang,https://www.imdb.com/title/tt7379672/
tt17499474,Stranger Coming,Stranger Coming,2018,Horror,Joon Oh,https://www.imdb.com/title/tt17499474/
tt8574270,Student A,Yeojung saeng A,2018,Drama,Kyung-Sub Lee,https://www.imdb.com/title/tt8574270/
tt11193160,Sub-zero Wind,Yeong-ha-ui ba-ram,2018,Drama,Yuri Kim,https://www.imdb.com/title/tt11193160/
tt7095852,Sunset in My Hometown,Byeonsan,2018,"Comedy,Drama,Music",Lee Joon-ik,https://www.imdb.com/title/tt7095852/
tt8669092,Suspicious Practice Room: Special Treatment of Mother's Friend,Susanghan jinryosil: Eomma chinguui teukbyeolhan chiryo,2018,Drama,Jeong-Hoon Kang,https://www.imdb.com/title/tt8669092/
tt7046974,Swing Kids,Seuwingkizeu,2018,"Drama,Musical,War",Kang Hyoung-chul,https://www.imdb.com/title/tt7046974/
tt7156436,Take Point,Take Point,2018,Action,Byung-woo Kim,https://www.imdb.com/title/tt7156436/
tt7022500,The Accidental Detective 2: In Action,Tamjeong: Riteon-jeu,2018,"Action,Comedy,Crime",Lee Eon-hie,https://www.imdb.com/title/tt7022500/
tt8983138,The Act III: Moment of Truth The End,The Act III: Moment of Truth The End,2018,"Documentary,Music",Byun Jin Ho,https://www.imdb.com/title/tt8983138/
tt32044628,The Angel's Time,Cheonsaui Sigan,2018,Romance,,https://www.imdb.com/title/tt32044628/
tt8296128,The Cemetery of Sisters,Jamaeui gongdongmyoji,2018,"Comedy,Horror",Hun Kim,https://www.imdb.com/title/tt8296128/
tt8677062,The Chain,The Chain,2018,Drama,Hoonhee Kim,https://www.imdb.com/title/tt8677062/
tt22855064,The Closed Ward,The Closed Ward,2018,"Horror,Thriller",Park Gyu Taek,https://www.imdb.com/title/tt22855064/
tt7662922,The DMZ,The DMZ,2018,"Action,Crime,Thriller",In-chun Oh,https://www.imdb.com/title/tt7662922/
tt9376096,The Destiny of Pigs.,The Destiny of Pigs.,2018,"Drama,Fantasy,History",Kee-Jung Han,https://www.imdb.com/title/tt9376096/
tt37833506,The Dog Who Eats Shadows,The Dog Who Eats Shadows,2018,Drama,Choi Na-ni,https://www.imdb.com/title/tt37833506/
tt6914542,The Drug King,Ma-yak-wang,2018,"Action,Crime,Drama",Woo Min-ho,https://www.imdb.com/title/tt6914542/
tt9143942,The Goose Goes South,Daegwanramcha,2018,"Drama,Music",Jae-ho Baek,https://www.imdb.com/title/tt9143942/
tt6931414,The Great Battle,Ansisung,2018,"Action,Drama,History",Kim Kwang-shik,https://www.imdb.com/title/tt6931414/
tt8714776,The Haunted House: The Secret of the Cave,Sin-bi-a-pa-teu: geum-bich do-rrae-bi-wa bi-mil-eui dong-gul,2018,"Adventure,Animation,Comedy",Kim Byeong-gab,https://www.imdb.com/title/tt8714776/
tt10478876,The Hinzpeter Story,5.18 Hinzpeter Story,2018,"Documentary,Drama",Chang Young-joo,https://www.imdb.com/title/tt10478876/
tt35375993,The Land of Seonghye,Seonghyeui Nara,2018,Drama,Jung Hyung-suk,https://www.imdb.com/title/tt35375993/
tt9270506,The Land on the Waves,The Land on the Waves,2018,Drama,Lim Tae-gue,https://www.imdb.com/title/tt9270506/
tt8427098,The Last Night of Mom,The Last Night of Mom,2018,"Comedy,Drama,Family",Sam Woo Lee,https://www.imdb.com/title/tt8427098/
tt37241400,The Lender: Soul and Cash,The Lender: Soul and Cash,2018,Comedy,Choi Woo-je,https://www.imdb.com/title/tt37241400/
tt8562370,The March for the Lost,The March for My Love,2018,Drama,Ki-bok Park,https://www.imdb.com/title/tt8562370/
tt6904272,The Negotiation,Hyeob-sang,2018,"Action,Crime,Thriller",Jong-suk Lee,https://www.imdb.com/title/tt6904272/
tt8574170,The Pension,Pension: Dangerous Encounter,2018,Drama,Duk-jae Jung-heo,https://www.imdb.com/title/tt8574170/
tt5961314,The Princess and the Matchmaker,Marital Harmony,2018,"Comedy,History,Romance",Hong Chang-Pyo,https://www.imdb.com/title/tt5961314/
tt19757502,The Secret Room of Pleasure,The Secret Room of Pleasure,2018,Drama,Kim Kyeong-cheol,https://www.imdb.com/title/tt19757502/
tt12354914,The Shaman Sorceress,The Shaman Sorceress,2018,"Animation,Musical",Jae-hoon Ahn,https://www.imdb.com/title/tt12354914/
tt7938128,The Soul-Mate,Wonderful Ghost,2018,"Comedy,Crime,Drama",Cho Owen,https://www.imdb.com/title/tt7938128/
tt8290698,The Spy Gone North,Gong Jak,2018,"Drama,Thriller",Yoon Jong-bin,https://www.imdb.com/title/tt8290698/
tt9676098,The Uncle,The Uncle,2018,"Drama,Mystery",Hyoung-jin Kim,https://www.imdb.com/title/tt9676098/
tt6955298,The Vanished,Hyeong-sa,2018,"Crime,Mystery,Thriller",Chang-hee Lee,https://www.imdb.com/title/tt6955298/
tt9174334,The Villagers,Dongnesaramdeul,2018,"Action,Crime,Mystery",Lim Jin-soon,https://www.imdb.com/title/tt9174334/
tt8574252,The Witch: Part 1 - The Subversion,Manyeo,2018,"Action,Mystery,Sci-Fi",Park Hoon-jung,https://www.imdb.com/title/tt8574252/
tt8865562,The Witness,Mok-gyeok-ja,2018,"Crime,Mystery,Thriller",Kyu-Jang Cho,https://www.imdb.com/title/tt8865562/
tt9174388,The Wrath,Yeogokseong,2018,"Horror,Mystery",Yooung-seon Yoo,https://www.imdb.com/title/tt9174388/
tt8939158,The uncle's flower shop,The uncle's flower shop,2018,Musical,Young Cheol Jang,https://www.imdb.com/title/tt8939158/
tt9520700,To My River,To My River,2018,"Drama,Romance",Park Kun-young,https://www.imdb.com/title/tt9520700/
tt8383656,True Fiction,Salinsoseol,2018,"Crime,Mystery,Thriller",Jin-muk Kim,https://www.imdb.com/title/tt8383656/
tt8714784,Turning Mecard W: The Secret of Van dine - Special Edition,Teugbyeolpan Turning Mecard W: Vandyne-ui Bimil,2018,"Action,Adventure,Animation",Heon Pyo Hong,https://www.imdb.com/title/tt8714784/
tt9386922,Twiceland,Twiceland,2018,"Documentary,Music",J.Y. Park,https://www.imdb.com/title/tt9386922/
tt9282360,Unfinished,Unfinished,2018,"Drama,Thriller",Noh Gyoo-Yeob,https://www.imdb.com/title/tt9282360/
tt9225192,Unstoppable,Raging Bull,2018,"Action,Comedy,Crime",Kim Min-Ho,https://www.imdb.com/title/tt9225192/
tt8108278,What a Man Wants,Balam balam balam,2018,"Comedy,Drama",Lee Byeong-heon,https://www.imdb.com/title/tt8108278/
tt9316658,Winter's Night,Gyeo-wul-ba-me,2018,,Jang Woo-jin,https://www.imdb.com/title/tt9316658/
tt10500352,Wretches,Wretches,2018,Drama,Baek Joon Kim,https://www.imdb.com/title/tt10500352/
tt14747786,Young Sister-in-law 2,Young Sister-in-law 2,2018,Romance,Kim Tae-soo,https://www.imdb.com/title/tt14747786/
tt10467460,Young-ju,Young-ju,2018,Drama,Cha Sung-Duk,https://www.imdb.com/title/tt10467460/
tt8714516,can we just love,can we just love,2018,"Drama,Romance",Songyeol Park,https://www.imdb.com/title/tt8714516/
tt10341248,0.0 Mhz,0.0 Mhz,2019,Horror,Sun-Dong Yoo,https://www.imdb.com/title/tt10341248/
tt9843984,2036 Apocalypse Earth,2036 Apocalypse Earth,2019,"Action,Adventure,Crime",Kwang-Hyun Park,https://www.imdb.com/title/tt9843984/
tt10406312,A Bedsore,Yokchang,2019,Drama,Hye-jung Shim,https://www.imdb.com/title/tt10406312/
tt10369872,A Diamond in the Rough,Geugye Doel Nom,2019,Drama,Ji-eun Kang,https://www.imdb.com/title/tt10369872/
tt11841266,A French Woman,A French Woman,2019,Drama,Kim Hee-jung,https://www.imdb.com/title/tt11841266/
tt8542154,A History of Jealousy,A History of Jealousy,2019,"Drama,Thriller",Jung Inbong,https://www.imdb.com/title/tt8542154/
tt11414492,A Little Princess,Kamjjokgat-eun Geunyeo,2019,Drama,Heo In-moo,https://www.imdb.com/title/tt11414492/
tt10276054,A Resistance,A Resistance,2019,Drama,Cho Min-ho,https://www.imdb.com/title/tt10276054/
tt3758162,A Score to Settle,스코어 투 셔틀,2019,"Action,Crime,Drama",Shawn Ku,https://www.imdb.com/title/tt3758162/
tt12804866,A Short Film About Women,A Short Film About Women,2019,Drama,Teri Lee,https://www.imdb.com/title/tt12804866/
tt10011264,A Woman's Work: The NFL's Cheerleader Problem,우먼스 워크: NFL 치어리더 프라블럼,2019,"Documentary,Music,Sport",Yu Gu,https://www.imdb.com/title/tt10011264/
tt11585882,An Old Lady,69 se,2019,"Crime,Drama",Lim Seon-ae,https://www.imdb.com/title/tt11585882/
tt7058080,Angel of Mine,Angel of Mine,2019,"Drama,Mystery,Thriller",Kim Farrant,https://www.imdb.com/title/tt7058080/
tt8991322,Another Child,Miseongnyeon,2019,Drama,Kim Yoon-seok,https://www.imdb.com/title/tt8991322/
tt11285908,Ashfall,Mount Paektu,2019,"Action,Sci-Fi,Thriller",Kim Byung-seo,https://www.imdb.com/title/tt11285908/
tt11162474,Atlantic City,Atlantic City,2019,Drama,Juhyoung Ra,https://www.imdb.com/title/tt11162474/
tt38770218,BTS World Tour: Love Yourself in Europe,BTS World Tour: Love Yourself in Europe,2019,Music,Jo Hyeong-Seok,https://www.imdb.com/title/tt38770218/
tt11644332,Baseball Girl,Yagoosonyeo,2019,"Drama,Sport",Yun Tae Choi,https://www.imdb.com/title/tt11644332/
tt13717538,Beauty Salon: Special Service 3,Beauty Salon: Special Service 3,2019,Romance,Kim Jong-min,https://www.imdb.com/title/tt13717538/
tt27805547,Beginners' Class,Ip-mun-ban,2019,Drama,Hyun-jung Kim,https://www.imdb.com/title/tt27805547/
tt10248334,Birthday,Saeng-il,2019,Drama,Jong-un Lee,https://www.imdb.com/title/tt10248334/
tt11238048,Black Money,Black Money,2019,"Crime,Drama,Thriller",Jeong Ji-yeong,https://www.imdb.com/title/tt11238048/
tt35136078,Bongcheon Tiger Lee,Bongcheon Tiger Lee,2019,"Action,Drama",Sang-Beom Koo,https://www.imdb.com/title/tt35136078/
tt8254292,Borderliners,Borderliners,2019,"Biography,Drama,History",Seewoo Kim,https://www.imdb.com/title/tt8254292/
tt13034498,Bosomy Elder Sister-in-law,Bosomy Elder Sister-in-law,2019,Romance,Lee Dong-Joon,https://www.imdb.com/title/tt13034498/
tt8123618,Bring Me Home,Bring Me Home,2019,"Drama,Mystery,Thriller",Seung-woo Kim,https://www.imdb.com/title/tt8123618/
tt10545076,Bring the Soul: The Movie,Beuring Deo Soul: Deo Mubi,2019,"Documentary,Music",Park Jun-soo,https://www.imdb.com/title/tt10545076/
tt10901626,Buen Camino,Buen Camino,2019,Documentary,Jong Eun Lee,https://www.imdb.com/title/tt10901626/
tt11022284,By Quantum Physics: A Nightlife Venture,Yangjamoolrihak,2019,"Action,Comedy,Crime",Lee Seong-tae,https://www.imdb.com/title/tt11022284/
tt10499552,Byeol-ui jeong-won,Astro Gardener,2019,"Adventure,Animation,Fantasy",Jong-Shik Won,https://www.imdb.com/title/tt10499552/
tt10925770,"Cheer Up, Mr. Lee","Himeul naeyo, Miseuteo Lee",2019,"Comedy,Drama,Family",Kae-Byeok Lee,https://www.imdb.com/title/tt10925770/
tt28079579,Closed School,Pyegyo,2019,Horror,Choi Hyo-won,https://www.imdb.com/title/tt28079579/
tt11041006,Crazy Romance,Gajang Botongui Yeonae,2019,"Comedy,Drama,Romance",Kim Han-Gyul,https://www.imdb.com/title/tt11041006/
tt13323012,Daejeon Romantic Comedy,Daejeon Romantic Comedy,2019,Drama,Bae Ki Won,https://www.imdb.com/title/tt13323012/
tt11696264,Dangsineui Sawol,Dangsineui Sawol,2019,Documentary,Hyunsook Ju,https://www.imdb.com/title/tt11696264/
tt9647938,Dino Mecard the Movie: The Tinysaur Island,Geukjangpan Gongnyongmekadeu: Tainisoeoui Seom,2019,"Action,Adventure,Animation",Shinkyu Choi,https://www.imdb.com/title/tt9647938/
tt13470912,Disaster Life,Disaster Life,2019,,Baek Ji Hoon,https://www.imdb.com/title/tt13470912/
tt10918928,Dissolve,Din,2019,Drama,Kim Ki-duk,https://www.imdb.com/title/tt10918928/
tt9735672,Doraemon: Nobita's Chronicle of the Moon Exploration,Eiga Doraemon: Nobita no getsumen tansaki,2019,"Action,Adventure,Animation",Lee Jeong-beom,https://www.imdb.com/title/tt9735672/
tt14871086,Double Layered Town/Making a Song to Replace Our Positions,Deobeul leieodeu taun,2019,"Documentary,Drama",Haruka Komori,https://www.imdb.com/title/tt14871086/
tt9318280,Driveways,드라이브웨이,2019,Drama,Andrew Ahn,https://www.imdb.com/title/tt9318280/
tt13513548,Dust and Ashes,Chukbokeui jib,2019,Drama,Park Hee-kwon,https://www.imdb.com/title/tt13513548/
tt8727528,Eomung,Eomung,2019,Drama,Hoon Koh,https://www.imdb.com/title/tt8727528/
tt12415762,Eun-ji: Dol-il-kil su eobs-neun geu-nyei,Eun-ji,2019,"Mystery,Thriller",Goo Mo,https://www.imdb.com/title/tt12415762/
tt13556574,Eunmi,Eun-mi,2019,"Drama,Mystery,Romance",Jeong Ji-young,https://www.imdb.com/title/tt13556574/
tt13454042,Evaporated,Jeung-bal,2019,Documentary,Sung-min Kim,https://www.imdb.com/title/tt13454042/
tt10648440,Exit,Eksiteu,2019,"Action,Comedy",Lee Sang-geun,https://www.imdb.com/title/tt10648440/
tt9541602,Extreme Job,Geukhanjikeob,2019,"Action,Comedy,Crime",Lee Byeong-heon,https://www.imdb.com/title/tt9541602/
tt11428084,Family Affair,Family Affair,2019,Family,Lee Dong-eun,https://www.imdb.com/title/tt11428084/
tt10410686,Fanfare,Fanfare,2019,"Crime,Horror",Donku Lee,https://www.imdb.com/title/tt10410686/
tt12945636,Female Hostel 3,Female Hostel 3,2019,Romance,Jo Tae-ho,https://www.imdb.com/title/tt12945636/
tt10410560,Film Adventure,Film Adventure,2019,"Drama,Romance",Sang-Deok Lee,https://www.imdb.com/title/tt10410560/
tt10015418,Five Million Dollar Life,5억엔 인생,2019,Mystery,Sungho Moon,https://www.imdb.com/title/tt10015418/
tt11590220,"Flag, Blue Sky, Party","Gisbal, chang-gong, pati",2019,Documentary,Yun-mi Jang,https://www.imdb.com/title/tt11590220/
tt11498038,Forbidden Dream,Cheonmun: haneul-e mudneunda,2019,"Drama,History",Hur Jin-ho,https://www.imdb.com/title/tt11498038/
tt1740732,Found in Korea,Found in Korea,2019,"Documentary,Drama,Family",Nam Holtz,https://www.imdb.com/title/tt1740732/
tt4520988,Frozen II,Frozen II,2019,"Adventure,Animation,Comedy",Chris Buck,https://www.imdb.com/title/tt4520988/
tt11649634,Gang,Gang,2019,Action,Jo Ba-Reun,https://www.imdb.com/title/tt11649634/
tt22208390,Gangnam Daughter-in-law,Gangnam Daughter-in-law,2019,Adult,Lee Sang-soo,https://www.imdb.com/title/tt22208390/
tt13126844,Geurimjakkot,Shadow Flowers,2019,"Biography,Documentary",Seung-jun Yi,https://www.imdb.com/title/tt13126844/
tt10446734,Good Fellas: Ongals and the Stranger,Ongalseu,2019,"Comedy,Documentary",Cha In-pyo,https://www.imdb.com/title/tt10446734/
tt9530420,Goodbye Summer,Goodbye Summer,2019,"Drama,Romance",Ju-Young Park,https://www.imdb.com/title/tt9530420/
tt9166006,Granny Poetry Club,Granny Poetry Club,2019,Documentary,Jae-Hwan Kim,https://www.imdb.com/title/tt9166006/
tt29057448,Gyeongmiui segye,Kyungmi's World,2019,Drama,Jihyun Koo,https://www.imdb.com/title/tt29057448/
tt11033746,Heart,Heart,2019,"Comedy,Drama,Romance",Ga-Young Jeong,https://www.imdb.com/title/tt11033746/
tt10659880,Height of the Wave,Pa-go,2019,Drama,Park Jung-bum,https://www.imdb.com/title/tt10659880/
tt32044635,Hell is Other People,Taineun Jiokida,2019,Romance,,https://www.imdb.com/title/tt32044635/
tt10925772,Hello Carbot The Movie: Save The Moon,Hello Carbot The Movie: Save The Moon,2019,"Adventure,Animation,Family",Shinkyu Choi,https://www.imdb.com/title/tt10925772/
tt9647926,Hello Carbot the Movie: The Secret of Omphalos Island,Hello Carbot the Movie: The Secret of Omphalos Island,2019,"Adventure,Animation,Family",Shinkyu Choi,https://www.imdb.com/title/tt9647926/
tt10181246,"Hello, My Cat","Hello, My Cat",2019,"Drama,Family,Fantasy",Hye-Jin Shin,https://www.imdb.com/title/tt10181246/
tt8119844,Hit-and-Run Squad,Bbaengban,2019,"Action,Crime",Han Jun-hee,https://www.imdb.com/title/tt8119844/
tt10633676,Homme Fatale,Gibangdoryeong,2019,"Comedy,History,Romance",Nam Dae-joong,https://www.imdb.com/title/tt10633676/
tt10446736,Hoop It Up,Hoop It Up,2019,Drama,Heon-kyu Choi,https://www.imdb.com/title/tt10446736/
tt9546054,How to Live in This World,How to live in this world,2019,"Comedy,Drama,Romance",Yang-Joong Shin,https://www.imdb.com/title/tt9546054/
tt11381200,I Am Home,Jib Iyagi,2019,Drama,Jebum Park,https://www.imdb.com/title/tt11381200/
tt13717514,I Don't Like Younger Men 4,I Don't Like Younger Men 4,2019,Romance,Kim Tae-soo,https://www.imdb.com/title/tt13717514/
tt7095698,Idol,Woosang,2019,"Crime,Thriller",Lee Su-jin,https://www.imdb.com/title/tt7095698/
tt10410604,Ijang,Move the Grave,2019,"Comedy,Drama,Family",Seung-O Jeong,https://www.imdb.com/title/tt10410604/
tt8820982,In My Garden,In My Garden,2019,"Documentary,Drama",Taewoong Won,https://www.imdb.com/title/tt8820982/
tt8562562,Innocent Witness,Jeungin,2019,"Crime,Drama,Mystery",Lee Han,https://www.imdb.com/title/tt8562562/
tt26599602,Inteonhyeongsa ogyeonsik,Inteonhyeongsa ogyeonsik,2019,Crime,Yoon Yeo-Chang,https://www.imdb.com/title/tt26599602/
tt11963590,Jazzy Misfits,Jazzy Misfits,2019,Drama,Nam Yeon-woo,https://www.imdb.com/title/tt11963590/
tt10892530,Jesters: The Game Changers,Gwang-dae-deul: Poong-moon-jo-jak-dan,2019,"Comedy,Drama,History",Joo-Ho Kim,https://www.imdb.com/title/tt10892530/
tt7738048,Jo Pil-ho: The Dawning Rage,Akjilkyungchal,2019,"Action,Crime,Drama",Lee Jeong-beom,https://www.imdb.com/title/tt7738048/
tt10074452,Justice Judgment,Justice Judgment,2019,"Crime,Drama,Thriller",Sungmo 'Sunghyun' Cho,https://www.imdb.com/title/tt10074452/
tt11454162,Killed My Wife,Killed My Wife,2019,"Action,Drama,Thriller",Kim Ha-ra,https://www.imdb.com/title/tt11454162/
tt11052808,Kim Ji-young: Born 1982,82 nyeonsaeng Kim Ji-yeong,2019,Drama,Kim Do-Young,https://www.imdb.com/title/tt11052808/
tt10338230,Kim-Gun,Kim-Gun,2019,Documentary,Sangwoo Kang,https://www.imdb.com/title/tt10338230/
tt10436268,Let Us Meet Now,Let Us Meet Now,2019,Drama,Ji-young Boo,https://www.imdb.com/title/tt10436268/
tt11671822,Letters to Buriram,Haehyeob,2019,Documentary,Minwook Oh,https://www.imdb.com/title/tt11671822/
tt13830532,Light for the Youth,Light for the Youth,2019,Drama,Su-won Shin,https://www.imdb.com/title/tt13830532/
tt10446722,Long Live the King,Long libeu mokpo king yeongung,2019,"Action,Comedy,Crime",Yunsung Kang,https://www.imdb.com/title/tt10446722/
tt11639190,Lucky Chan-sil,Chansilineun bokdomanhji,2019,"Drama,Fantasy,Romance",Cho-hee Kim,https://www.imdb.com/title/tt11639190/
tt11588674,Lucky Monster,Leogki monseuteo,2019,"Comedy,Drama",Bong Joon-young,https://www.imdb.com/title/tt11588674/
tt24228506,Making 100 Friends from All Over the World,Making 100 Friends from All Over the World,2019,Documentary,Ungyu Yeo,https://www.imdb.com/title/tt24228506/
tt13322994,Master Piece,Master Piece,2019,Comedy,Choi Jin Wook,https://www.imdb.com/title/tt13322994/
tt11079986,Master and Man,Master and Man,2019,Romance,Cho Sung-kyu,https://www.imdb.com/title/tt11079986/
tt7344296,Memories,Memories,2019,Fantasy,Soo Sung Lee,https://www.imdb.com/title/tt7344296/
tt10800758,Metamorphosis,Byeonshin,2019,"Horror,Thriller",Hongsun Kim,https://www.imdb.com/title/tt10800758/
tt10161238,Miss & Mrs. Cops,Girl Cops,2019,"Action,Comedy,Crime",Jung Da-Won,https://www.imdb.com/title/tt10161238/
tt6890618,Money,Money,2019,"Crime,Drama",Park Noo-ri,https://www.imdb.com/title/tt6890618/
tt12176478,Monte Cristo Musical,Monte Cristo Musical,2019,"Drama,Musical,Romance",Dongwon Lee,https://www.imdb.com/title/tt12176478/
tt10644650,Montmartre de Papa,Montmartre de Papa,2019,"Documentary,Family",Byungwoo Min,https://www.imdb.com/title/tt10644650/
tt13802742,Moonfishing in Aewol,Moonfishing in Aewol,2019,Drama,Cheol-u Bak,https://www.imdb.com/title/tt13802742/
tt11311974,Moonlit Winter,Yunhui-ege,2019,"Drama,Romance",Dae Hyung Lim,https://www.imdb.com/title/tt11311974/
tt12840926,Moving On,Nam-mae-wui yeo-reum-bam,2019,Drama,Yoon Dan-bi,https://www.imdb.com/title/tt12840926/
tt11381218,My Bossy Girl,My Bossy Girl,2019,"Comedy,Romance",Lee Jang-hee,https://www.imdb.com/title/tt11381218/
tt10308634,My First Client,Eorin uiroein,2019,"Crime,Drama",Jang Kyu-sung,https://www.imdb.com/title/tt10308634/
tt11135814,My Punch-Drunk Boxer,My Punch-Drunk Boxer,2019,"Comedy,Drama,Sport",Hyuk Ki Jung,https://www.imdb.com/title/tt11135814/
tt11448684,Nailed,Car Center,2019,"Comedy,Crime,Drama",Yoon-jae Ha,https://www.imdb.com/title/tt11448684/
tt9535950,No Mercy,Big sister,2019,"Action,Crime,Thriller",Kyeong-Taek Lim,https://www.imdb.com/title/tt9535950/
tt11692124,Not in This World,E sesangeh eopneun,2019,Drama,Park Jung-bum,https://www.imdb.com/title/tt11692124/
tt33368558,One Punch,One Punch,2019,Action,Park Hyun-soo-I,https://www.imdb.com/title/tt33368558/
tt10162628,Panthera,Panthera,2019,Documentary,Jongryul Lee,https://www.imdb.com/title/tt10162628/
tt12269026,Paper Flower,Paper Flower,2019,Drama,Hoon Koh,https://www.imdb.com/title/tt12269026/
tt6751668,Parasite,Gisaengchung,2019,"Drama,Thriller",Bong Joon Ho,https://www.imdb.com/title/tt6751668/
tt11727004,Pinkfong and Baby Shark's Space Adventure,Pinkfong and Baby Shark's Space Adventure,2019,"Adventure,Animation,Family",Byeon Hee-sun,https://www.imdb.com/title/tt11727004/
tt10156426,Pororo 5: Treasure Island Adventure,Pororo 5: Treasure Island Adventure,2019,"Adventure,Animation,Fantasy",Kim Hyun-Ho,https://www.imdb.com/title/tt10156426/
tt22769164,Princess Aya,Princess Aya,2019,"Animation,Family,Fantasy",Seong-gang Lee,https://www.imdb.com/title/tt22769164/
tt9265018,Queen of the Morning Calm,고요한 아침의 여왕,2019,Drama,Gloria Kim,https://www.imdb.com/title/tt9265018/
tt9764654,Race to Freedom: Um Bok Dong,Bicycle King Uhm Bok-Dong,2019,"Biography,Drama,History",Kim Yu Sung,https://www.imdb.com/title/tt9764654/
tt4429160,Red Shoes and the Seven Dwarfs,Redeu Syujeu,2019,"Action,Adventure,Animation",Hong Sung-ho,https://www.imdb.com/title/tt4429160/
tt10468882,Remain,Remain,2019,Drama,Kim Minkyung,https://www.imdb.com/title/tt10468882/
tt9839530,Right this Moment,Right this Moment,2019,"Comedy,Drama,Fantasy",Hyo-Rin Jung,https://www.imdb.com/title/tt9839530/
tt10396028,Road Kill,Road Kill,2019,"Crime,Horror,Mystery",Soo Sung Lee,https://www.imdb.com/title/tt10396028/
tt10449460,Romang,Romang,2019,"Drama,Romance",Chang-Geun Lee,https://www.imdb.com/title/tt10449460/
tt10449248,Rosebud,Geudae ireumeun jangmi,2019,"Comedy,Drama,Romance",Seok-Hyun Jo,https://www.imdb.com/title/tt10449248/
tt9690280,Ruby,Lubi,2019,"Drama,Fantasy",Hanjin Park,https://www.imdb.com/title/tt9690280/
tt18479974,Sanglyusidae,Upper Class Generation,2019,,Han Dong-Ho,https://www.imdb.com/title/tt18479974/
tt10706676,Scattered Night,Heuteojin Bam,2019,Drama,Sol Kim,https://www.imdb.com/title/tt10706676/
tt32110933,Scent of a Ghost,Scent of a Ghost,2019,"Comedy,Horror,Romance",Lee Joon-Hak,https://www.imdb.com/title/tt32110933/
tt14425000,Shades of the Heart,Shades of the Heart,2019,Drama,Kim Jong-kwan,https://www.imdb.com/title/tt14425000/
tt10530128,Shining Star: The Birth of New Luna-Queen,Shining Star: The Birth of New Luna-Queen,2019,"Animation,Fantasy,Musical",Park Ilho,https://www.imdb.com/title/tt10530128/
tt9358256,Shooting the Mafia,슈팅 마피아,2019,Documentary,Kim Longinotto,https://www.imdb.com/title/tt9358256/
tt21932342,Sister-In-Law's Diary,Sister-In-Law's Diary,2019,Drama,Jeong Jin-ho,https://www.imdb.com/title/tt21932342/
tt12286368,Smog Town,Seumogeu Taun,2019,Documentary,Meng Han,https://www.imdb.com/title/tt12286368/
tt19389478,Somewhere in Between,국도극장,2019,Drama,Jee-Hee Jeon,https://www.imdb.com/title/tt19389478/
tt24299446,Spookiz: The Movie,Spookiz: The Movie,2019,"Animation,Comedy,Family",Anna Paik,https://www.imdb.com/title/tt24299446/
tt10237592,"Spring, Again","Dasi, Bom",2019,"Drama,Fantasy,Romance",Jung Yong-ju,https://www.imdb.com/title/tt10237592/
tt11454170,Start-Up,Sidong,2019,"Action,Comedy,Drama",Choi Jeong-yeol,https://www.imdb.com/title/tt11454170/
tt10462808,Sunkist Family,Sseon-ki-seu Pae-mil-li,2019,Comedy,Ji-Hye Kim,https://www.imdb.com/title/tt10462808/
tt13075114,Super Disco,Super Disco,2019,"Documentary,Music",Lee Ju-ho,https://www.imdb.com/title/tt13075114/
tt10165752,Super Margin,Super Margin,2019,,Baek Seung-kee,https://www.imdb.com/title/tt10165752/
tt7299298,Svaha: The Sixth Finger,Sabaha,2019,"Crime,Horror,Mystery",Jang Jae-hyun,https://www.imdb.com/title/tt7299298/
tt15509666,Swindler,Swindler,2019,Comedy,Yi Dong Hwan,https://www.imdb.com/title/tt15509666/
tt10927906,Tazza: One-Eyed Jack,Tazza: One aideu jaek,2019,"Crime,Drama,Thriller",Oh-Kwang Kwon,https://www.imdb.com/title/tt10927906/
tt10410602,The 12th Suspect,The 12th Suspect,2019,"Crime,Drama,History",Ko Myung-sung,https://www.imdb.com/title/tt10410602/
tt10394178,The Amber Light,앰버 라이트,2019,Documentary,Adam Park,https://www.imdb.com/title/tt10394178/
tt10726604,The Bad Guys: The Movie,The Bad Guys: Reign of Chaos,2019,"Action,Crime,Thriller",Yong-ho Son,https://www.imdb.com/title/tt10726604/
tt9018916,The Battle of Jangsari,Jangsa-ri 9.15,2019,War,Tae-hun Kim,https://www.imdb.com/title/tt9018916/
tt10510654,The Battle: Roar to Victory,The Battle: Roar to Victory,2019,"Action,Drama,History",Won Shin-yeon,https://www.imdb.com/title/tt10510654/
tt10530286,The Beast,Biseuteo,2019,"Action,Crime,Thriller",Lee Jung-ho,https://www.imdb.com/title/tt10530286/
tt10546018,The Captain of Korea under Japanese rule,The Captain of Korea under Japanese rule,2019,Action,Chan-kyong Park,https://www.imdb.com/title/tt10546018/
tt10633722,The Culprit,Jinbeom,2019,"Crime,Mystery,Thriller",Jung-Wook Ko,https://www.imdb.com/title/tt10633722/
tt12944052,The Daughter-in-Law 2,The Daughter-in-law 2,2019,Romance,Choi Woo-Sung,https://www.imdb.com/title/tt12944052/
tt10550884,The Divine Fury,Emissary,2019,"Action,Horror,Thriller",Kim Joo-hwan,https://www.imdb.com/title/tt10550884/
tt11177112,The Divine Move 2: The Wrathful,Shinui Han Soo: Gwisoopyeon,2019,Action,Khan Lee,https://www.imdb.com/title/tt11177112/
tt32561001,The Dominator,Dae-ga-ri,2019,Action,Soo Sung Lee,https://www.imdb.com/title/tt32561001/
tt21262254,The Dominator 2 - School Martial Art Master,Daegari,2019,Action,Soo Sung Lee,https://www.imdb.com/title/tt21262254/
tt9759978,The Dude in Me,The Dude in Me,2019,"Action,Comedy,Fantasy",Kang Hyo-jin,https://www.imdb.com/title/tt9759978/
tt11585966,The Education,Edyukeisyeon,2019,Drama,Dukjoong Kim,https://www.imdb.com/title/tt11585966/
tt38749006,The First Shot,The First Shot,2019,Drama,Baek Seung-hwan,https://www.imdb.com/title/tt38749006/
tt10208198,"The Gangster, the Cop, the Devil",Aginjeon,2019,"Action,Crime,Thriller",Lee Won-tae,https://www.imdb.com/title/tt10208198/
tt9815392,The Gift of Love,The Gift of Love,2019,History,Gyoo-min Kim,https://www.imdb.com/title/tt9815392/
tt10296286,The Girl in a Tiny Room,The Girl in a Tiny Room,2019,"Drama,Mystery",So-jin Park,https://www.imdb.com/title/tt10296286/
tt11469466,The Haunted House: The Sky Ghost vs Jormungandr,The Haunted House: The Sky Ghost vs Jormungandr,2019,"Action,Adventure,Animation",Byeon Young-Kyu,https://www.imdb.com/title/tt11469466/
tt11644156,The Hill of Wind,Balam-ui eondeog,2019,Drama,Seok-yeong Park,https://www.imdb.com/title/tt11644156/
tt38589043,The House,The House,2019,,Park Gyun-ee,https://www.imdb.com/title/tt38589043/
tt10713818,The House of Us,Wurijip,2019,"Drama,Family",Yoon Ga-eun,https://www.imdb.com/title/tt10713818/
tt6985094,The Juror,Baesimwondeul,2019,Drama,Hong Seung-wan,https://www.imdb.com/title/tt6985094/
tt10438454,The King's Letters,The King's Letters,2019,"Drama,History",Jo Chul-Hyun,https://www.imdb.com/title/tt10438454/
tt11148250,The Pregnant Tree and the Goblin,Imsinhan Namuwa Dokkaebi,2019,"Documentary,Fantasy",Dong-ryung Kim,https://www.imdb.com/title/tt11148250/
tt9602258,The Secret Mission,Malmoe: The Secret Mission,2019,"Comedy,Drama,History",Yu-na Eom,https://www.imdb.com/title/tt9602258/
tt11454180,The Snob,Sokmuldeul,2019,"Comedy,Drama",Shin Ah-ga,https://www.imdb.com/title/tt11454180/
tt27788671,The Techniques of Fighting,The Techniques of Fighting,2019,Action,Kim Hee-Seong,https://www.imdb.com/title/tt27788671/
tt13863298,The Threshold of Death,Sa-seon-eui Kkeut,2019,Drama,,https://www.imdb.com/title/tt13863298/
tt13470998,The funeral to heaven,The funeral to heaven,2019,,Jeong Tae-sung,https://www.imdb.com/title/tt13470998/
tt23987612,Thug Teacher,Thug Teacher,2019,"Action,Drama",Il-seon Eo,https://www.imdb.com/title/tt23987612/
tt9735232,Trade Your Love,"Eojjeoda, Gyeolhon",2019,"Comedy,Family,Romance",Park Ho-chan,https://www.imdb.com/title/tt9735232/
tt10763618,Tune in for Love,Yooyeolui Eumakaelbum,2019,"Drama,Romance",Jung Ji-woo,https://www.imdb.com/title/tt10763618/
tt8487606,Unalterable,Unalterable,2019,Drama,Ki-hyeong Park,https://www.imdb.com/title/tt8487606/
tt13894678,Under-Ground,Under-Ground,2019,Documentary,Wook Steven Heo,https://www.imdb.com/title/tt13894678/
tt11690722,Underground,Deogeulaundeu,2019,Documentary,Jung-Keun Kim,https://www.imdb.com/title/tt11690722/
tt11135842,Vertigo,Beotigo,2019,"Drama,Romance",Jeon Gye-soo,https://www.imdb.com/title/tt11135842/
tt10801398,Warning: Do Not Play,Amjeon,2019,"Horror,Mystery",Kim Jin-won,https://www.imdb.com/title/tt10801398/
tt12998268,Watching,Watching,2019,"Horror,Thriller",Kim Sung-Gi,https://www.imdb.com/title/tt12998268/
tt11627120,Way Back Home,Bimilui jeongwon,2019,Drama,Sunjoo Park,https://www.imdb.com/title/tt11627120/
tt21228424,We Gon' Be Alright,We Gon' Be Alright,2019,Comedy,Minkook Park,https://www.imdb.com/title/tt21228424/
tt11696210,Welcome to X-world,Welkeom tu X-woldeu,2019,Documentary,Han Tae-ee,https://www.imdb.com/title/tt11696210/
tt13439270,Welcome to the Guesthouse,Eoseo-osige-seuteuhauseu,2019,Drama,Yohan Shim,https://www.imdb.com/title/tt13439270/
tt13323054,Wish You Were Here,Wish You Were Here,2019,Romance,Bong Soo Ko,https://www.imdb.com/title/tt13323054/
tt13470658,Wish You Were Here,Wish You Were Here,2019,Romance,Bong Soo Ko,https://www.imdb.com/title/tt13470658/
tt8974572,Wonderful Woman,"Woman, No Cry!",2019,"Drama,Family",Jeon Kyu-hwan,https://www.imdb.com/title/tt8974572/
tt12936856,Young Sister-In-Law 5,Young Sister-In-Law 5,2019,Romance,Woo-Seong Choi,https://www.imdb.com/title/tt12936856/
tt9765144,Zombie for Sale,Gimyohan gajok,2019,"Comedy,Horror,Sci-Fi",Lee Min-jae,https://www.imdb.com/title/tt9765144/
tt10620868,#Alive,#Saraitda,2020,"Action,Drama,Horror",Il Cho,https://www.imdb.com/title/tt10620868/
tt13334832,18 Year Old Seungha's Sense Game,18 seunghaeui nunchigeim,2020,"Drama,Romance",Choi Jin-Chul,https://www.imdb.com/title/tt13334832/
tt12385988,A Distant Place,A Distant Place,2020,Drama,Park Kun-young,https://www.imdb.com/title/tt12385988/
tt14691112,A Grain of Wheat in Flames,A Grain of Wheat in Flames,2020,Documentary,Lee Hyoung-Joon,https://www.imdb.com/title/tt14691112/
tt12921022,A Leg,A Leg,2020,"Comedy,Drama,Romance",Yaosheng Chang,https://www.imdb.com/title/tt12921022/
tt15752644,A Legendary Fighter,A Legendary Fighter,2020,Action,Hyomin Bae,https://www.imdb.com/title/tt15752644/
tt27510959,A Spot of Time,A Spot of Time,2020,Drama,Hyerin Yang,https://www.imdb.com/title/tt27510959/
tt18080290,Acquaintance,Acquaintance,2020,Adult,Richard Kim,https://www.imdb.com/title/tt18080290/
tt29573332,Adult Hazing,Adult Hazing,2020,Drama,Han Dong-Ho,https://www.imdb.com/title/tt29573332/
tt13322912,Ahn Sang-Tae: Vol.1,Ahn Sang-Tae: Vol.1,2020,Drama,Ahn Sang-tae,https://www.imdb.com/title/tt13322912/
tt13470634,Ahn Sang-tae collection vol.1,Ahn Sang-tae collection vol.1,2020,Drama,Ahn Sang-tae,https://www.imdb.com/title/tt13470634/
tt7983894,Ammonite,Ammonite,2020,"Drama,History,Romance",Francis Lee,https://www.imdb.com/title/tt7983894/
tt13988614,And There Was Light,And There Was Light,2020,Romance,Kim Ji-seok,https://www.imdb.com/title/tt13988614/
tt9422200,Are We in Love?,Saranghago issseupnikka?,2020,"Drama,Fantasy,Romance",Kim Jeong-kwon,https://www.imdb.com/title/tt9422200/
tt13696376,Autumn Garden,Autumn Garden,2020,"Drama,Romance",Kim In-shik,https://www.imdb.com/title/tt13696376/
tt9747594,Beasts Clawing at Straws,Jipuragirado japgo sipeun jimseungdeul,2020,"Crime,Drama,Mystery",Kim Yong-hoon,https://www.imdb.com/title/tt9747594/
tt12354886,Beauty Water,Beauty Water,2020,"Animation,Drama,Horror",Cho Kyung-hun,https://www.imdb.com/title/tt12354886/
tt35596516,Beyond That Mountain,Beyond That Mountain,2020,Biography,Jong-tae Choi,https://www.imdb.com/title/tt35596516/
tt14246450,Beyond You,Geudae Neomeoe,2020,"Drama,Fantasy",Hong-min Park,https://www.imdb.com/title/tt14246450/
tt19113468,Bittu: Couple Exchange,Bittu: Couple Exchange,2020,Drama,Jeong Mi-na,https://www.imdb.com/title/tt19113468/
tt14342730,Black Light,Bit-Gwa Cheol,2020,"Crime,Drama",Jong-dae Bae,https://www.imdb.com/title/tt14342730/
tt12987696,Bosomy College Girl,Bosomy College Girl,2020,"Drama,Romance",Lee Dong-Joon,https://www.imdb.com/title/tt12987696/
tt12588080,Bosomy Mom 2,Bosomy Mom 2,2020,"Drama,Romance",Lee Dong-Joon,https://www.imdb.com/title/tt12588080/
tt18480484,Bosomy Tae-hee,Bosomy Tae-hee,2020,,Lee Dong-Joon,https://www.imdb.com/title/tt18480484/
tt14227560,Boys Be!,Boys Be!,2020,"Action,Drama",Yoon Min-sik,https://www.imdb.com/title/tt14227560/
tt12850582,Break the Silence: The Movie,Beureikeu Deo Sailleonseu: Deo Mubi,2020,"Documentary,Music",Park Jun-soo,https://www.imdb.com/title/tt12850582/
tt36596121,Bully Bad Guys,Bully Bad Guys,2020,Action,Soo Sung Lee,https://www.imdb.com/title/tt36596121/
tt13324094,Chang Eun,Chang Eun,2020,Drama,Ji Hye Yun,https://www.imdb.com/title/tt13324094/
tt14893186,Climbing,Keul-la-i-ming,2020,"Animation,Drama,Sport",Hye-Mi Kim,https://www.imdb.com/title/tt14893186/
tt13428686,Collectors,Collectors,2020,"Adventure,Comedy,Crime",Park Jung-bae,https://www.imdb.com/title/tt13428686/
tt27788650,Complete Conquest of Love,Complete Conquest of Love,2020,Comedy,Kim Jae Jae-Hyeon,https://www.imdb.com/title/tt27788650/
tt14092432,Dasi Mannan Naldeul,Dasi Mannan Naldeul,2020,"Drama,Music",Chanyang Shim,https://www.imdb.com/title/tt14092432/
tt13684084,Days in a Summer,Yeo-reum-nal,2020,Drama,Jeong Seok Oh,https://www.imdb.com/title/tt13684084/
tt12763920,Deliver Us from Evil,Daman akeseo guhasoseo,2020,"Action,Crime,Thriller",Hong Won-chan,https://www.imdb.com/title/tt12763920/
tt15387726,Deoseuteu maen,Dust-Man,2020,Drama,Kim Na-Kyung,https://www.imdb.com/title/tt15387726/
tt13155030,Diva,Diba,2020,"Drama,Mystery,Thriller",Jo Seul-yeah,https://www.imdb.com/title/tt13155030/
tt19045458,Dodonyeo gildeuligi,Training a Snob,2020,Drama,Shin Sung-jin,https://www.imdb.com/title/tt19045458/
tt18950006,Dragon Inn Part 1: The City of Sadness,Dragon Inn Part 1: The City of Sadness,2020,Action,Sang-hoon Choi,https://www.imdb.com/title/tt18950006/
tt39380528,Dumbheaded Duo,Dumbheaded Duo,2020,Action,Park Joon-sik,https://www.imdb.com/title/tt39380528/
tt19815918,Ensemble,Ang Sang Beul,2020,Drama,Jung Hyung-suk,https://www.imdb.com/title/tt19815918/
tt12669716,Eyes On Me: The Movie,Eyes On Me: The Movie,2020,"Documentary,Music",Jaeseok Park,https://www.imdb.com/title/tt12669716/
tt13630518,Festival,Janchisnal,2020,Drama,Kim Rok-kyeong,https://www.imdb.com/title/tt13630518/
tt13988990,Fighter,Pa-yi-teo,2020,"Drama,Sport",Jero Yun,https://www.imdb.com/title/tt13988990/
tt26762470,First Love,Si-ho,2020,Romance,Hong Su-Dong,https://www.imdb.com/title/tt26762470/
tt21262284,For the New Emperor,For the New Emperor,2020,Action,Soo Sung Lee,https://www.imdb.com/title/tt21262284/
tt8887912,Forbidden Fatherland,Forbidden Fatherland,2020,Documentary,Lyang Kim,https://www.imdb.com/title/tt8887912/
tt10376384,Go Back,Go back,2020,"Crime,Drama",Eun-young Seo,https://www.imdb.com/title/tt10376384/
tt13995274,Gujikjadeul,The Interviewees,2020,"Drama,Sci-Fi",Seung-jae Hwang,https://www.imdb.com/title/tt13995274/
tt13918118,Gull,Gal-mae-gi,2020,Drama,Kim Mi-Jo,https://www.imdb.com/title/tt13918118/
tt35228794,Hello Daniel,Hello Daniel,2020,Reality-TV,Kim Chill Sung,https://www.imdb.com/title/tt35228794/
tt11649614,Hitman: Agent Jun,Hiteumaen,2020,"Action,Comedy",Won-sub Choi,https://www.imdb.com/title/tt11649614/
tt12944128,Hole-in-law,gu-meong-dong-seo,2020,Romance,Lee Sang-soo,https://www.imdb.com/title/tt12944128/
tt14708464,Homeless,Hom-li-seu,2020,Drama,Lim Seung-hyun,https://www.imdb.com/title/tt14708464/
tt11812338,Honest Candidate,Honest Candidate,2020,Comedy,You-Jeong Jang,https://www.imdb.com/title/tt11812338/
tt13034500,Housewife Dealer,Housewife Dealer,2020,Romance,Han Dong-ho,https://www.imdb.com/title/tt13034500/
tt13989020,Hunger,Hunger,2020,Drama,Dayeon Kang,https://www.imdb.com/title/tt13989020/
tt13705634,Hyuga,A Leave,2020,Drama,Lee Ran-hee,https://www.imdb.com/title/tt13705634/
tt14262350,I Don't Fire Myself,Dispatch; I Don't Fire Myself,2020,Drama,Lee Tae-Gyeom,https://www.imdb.com/title/tt14262350/
tt18375470,Imprisonment,Imprisonment,2020,,Soo Lee,https://www.imdb.com/title/tt18375470/
tt12515958,Innocence,Gyul-baek,2020,"Crime,Drama,Thriller",Park Sang-hyun,https://www.imdb.com/title/tt12515958/
tt13411298,Josée,Josée,2020,"Drama,Romance",Kim Jong-kwan,https://www.imdb.com/title/tt13411298/
tt29294021,Kim Il Sung's Children,Kim Il Sung's Children,2020,Documentary,Deog Young Kim,https://www.imdb.com/title/tt29294021/
tt12709450,King of Prison,King of Prison,2020,"Crime,Drama",Kang Tae-ho,https://www.imdb.com/title/tt12709450/
tt39380494,Kkangchi 2,Kkangchi 2,2020,"Action,Comedy",Jang Dong-hyun,https://www.imdb.com/title/tt39380494/
tt12987802,Let's Go to the Rose Motel 4,Let's Go to the Rose Motel 4,2020,"Drama,Romance",Woo-Seong Choi,https://www.imdb.com/title/tt12987802/
tt13994440,Limecrime,Limecrime,2020,Drama,Yoo Jaewook,https://www.imdb.com/title/tt13994440/
tt12485966,Lingering,Hotel Lake,2020,Horror,Yoon Eun-kyoung,https://www.imdb.com/title/tt12485966/
tt18501788,Little Sister,Little Sister,2020,,Choi Sung-eun,https://www.imdb.com/title/tt18501788/
tt11965920,Live Hard,Live Hard,2020,"Drama,Music",Hwang Wook,https://www.imdb.com/title/tt11965920/
tt13412168,Lodge Money,Lodge Money,2020,Drama,Han Gil-soo,https://www.imdb.com/title/tt13412168/
tt12088832,Love Tooth,Love Tooth,2020,"Comedy,Drama,Romance",SangJin Ko,https://www.imdb.com/title/tt12088832/
tt14839424,Made on the Rooftop,Made in Rooftop,2020,"Comedy,Drama,Romance",Jho Kwang-soo Kim,https://www.imdb.com/title/tt14839424/
tt10546004,Mag Mel Evil,Mag Mel Evil,2020,Fantasy,Woon-hak Baek,https://www.imdb.com/title/tt10546004/
tt12805676,Me and Me,Sarajin sigan,2020,"Drama,Fantasy,Mystery",Jung Jin-young,https://www.imdb.com/title/tt12805676/
tt10633456,Minari,미나리,2020,Drama,Lee Isaac Chung,https://www.imdb.com/title/tt10633456/
tt11727058,Miniforce: Dino King,Miniforce: Deeno the King of Dinosaurs,2020,"Action,Adventure,Animation",Youngjun Lee,https://www.imdb.com/title/tt11727058/
tt14710106,Miracle,Gijeog,2020,Drama,Byung-hun Min,https://www.imdb.com/title/tt14710106/
tt14708548,Mom's Song,Barama angaereul geodeogadao,2020,"Drama,Romance",Dong-min Shin,https://www.imdb.com/title/tt14708548/
tt13574232,More Than Family,Aebi Gyuhwan,2020,"Comedy,Drama",Choi Ha-na,https://www.imdb.com/title/tt13574232/
tt15244134,Motelier,Motelier,2020,"Comedy,Drama,Romance",Jeong Hoon Lee,https://www.imdb.com/title/tt15244134/
tt11566166,Mr. Zoo: The Missing VIP,Mr. Zoo: The Missing VIP,2020,"Action,Comedy",Kim Tae-yoon,https://www.imdb.com/title/tt11566166/
tt18480278,Neighbor Girl Stalking,Neighbor Girl Stalking,2020,,Park Eun,https://www.imdb.com/title/tt18480278/
tt6985320,Next Door Neighbor,Iut-sachon,2020,"Comedy,Drama",Lee Hwan-kyung,https://www.imdb.com/title/tt6985320/
tt12792418,Night in Paradise,Night in Paradise,2020,"Action,Crime,Drama",Park Hoon-jung,https://www.imdb.com/title/tt12792418/
tt13236180,Night of the Undead,Jukji anneun Ingan-deul-e Bam,2020,"Comedy,Horror,Sci-Fi",Jeong-won Shin,https://www.imdb.com/title/tt13236180/
tt13328766,Nocturne,Nocturne,2020,Documentary,Jeong Gwan-jo,https://www.imdb.com/title/tt13328766/
tt13148808,Oh! My Gran,O! Moon-hee,2020,"Comedy,Drama",Se-kyo Jung,https://www.imdb.com/title/tt13148808/
tt12572792,Okay Madam,Okeimadam,2020,"Action,Comedy,Thriller",Lee Cheol-ha,https://www.imdb.com/title/tt12572792/
tt37184265,On July 7th,On July 7th,2020,Drama,Son Seung-hyun,https://www.imdb.com/title/tt37184265/
tt14143406,Our Midnight,Our Midnight,2020,Drama,Jung-Eun Lim,https://www.imdb.com/title/tt14143406/
tt27757935,Our Time,Our Time,2020,Documentary,Seyoung Lee,https://www.imdb.com/title/tt27757935/
tt15023900,P1H: The Beginning of a New World,P1H: The Beginning of a New World,2020,"Action,Drama,Sci-Fi",Hong-Seung Yoon,https://www.imdb.com/title/tt15023900/
tt13273172,Pawn,Pawn,2020,"Comedy,Drama,Family",Dae-gyu Kang,https://www.imdb.com/title/tt13273172/
tt8850222,Peninsula,Bando,2020,"Action,Drama,Horror",Yeon Sang-ho,https://www.imdb.com/title/tt8850222/
tt14331300,Please Don't Save Me,Nareul guhaji maseyo,2020,Drama,Yeon-Kyung Jeong,https://www.imdb.com/title/tt14331300/
tt15540950,Please Make Me Look Pretty,Please Make Me Look Pretty,2020,Documentary,Dong Il Seo,https://www.imdb.com/title/tt15540950/
tt18375342,Pretty Young Sister,Pretty Young Sister,2020,Romance,Choi Jin-Chul,https://www.imdb.com/title/tt18375342/
tt12944282,R-Rated Idol Seung-ha's Fancy Walk,R-Rated Idol Seung-ha's Fancy Walk,2020,Romance,Choi Jin-Chul,https://www.imdb.com/title/tt12944282/
tt12952208,R-Rated Idol Seung-ha's Sex Scandal,R-Rated Idol Seung-ha's Sex Scandal,2020,Romance,Choi Jin-Chul,https://www.imdb.com/title/tt12952208/
tt28079549,Real Fighter,Real Fighter,2020,"Action,Drama",Kim Kyung-Taek,https://www.imdb.com/title/tt28079549/
tt13385676,Salvation,Salvation,2020,Thriller,Cheong Moo Lee,https://www.imdb.com/title/tt13385676/
tt13210996,Samjin Company English Class,Samjingeulub yeong-eotoigban,2020,"Comedy,Crime,Drama",Lee Jong-pil,https://www.imdb.com/title/tt13210996/
tt12380870,Search Out,Seochi aut,2020,Thriller,Jung Kwak,https://www.imdb.com/title/tt12380870/
tt11566164,Secret Zoo,Haechijianha,2020,Comedy,Son Jae-gon,https://www.imdb.com/title/tt11566164/
tt18375192,Seducing a country girl,Seducing a country girl,2020,,Lee Dong-jun,https://www.imdb.com/title/tt18375192/
tt14708580,Self-portrait 2020,Selpeu-poteuleiteu 2020,2020,Documentary,Lee Dong-woo,https://www.imdb.com/title/tt14708580/
tt13323124,"Senveno, Pyeongchang","Senveno, Pyeongchang",2020,Drama,Kwak Dong Chul,https://www.imdb.com/title/tt13323124/
tt17499272,Sewing Sisters,Misingtaneun Yeojadeul,2020,Documentary,Kim Jung-young,https://www.imdb.com/title/tt17499272/
tt13334844,Sex Girl 5,Sex Girl 5,2020,"Drama,Romance",Choi Jin-Chul,https://www.imdb.com/title/tt13334844/
tt13464168,Sexy Neighbor Sisters,Sexy Neighbor Sisters,2020,"Drama,Romance",Lee Dong-Joon,https://www.imdb.com/title/tt13464168/
tt10559944,Shimajiro Armor Hero: The Version,Shimajiro Armor Hero: The Version,2020,,Love Lee,https://www.imdb.com/title/tt10559944/
tt13995564,Short Vacation,Jongchakyeok,2020,Drama,Kwon Min-pyo,https://www.imdb.com/title/tt13995564/
tt18227740,Sister War,Sister War,2020,,Richard Kim,https://www.imdb.com/title/tt18227740/
tt18479912,Sister's Neighbor,Sister's Neighbor,2020,Romance,Kim Seok-man,https://www.imdb.com/title/tt18479912/
tt21290882,Sister-in-Law's Sensation,Sister-in-Law's Sensation,2020,Drama,Jung Ja Choi,https://www.imdb.com/title/tt21290882/
tt13576808,Slate,Seulleiteu,2020,Action,Jo Ba-Reun,https://www.imdb.com/title/tt13576808/
tt12987776,Snow Blossom,Seolhwa,2020,Thriller,Choi Hyeong-ryul,https://www.imdb.com/title/tt12987776/
tt13705714,Snowball,Choeseon-ui salm,2020,Drama,Lee Woo-jung,https://www.imdb.com/title/tt13705714/
tt35136052,Some Relationship,Some Relationship,2020,Drama,Sang-Beom Koo,https://www.imdb.com/title/tt35136052/
tt13593962,"Son's Girlfriend, Daddy's Girlfriend","Son's Girlfriend, Daddy's Girlfriend",2020,Romance,Joo Hyun-il,https://www.imdb.com/title/tt13593962/
tt14871868,Song Hae 1927,Song Hae b. 1927,2020,"Biography,Documentary,Music",Jero Yun,https://www.imdb.com/title/tt14871868/
tt18480528,Spare Daughter-in-law,Spare Daughter-in-law,2020,Drama,Richard Kim,https://www.imdb.com/title/tt18480528/
tt13764332,Special Agent,Teuksuyowon,2020,Action,Shin Jae Jae-Myeong,https://www.imdb.com/title/tt13764332/
tt13521862,Spirit: The Beginning of Fear,Spirit: The Beginning of Fear,2020,Horror,Yoon Seong-ho,https://www.imdb.com/title/tt13521862/
tt15108954,Spiritwalker,Yu-che-i-tal-ja,2020,"Action,Fantasy,Mystery",Jae-geun Yoon,https://www.imdb.com/title/tt15108954/
tt10516176,Steel Rain 2,Steel Rain 2,2020,"Action,Drama,Thriller",Yang Woo-seok,https://www.imdb.com/title/tt10516176/
tt28520616,Stone Skipping,Stone Skipping,2020,Drama,Jungsik Kim,https://www.imdb.com/title/tt28520616/
tt23805032,Sunday League,Sunday League,2020,Comedy,Yi Sung-il,https://www.imdb.com/title/tt23805032/
tt14029890,Super Nova,Super Nova,2020,Sci-Fi,Baek Seung-kee,https://www.imdb.com/title/tt14029890/
tt8562446,Swag,Swag,2020,"Drama,Musical,Romance",Lim Stephan,https://www.imdb.com/title/tt8562446/
tt33087534,T-Buster: The Return of Dark Assault,T-Buster: The Return of Dark Assault,2020,Animation,Young Kwang Jo,https://www.imdb.com/title/tt33087534/
tt13925964,Take Me Home,Damjaengi,2020,Drama,Jay Han,https://www.imdb.com/title/tt13925964/
tt18689488,Taming the Younger Sister-in-Law,Taming the Younger Sister-in-Law,2020,Romance,Pae Kon,https://www.imdb.com/title/tt18689488/
tt18375568,Tasty Aunt,Tasty Aunt,2020,Adult,Lee Dong-Joon,https://www.imdb.com/title/tt18375568/
tt37184255,The Art of Fighting 2,The Art of Fighting 2,2020,Action,Kim Hee-Seong,https://www.imdb.com/title/tt37184255/
tt15292708,The Basement,Jihasil,2020,"Drama,Sci-Fi",Yang Hyun Choi,https://www.imdb.com/title/tt15292708/
tt10530176,The Call,Kol,2020,"Crime,Horror,Mystery",Chung-Hyun Lee,https://www.imdb.com/title/tt10530176/
tt11727052,The Closet,The Closet,2020,"Horror,Mystery",Kwang-bin Kim,https://www.imdb.com/title/tt11727052/
tt13478812,The Cursed Lesson,The Cursed Lesson,2020,"Horror,Mystery,Thriller",Jai-hong Juhn,https://www.imdb.com/title/tt13478812/
tt13423318,The Day I Died: Unclosed Case,The Day I Died: Unclosed Case,2020,"Crime,Drama,Mystery",Park Ji-Wan,https://www.imdb.com/title/tt13423318/
tt32561003,The Dominator 3 - Junior Bullies,Dae-ga-ri-3 il-jin-hu-bae-deul,2020,Action,Soo Sung Lee,https://www.imdb.com/title/tt32561003/
tt8290968,The Frog in the Stone,The Frog in the Stone,2020,"Mystery,Thriller",Chi Lee,https://www.imdb.com/title/tt8290968/
tt8123506,The Golden Holiday,Gookjesoosa,2020,Comedy,Kim Bong-han,https://www.imdb.com/title/tt8123506/
tt13898604,The Hand,The Hand,2020,Horror,Choi Yun-ho,https://www.imdb.com/title/tt13898604/
tt12588448,The Larva Island Movie,Raba airaendeu mubi,2020,"Adventure,Animation,Comedy",Byoung-Wook Ahn,https://www.imdb.com/title/tt12588448/
tt11358398,The Man Standing Next,Namsanui bujangdeul,2020,Thriller,Woo Min-ho,https://www.imdb.com/title/tt11358398/
tt16154576,The Mask of Shura of Fire Cloud,The Mask of Shura of Fire Cloud,2020,Action,Frankie Chung,https://www.imdb.com/title/tt16154576/
tt16409230,The Name,The Name,2020,Romance,Dong-woo Heo,https://www.imdb.com/title/tt16409230/
tt25383392,The Nightmare,The Nightmare,2020,Thriller,Jay Song,https://www.imdb.com/title/tt25383392/
tt15108880,The Prayer,Ganhojung,2020,Sci-Fi,Kyu-dong Min,https://www.imdb.com/title/tt15108880/
tt16974252,The Prisoner,Peurijeuneo,2020,"Action,Drama",Yang Gil-Yeong,https://www.imdb.com/title/tt16974252/
tt13439250,The Singer,So-ri-kkun,2020,"Drama,History,Music",Cho Jung-Rae,https://www.imdb.com/title/tt13439250/
tt14246874,The Slug,The Slug,2020,"Comedy,Drama,Fantasy",Choi Jin-Young,https://www.imdb.com/title/tt14246874/
tt7035004,The Swordsman,Geom-gaek,2020,"Action,Drama,History",Jae-Hoon Choi,https://www.imdb.com/title/tt7035004/
tt33447636,The Techniques of Fighting 2,The Techniques of Fighting 2,2020,Action,Kim Hee-Seong,https://www.imdb.com/title/tt33447636/
tt13028516,The Therapist: Fist of Tae-baek,Taebaekkwon,2020,"Action,Comedy",Sang-hoon Choi,https://www.imdb.com/title/tt13028516/
tt11697690,The Woman Who Ran,Domangchin yeoja,2020,Drama,Hong Sang-soo,https://www.imdb.com/title/tt11697690/
tt12385956,Three Sisters,Se-ja-mae,2020,Drama,Lee Seung-won,https://www.imdb.com/title/tt12385956/
tt12944288,Three Sisters Secret Sex Partner,Three Sisters Secret Sex Partner,2020,Romance,Jeong Mi-na,https://www.imdb.com/title/tt12944288/
tt11777040,Time to Hunt,Sa-nyang-eui si-gan,2020,"Action,Crime,Drama",Yoon Sunghyun,https://www.imdb.com/title/tt11777040/
tt8991310,Tiny light,Tiny light,2020,"Drama,Family",Minjae Cho,https://www.imdb.com/title/tt8991310/
tt33350121,Untact,Eontaegteu,2020,"Drama,Romance",Kim Jee-woon,https://www.imdb.com/title/tt33350121/
tt10431572,Voice of Silence,Sorido eopsi,2020,"Drama,Thriller",Hong Eui-jeong,https://www.imdb.com/title/tt10431572/
tt13311064,What's Really Wrong with Secretary Kim,What's Really Wrong with Secretary Kim,2020,"Drama,Romance",Kim Jong-Seok,https://www.imdb.com/title/tt13311064/
tt14821640,Whispering Corridors: The Humming,Whispering Corridors: The Humming,2020,"Horror,Mystery",Mi Young Lee,https://www.imdb.com/title/tt14821640/
tt14440390,Young Adult Matters,Young Adult Matters,2020,Drama,Lee Hwan,https://www.imdb.com/title/tt14440390/
tt13995338,Zombie Crush in Heyri,Zombie Crush in Heyri,2020,"Action,Comedy",Hyun-Sang Jang,https://www.imdb.com/title/tt13995338/
tt11779626,Zombie Fighter,Zombie Fighter,2020,"Action,Drama,Horror",Lim Jihwan,https://www.imdb.com/title/tt11779626/
tt19812324,1958,1958,2021,"Comedy,Drama",Mun-ok Kim,https://www.imdb.com/title/tt19812324/
tt15299948,"1989 Berlin, Seoul Now","1989 Beleullin, Seoul Now",2021,Documentary,Wooyoung Choi,https://www.imdb.com/title/tt15299948/
tt15494942,206: Unearthed,206: Salajiji anhneun,2021,"Documentary,History,War",Chul-nyung Heo,https://www.imdb.com/title/tt15494942/
tt15495276,A Bit Different.,Han kkeus,2021,Mystery,Woodong Lee,https://www.imdb.com/title/tt15495276/
tt10187208,A Boy Called Christmas,크리스마스로 불리는 소년,2021,"Adventure,Drama,Family",Gil Kenan,https://www.imdb.com/title/tt10187208/
tt15689860,A Lonely Island in the Distant Sea,Jeolhaegodo,2021,Drama,Mi-Yeong Kim,https://www.imdb.com/title/tt15689860/
tt15299992,A Tale of Old Cities,Aju olaedoen milaedosi,2021,Documentary,Eun-sung Jo,https://www.imdb.com/title/tt15299992/
tt21038832,A Way Station,A Way Station,2021,"Drama,Romance",Kim Jung Min,https://www.imdb.com/title/tt21038832/
tt14982696,AI Her,AI Her,2021,"Drama,Sci-Fi,Thriller",Lee Jung-Sub,https://www.imdb.com/title/tt14982696/
tt18080324,Abangsek,Avant Sex,2021,,Jeong Mi-na,https://www.imdb.com/title/tt18080324/
tt15122648,Aftermath,Aftermath,2021,"Biography,Documentary",Jin-Hyuk Kim,https://www.imdb.com/title/tt15122648/
tt15114656,Agent Backkom: King's Bear,Bei Ken xiong 2: Jinpai tegong,2021,Animation,Zhang Yang,https://www.imdb.com/title/tt15114656/
tt14598598,Aloners,Honja saneun saramdeul,2021,Drama,Hong Seong-eun,https://www.imdb.com/title/tt14598598/
tt16383304,Another Record,Another Record,2021,Documentary,Kim Jong-kwan,https://www.imdb.com/title/tt16383304/
tt16436272,Artificial Meditation,Artificial Meditation,2021,Sci-Fi,Yeji Yeon,https://www.imdb.com/title/tt16436272/
tt18329412,Asurado,Asurado,2021,"Action,Crime",Yoon Yeo-Chang,https://www.imdb.com/title/tt18329412/
tt15719090,Awoke,Bogjisigdang,2021,Drama,Jae-ik Jung,https://www.imdb.com/title/tt15719090/
tt8107288,Bearry,Bearry,2021,"Action,Horror,Romance",Alexander T. Hwang,https://www.imdb.com/title/tt8107288/
tt15297882,Beyond the Sight,Yeonghwagamdog nodongju,2021,Documentary,Lim Chan-ik,https://www.imdb.com/title/tt15297882/
tt14880612,Blackpink: The Movie,Beullaekpingkeu: Deo Mubi,2021,"Documentary,Music",Su Yee Jung,https://www.imdb.com/title/tt14880612/
tt15300124,Boundary: Flaming Feminist Action,Baundeoli,2021,Documentary,Gahyun Yun,https://www.imdb.com/title/tt15300124/
tt15300200,Burning Flower,Hanchangnai seonnyeonim,2021,Documentary,Ho-Yeon Won,https://www.imdb.com/title/tt15300200/
tt15209608,CCTV,ssi-ssi-ti-bi,2021,"Horror,Mystery",Hong-ik Kim,https://www.imdb.com/title/tt15209608/
tt15801590,Camellia,Dongbaek,2021,,,https://www.imdb.com/title/tt15801590/
tt15839780,Children of the Mist,안개 속의 아이들,2021,Documentary,Ha Le Diem,https://www.imdb.com/title/tt15839780/
tt15689458,Chorokbam,초록밤,2021,Drama,Seo-jin Yoon,https://www.imdb.com/title/tt15689458/
tt16159984,Chun Tae-Il,태일이,2021,"Animation,Biography,Drama",Jun-Pyo Hong,https://www.imdb.com/title/tt16159984/
tt28306927,Cinema Street,Cinema Street,2021,Romance,Kim Min-Geun,https://www.imdb.com/title/tt28306927/
tt16533424,Circus,Circus,2021,Drama,Byungki Yun,https://www.imdb.com/title/tt16533424/
tt15555264,Clytaemnestra,Clytaemnestra,2021,Drama,Ougie Pak,https://www.imdb.com/title/tt15555264/
tt14627194,Coming to You,Neoege ganeun gil,2021,Documentary,Gyuri Byun,https://www.imdb.com/title/tt14627194/
tt17640598,Contact-Free Intercourse,Contact-Free Intercourse,2021,,Lee Sang-soo,https://www.imdb.com/title/tt17640598/
tt32058218,Days of Green,"Cheong, Yusu",2021,Romance,Dong-il Shin,https://www.imdb.com/title/tt32058218/
tt21226082,Dieter Fighter,Dieter Fighter,2021,Drama,Jeeyeong Jeong,https://www.imdb.com/title/tt21226082/
tt15300252,Discrimination,Chabyeol,2021,Documentary,Dohee Kim,https://www.imdb.com/title/tt15300252/
tt16244518,Doom Doom,Doom Doom,2021,Drama,Jung Won-hee,https://www.imdb.com/title/tt16244518/
tt14493552,Double Patty,Deobeulpaeti,2021,Drama,Paek Seung-hwan,https://www.imdb.com/title/tt14493552/
tt40415118,Dragon Inn Part 2: The Night of the Gods,Dragon Inn Part 2: The Night of the Gods,2021,Action,Sang-hoon Choi,https://www.imdb.com/title/tt40415118/
tt11535228,Emergency Declaration,Bisangsuneon,2021,"Action,Drama,Thriller",Han Jae-rim,https://www.imdb.com/title/tt11535228/
tt14540764,Endless Rain,Biwa Dangsineui Iyagi,2021,"Drama,Romance",Jin-mo Cho,https://www.imdb.com/title/tt14540764/
tt14810692,Escape from Mogadishu,Mo-ga-di-shu,2021,"Action,Drama,Thriller",Ryoo Seung-wan,https://www.imdb.com/title/tt14810692/
tt24165136,Fairy,Fairy,2021,"Comedy,Drama",Tack-su Shin,https://www.imdb.com/title/tt24165136/
tt15495048,Fanatic,Seongdeog,2021,Documentary,Seyeon Oh,https://www.imdb.com/title/tt15495048/
tt15674740,Fearsome,Fearsome,2021,"Horror,Mystery,Thriller",Lee Sang-hun,https://www.imdb.com/title/tt15674740/
tt26739274,Female Tazza,Yeotajja,2021,"Crime,Drama",Lee Ji-seung,https://www.imdb.com/title/tt26739274/
tt16244524,Film for the Coming Winter,Film for the Coming Winter,2021,Drama,Kyungrae Kim,https://www.imdb.com/title/tt16244524/
tt16232730,Finding Angel,Cheonsaneun Baileoseu,2021,Drama,Seong-jun Kim,https://www.imdb.com/title/tt16232730/
tt31778578,Fragments,Fragments,2021,Documentary,Stephanie Seungmin Kim,https://www.imdb.com/title/tt31778578/
tt14895216,Ghost Mansion,Ghost Mansion,2021,"Horror,Mystery,Thriller",Jo Ba-Reun,https://www.imdb.com/title/tt14895216/
tt15297924,Gingja,Gingja,2021,Documentary,Cheolhwan Park,https://www.imdb.com/title/tt15297924/
tt14289862,Go to Kill,Go to Kill,2021,Comedy,Nam-Won Park,https://www.imdb.com/title/tt14289862/
tt14739152,"Good Light, Good Air","Good Light, Good Air",2021,Documentary,Heung-soon Im,https://www.imdb.com/title/tt14739152/
tt14922584,Guimoon: The Lightless Door,Guimoon,2021,"Horror,Mystery,Thriller",Sim Deok-Geun,https://www.imdb.com/title/tt14922584/
tt32058187,Happiness,Hae-pi-ni-seu,2021,Romance,,https://www.imdb.com/title/tt32058187/
tt14980972,Hard Hit,Bal-sin-je-han,2021,"Action,Crime,Drama",Kim Chang-ju,https://www.imdb.com/title/tt14980972/
tt12443662,Heaven: To the Land of Happiness,Heaven: To the Land of Happiness,2021,Drama,Im Sang-soo,https://www.imdb.com/title/tt12443662/
tt9609334,Hell Is Empty,Hell Is Empty,2021,"Horror,Thriller",Jo Shaffer,https://www.imdb.com/title/tt9609334/
tt15620810,Hommage,Omaju,2021,Drama,Su-won Shin,https://www.imdb.com/title/tt15620810/
tt14941222,Hostage: Missing Celebrity,Injil,2021,"Action,Crime,Drama",Pil Gam-Sung,https://www.imdb.com/title/tt14941222/
tt15401948,Humidity Alert,Humidity Alert,2021,"Comedy,Drama",Bong Soo Ko,https://www.imdb.com/title/tt15401948/
tt13936336,Hunters,Hunters,2021,Action,Justin Lee,https://www.imdb.com/title/tt13936336/
tt14891034,I,I,2021,Drama,Hyuntak Kim,https://www.imdb.com/title/tt14891034/
tt15296568,I Am More,Mo-eo,2021,Documentary,Ilha Lee,https://www.imdb.com/title/tt15296568/
tt16548604,I Am from Chosun,I Am from Chosun,2021,Documentary,Kim Cheol-min,https://www.imdb.com/title/tt16548604/
tt15274892,I Can Only See,I Can Only See,2021,"Comedy,Horror",Lim Yong-jae,https://www.imdb.com/title/tt15274892/
tt14776918,In Front of Your Face,Dangsin-eolgul-apeseo,2021,Drama,Hong Sang-soo,https://www.imdb.com/title/tt14776918/
tt1321510,In the Heights,인 더 하이츠,2021,"Drama,Musical,Romance",Jon M. Chu,https://www.imdb.com/title/tt1321510/
tt14617622,In the Name of the Son,Adeurui ireumeuro,2021,"Drama,Thriller",Jeong-Kuk Lee,https://www.imdb.com/title/tt14617622/
tt15300338,In the Sky Where Seasons Pass By,Gyejeol-i jinaganeun haneul-eneun,2021,Documentary,Hanbul Ko,https://www.imdb.com/title/tt15300338/
tt14604446,Indian Pink,Jangnong (Indian Pink),2021,"Drama,Thriller",Seewoo Kim,https://www.imdb.com/title/tt14604446/
tt14035108,Introduction,인트로덕션,2021,Drama,Hong Sang-soo,https://www.imdb.com/title/tt14035108/
tt22091740,It Will Turn Out Well This Time,It Will Turn Out Well This Time,2021,Comedy,Seung-Soo Lee,https://www.imdb.com/title/tt22091740/
tt18296098,Jane's Summer,Jeineui sseommeo,2021,Drama,Eun-ju Song,https://www.imdb.com/title/tt18296098/
tt15560706,Jikji Route; Terra Incognita,Jigjiluteu; tela inkogeunita,2021,Documentary,Kwang-hoon Woo,https://www.imdb.com/title/tt15560706/
tt14331144,Jujutsu Kaisen 0,Jujutsu Kaisen 0: The Movie,2021,"Action,Animation,Fantasy",Sunghoo Park,https://www.imdb.com/title/tt14331144/
tt29453491,Keonbeoseisyeon,Keonbeoseisyeon,2021,Drama,Kim Duk-joong,https://www.imdb.com/title/tt29453491/
tt14961578,Kids Are Fine,Ah-ee-deul-eun-jeul-gup-da,2021,Drama,Ji Won Lee,https://www.imdb.com/title/tt14961578/
tt15295036,Kill the Monster,Kill the Monster,2021,"Action,Fantasy",Lik-Chi Lee,https://www.imdb.com/title/tt15295036/
tt15495098,Kim Jong-boon of Wangshimni,Wangsibli Gim Jong Bun,2021,"Biography,Documentary",Jin-Yeoul Kim,https://www.imdb.com/title/tt15495098/
tt14626814,Kim Min-young of the Report Card,Seong Jeog Pyo Ui Gim Min-yeong,2021,Drama,Lee Jae-eun,https://www.imdb.com/title/tt14626814/
tt14211718,King of Prison 2: The Prison War,King of Prison 2,2021,Action,Kang Tae-ho,https://www.imdb.com/title/tt14211718/
tt39380561,Kingdom School - Absolute Evil,Kingdom School - Absolute Evil,2021,"Action,Drama",Jang Dong-hyun,https://www.imdb.com/title/tt39380561/
tt13630534,Last Film,Last Film,2021,Drama,Jeon Soo-il,https://www.imdb.com/title/tt13630534/
tt15300364,Life Goes On,Sewol,2021,Documentary,Minkyung Jang,https://www.imdb.com/title/tt15300364/
tt27719343,Life of Hae-oak,Life of Hae-oak,2021,Drama,Eric Junghwan Park,https://www.imdb.com/title/tt27719343/
tt15298728,Log in Belgium,Logeu in beljium,2021,Documentary,Teo Yoo,https://www.imdb.com/title/tt15298728/
tt15376580,Loop Dreams,Loop Dreams,2021,Documentary,Duhyun Ko,https://www.imdb.com/title/tt15376580/
tt17640060,Madam's Golf Lesson,Madam's Golf Lesson,2021,,Kim Ho-Cheol,https://www.imdb.com/title/tt17640060/
tt19842928,Mannequin,Mannequin,2021,"Fantasy,Horror",Mun-ok Kim,https://www.imdb.com/title/tt19842928/
tt15489146,Map Without Island,Seom-ieobsneunjido,2021,Documentary,Sungeun Kim,https://www.imdb.com/title/tt15489146/
tt16976468,Memory: Manipulated Murder,Memori: Jojaksalin,2021,"Crime,Mystery",Hyunwoo Kim,https://www.imdb.com/title/tt16976468/
tt14757872,Midnight,Mideunaiteu,2021,"Crime,Thriller",Oh-Seung Kwon,https://www.imdb.com/title/tt14757872/
tt14490546,Miracle: Letters to the President,Gi-Juk,2021,Drama,Lee Jang-hoon,https://www.imdb.com/title/tt14490546/
tt14140954,Mission Possible,Mission Possible,2021,"Action,Comedy,Crime",Kim Hyeong-joo,https://www.imdb.com/title/tt14140954/
tt21221222,Modern Korea: The Age of Beasts,Jimseung,2021,Documentary,Jeong Jaeeun,https://www.imdb.com/title/tt21221222/
tt15828732,Monsta X: The Dreaming,몬스타엑스: 더 드리밍,2021,"Documentary,Music",Sung Sin-Hyo,https://www.imdb.com/title/tt15828732/
tt22012622,Montecristo: The Musical Live,Montecristo: The Musical Live,2021,Musical,Oh Yoon-dong,https://www.imdb.com/title/tt22012622/
tt15442580,Moonlight Shadow,달빛 그림자,2021,Drama,Edmund Yeo,https://www.imdb.com/title/tt15442580/
tt35977081,Mountain Crawler,Mountain Crawler,2021,Sci-Fi,Sann Lee,https://www.imdb.com/title/tt35977081/
tt15048272,Musical June,Musical June,2021,Musical,Do Hyeong Kim,https://www.imdb.com/title/tt15048272/
tt13972688,My Big Mama's Crazy Ride,My Big Mama's Crazy Ride,2021,Comedy,Paek Seung-hwan,https://www.imdb.com/title/tt13972688/
tt14503918,My Love,여름날 우리,2021,"Comedy,Romance",Tian Han,https://www.imdb.com/title/tt14503918/
tt14739128,My Lovely Angel,My Lovely Angel,2021,Drama,Sung-Mo Kwon,https://www.imdb.com/title/tt14739128/
tt16430548,My Stranger,My Stranger,2021,Horror,Cha Jin-woo,https://www.imdb.com/title/tt16430548/
tt15495122,Names of Revolution,10 Wol-ui ileumdeul,2021,"Documentary,History",Dongyun Lee,https://www.imdb.com/title/tt15495122/
tt13893464,New Year Blues,New Year Blues,2021,"Comedy,Romance",Ji-Yeong Hong,https://www.imdb.com/title/tt13893464/
tt28947435,No Surprise,Motung-i,2021,,Shin Sun,https://www.imdb.com/title/tt28947435/
tt14627004,Not Out,Nas-aus,2021,"Drama,Sport",Jung-gon Lee,https://www.imdb.com/title/tt14627004/
tt16303830,Nothing Serious,Nothing Serious,2021,"Comedy,Drama,Romance",Ga-Young Jeong,https://www.imdb.com/title/tt16303830/
tt15426974,On the Line,Boiseu,2021,"Action,Crime,Drama",Gok Kim,https://www.imdb.com/title/tt15426974/
tt15300382,Oshika: Winds of Change,Osikamula-e buneun balam,2021,Documentary,Myoung-Yoon Kim,https://www.imdb.com/title/tt15300382/
tt15298288,"Pan Mun Jom, You Have Never Seen",Panmunjeom,2021,"History,War",Won-Geun Song,https://www.imdb.com/title/tt15298288/
tt22187384,Parasite Choon,Parasite Choon,2021,Comedy,Kim Young-hee,https://www.imdb.com/title/tt22187384/
tt15587126,Perhaps Love,Jangleuman romaenseu,2021,"Comedy,Romance",Jo Eun-ji,https://www.imdb.com/title/tt15587126/
tt18938184,Phantom: The Musical Live,Phantom: The Musical Live,2021,"Drama,Musical,Romance",Jaeseok Park,https://www.imdb.com/title/tt18938184/
tt15495134,Piano Prism,Piano peulijeum,2021,"Documentary,Music",Jae Hyeong Oh,https://www.imdb.com/title/tt15495134/
tt14716932,Pipeline,Pipeline,2021,"Action,Crime",Ha Yoo,https://www.imdb.com/title/tt14716932/
tt15489098,Poets' Window,Siindeul-ui chang,2021,Documentary,Jeon-han Kim,https://www.imdb.com/title/tt15489098/
tt16985048,Pretty Housekeeper 2: Kind Lady,ye-ppeun-sik-mo-2: Ga-jeong-bu-in,2021,"Adult,Romance",Richard Kim,https://www.imdb.com/title/tt16985048/
tt15220252,Pyeong-pyeong-namnyeo,Unboxing Girl,2021,"Drama,Romance",Soo-Jung Kim,https://www.imdb.com/title/tt15220252/
tt14527836,Recalled,Naeileui Gieok,2021,"Drama,Mystery,Thriller",Seo You-min,https://www.imdb.com/title/tt14527836/
tt14979654,Red Eyes,Ledeu aijeu,2021,Action,Lee Seung-moo,https://www.imdb.com/title/tt14979654/
tt21025396,Rescue the Earth,Alien Troopers,2021,"Action,Sci-Fi",Yu Hui,https://www.imdb.com/title/tt21025396/
tt34488584,Ritual for Rain,Ritual for Rain,2021,Drama,Kwon Ha,https://www.imdb.com/title/tt34488584/
tt15211224,Rolling,Ma-ra,2021,"Comedy,Drama,Family",Min-Seung Kwak,https://www.imdb.com/title/tt15211224/
tt32150254,Rule of the Game: Human Hunting,Rule of the Game: Human Hunting,2021,Action,Soo Sung Lee,https://www.imdb.com/title/tt32150254/
tt9900940,Scrapper,더 스크래퍼,2021,"Crime,Drama,Thriller",Bari Kang,https://www.imdb.com/title/tt9900940/
tt15766474,Scream of the Forest: People Who Disappeared,Sup-eui bi-myeong: sa-ra-jin sa-ram-deul,2021,"Horror,Thriller",Hye-rim Jeon,https://www.imdb.com/title/tt15766474/
tt15482470,Seire,Seire,2021,"Drama,Horror",Kang Park,https://www.imdb.com/title/tt15482470/
tt19817518,Senior Queen,Senior Queen,2021,"Comedy,Drama",Mun-ok Kim,https://www.imdb.com/title/tt19817518/
tt13316722,Seobok,Seobok,2021,"Action,Drama,Sci-Fi",Lee Yong-ju,https://www.imdb.com/title/tt13316722/
tt32634452,Sermon on the Mount: The Original,Sermon on the Mount: The Original,2021,Drama,Younguee Yoo,https://www.imdb.com/title/tt32634452/
tt15220262,Show Me the Ghost,Show Me the Ghost,2021,"Comedy,Horror",Eun-Kyoung Kim,https://www.imdb.com/title/tt15220262/
tt10384534,Silent River,사일런트 리버,2021,"Drama,Mystery,Sci-Fi",Chris Chan Lee,https://www.imdb.com/title/tt10384534/
tt12664618,Sinkhole,Singkeuhol,2021,"Comedy,Drama",Kim Ji-hoon,https://www.imdb.com/title/tt12664618/
tt15298350,Small Bird and Mr. Pig,Jag-eunsaewa dwaejissi,2021,Documentary,Sae-Bom Kim,https://www.imdb.com/title/tt15298350/
tt21328442,"So Long, See You Tomorrow","So Long, See You Tomorrow",2021,"Drama,Sci-Fi",Baek Seung-bin,https://www.imdb.com/title/tt21328442/
tt15073168,"Sound Bath: a journey to oneness of body, mind, and spirit","Sound Bath: a journey to oneness of body, mind, and spirit",2021,Music,Hyuncheol Park,https://www.imdb.com/title/tt15073168/
tt15296658,Soup and Ideology,Supeuwa ide-ollogi,2021,Documentary,Yong-hi Yang,https://www.imdb.com/title/tt15296658/
tt3554046,Space Jam: A New Legacy,스페이스 잼: 새로운 시대,2021,"Adventure,Animation,Comedy",Malcolm D. Lee,https://www.imdb.com/title/tt3554046/
tt12838766,Space Sweepers,Seungriho,2021,"Action,Adventure,Drama",Jo Sung-hee,https://www.imdb.com/title/tt12838766/
tt16250440,Speed of Happiness,Speed of Happiness,2021,"Documentary,Drama",Hyuck-jee Park,https://www.imdb.com/title/tt16250440/
tt17496522,Spring Song,Spring Song,2021,Drama,Yoo Joon-sang,https://www.imdb.com/title/tt17496522/
tt26228176,Stalker,Seutokeo,2021,Horror,Lee Soong-hwan,https://www.imdb.com/title/tt26228176/
tt15489064,Steel Boat,Cheolseon,2021,"Documentary,History",Ji-gon Kim,https://www.imdb.com/title/tt15489064/
tt17639846,Stepdad and Mother-Daughter,Stepdad and Mother-Daughter,2021,"Drama,Romance",Lee Hanee,https://www.imdb.com/title/tt17639846/
tt38066435,Strange Housekeeper,Strange Housekeeper,2021,Romance,Yoon Gyeong-sik,https://www.imdb.com/title/tt38066435/
tt15426982,Super Moon,Super Moon,2021,Animation,Dae Yeong Hong,https://www.imdb.com/title/tt15426982/
tt16162614,Supilreobeu,Supilreobeu,2021,"Drama,Romance",Hong Doo-pyo,https://www.imdb.com/title/tt16162614/
tt14599938,Sweet & Sour,Saekom-Dalkom,2021,"Comedy,Romance",Kae-Byeok Lee,https://www.imdb.com/title/tt14599938/
tt17678860,Tasty Sex and Fairy,Tasty Sex and Fairy,2021,Drama,Jeong Mi-na,https://www.imdb.com/title/tt17678860/
tt15138308,Terrorizers,Qing chun shi lian,2021,"Drama,Romance,Thriller",Wi Ding Ho,https://www.imdb.com/title/tt15138308/
tt14781176,The 8th Night,Je8ileui bam,2021,"Horror,Thriller",Kim Tae-hyung,https://www.imdb.com/title/tt14781176/
tt15482612,The Apartment with Two Women,Gat-eun sog-os-eul ibneun du yeoja,2021,"Crime,Drama",Kim Se-in,https://www.imdb.com/title/tt15482612/
tt14962734,The Bad Man,Miyanmaui sonyeonbyeong,2021,Documentary,Yong Chao Lee,https://www.imdb.com/title/tt14962734/
tt13462900,The Battle at Lake Changjin,장진호,2021,"Action,Drama,History",Kaige Chen,https://www.imdb.com/title/tt13462900/
tt16022286,The Birth Of Resonance,The Birth Of Resonance,2021,Documentary,Jeong-jun Lee,https://www.imdb.com/title/tt16022286/
tt23735500,The Blacklist,The Blacklist,2021,"Comedy,Crime",Seong Han Kim,https://www.imdb.com/title/tt23735500/
tt14371900,The Book of Fish,The Book of Fish,2021,"Drama,History",Lee Joon-ik,https://www.imdb.com/title/tt14371900/
tt14280066,The Box,The Box,2021,"Drama,Music,Musical",Yang Jeong-Woong,https://www.imdb.com/title/tt14280066/
tt17640714,The Cursed,The Cursed: Dead Man's Prey,2021,"Horror,Thriller",Kim Yong-wan,https://www.imdb.com/title/tt17640714/
tt15089904,The Devil's Deal,Daewoebi: Gwonryeok-ui Tansaeng,2021,"Crime,Drama,Thriller",Lee Won-tae,https://www.imdb.com/title/tt15089904/
tt34814417,The Eve,The Eve,2021,"Action,Crime,Drama",Kim Sang-min,https://www.imdb.com/title/tt34814417/
tt11847410,The Fallout,더 폴아웃,2021,Drama,Megan Park,https://www.imdb.com/title/tt11847410/
tt15760224,The Goblin,The Goblin,2021,Action,Kim Hee-Seong,https://www.imdb.com/title/tt15760224/
tt14787206,The Gossip,The Gossip,2021,"Comedy,Mystery,Thriller",Seung-jae Hwang,https://www.imdb.com/title/tt14787206/
tt27553313,The Human Trap,The Trap,2021,"Horror,Thriller",Lee Moon-young,https://www.imdb.com/title/tt27553313/
tt14406178,The Hypnosis,The Hypnosis,2021,"Horror,Thriller",Jae-Hoon Choi,https://www.imdb.com/title/tt14406178/
tt16303324,The Labyrinth,The Labyrinth,2021,"Fantasy,Horror",Song Woon,https://www.imdb.com/title/tt16303324/
tt14413342,The Man Who Paints Water Drops,Mulbang-ul-eul geulineun namja,2021,Documentary,Brigitte Bouillot,https://www.imdb.com/title/tt14413342/
tt20448944,The Mystic Nine,노구문지청산해당,2021,Action,Francis Nam,https://www.imdb.com/title/tt20448944/
tt29255073,The Rain Comes Soon (Seupdo daso nopeum),The Rain Comes Soon (Seupdo daso nopeum),2021,Comedy,Bong Soo Ko,https://www.imdb.com/title/tt29255073/
tt15685576,The Recon,Susaegja,2021,Thriller,Min-sub Kim,https://www.imdb.com/title/tt15685576/
tt9098872,The Rescue,The Rescue,2021,"Action,Documentary,Mystery",Jimmy Chin,https://www.imdb.com/title/tt9098872/
tt8521718,The United States vs. Billie Holiday,빌리 홀리데이,2021,"Biography,Drama,Music",Lee Daniels,https://www.imdb.com/title/tt8521718/
tt11657662,The Witcher: Nightmare of the Wolf,위쳐: 늑대의 악몽,2021,"Action,Adventure,Animation",Kwang Il Han,https://www.imdb.com/title/tt11657662/
tt14148810,There Is an Alien Here,There Is an Alien Here,2021,"Comedy,Sci-Fi",Choi Eun-Jong,https://www.imdb.com/title/tt14148810/
tt15689768,Through My Midwinter,"Geu gyeoul, naneun",2021,Drama,Oh Seong-ho,https://www.imdb.com/title/tt15689768/
tt15741196,Tomb of the River,Gangneung,2021,"Action,Crime",Yoon Young-bin,https://www.imdb.com/title/tt15741196/
tt14235280,Trans,Trans,2021,"Fantasy,Mystery,Sci-Fi",Naeri Do,https://www.imdb.com/title/tt14235280/
tt38066432,Trap: Her Hole,Trap: Her Hole,2021,"Drama,Romance",Sun-Woo Young,https://www.imdb.com/title/tt38066432/
tt16409152,Twenty Hacker,Twenty Hacker,2021,"Action,Comedy,Romance",Hyun-Seok Han,https://www.imdb.com/title/tt16409152/
tt39380572,Unbong,Unbong,2021,Action,Jang Dong-hyun,https://www.imdb.com/title/tt39380572/
tt15548278,Unframed,Eonpeureimdeu,2021,Drama,Moon Choi,https://www.imdb.com/title/tt15548278/
tt10514056,Unsilenced,Unsilenced,2021,Drama,Leon Lee,https://www.imdb.com/title/tt10514056/
tt18266296,Usu,Usu,2021,Drama,Oh Sehyeon,https://www.imdb.com/title/tt18266296/
tt13667212,What Happened to Mr. Cha?,What Happened to Mr. Cha?,2021,"Comedy,Drama",Dong-kyu Kim,https://www.imdb.com/title/tt13667212/
tt16244644,Will,Will,2021,Documentary,Wonwoo Kim,https://www.imdb.com/title/tt16244644/
tt22208570,Wind Blows,Wind Blows,2021,Drama,Seung Ha,https://www.imdb.com/title/tt22208570/
tt13866142,Wish You,Wish You,2021,"Drama,Music,Romance",Do Joon Sung,https://www.imdb.com/title/tt13866142/
tt32245720,Wolf Letter,Wolf Letter,2021,Documentary,Mi-re Kim,https://www.imdb.com/title/tt32245720/
tt12974232,Wood and Water,우드 앤드 워터,2021,Drama,Jonas Bak,https://www.imdb.com/title/tt12974232/
tt29415708,2022 KBS Song Festival: Y2K,2022 KBS Song Festival: Y2K,2022,Music,Bang Geul-yi,https://www.imdb.com/title/tt29415708/
tt15340724,20th Century Girl,20segi Sonyeo,2022,"Drama,Romance",Bang Woo-ri,https://www.imdb.com/title/tt15340724/
tt21800888,6/45,6/45,2022,Comedy,Gyu-tae Park,https://www.imdb.com/title/tt21800888/
tt23476414,A Birth,Birth,2022,"Drama,History",Park Heung-sik,https://www.imdb.com/title/tt23476414/
tt32524100,A Flavor of Coffee,A Flavor of Coffee,2022,"Drama,Fantasy",Eun Oh,https://www.imdb.com/title/tt32524100/
tt31638341,A Friend's Wife Sold in Debt,A Friend's Wife Sold in Debt,2022,Drama,Han Dong-yeon,https://www.imdb.com/title/tt31638341/
tt32475568,A Good Boy,Yangchigi,2022,"Drama,Thriller",Son Kyoung-won,https://www.imdb.com/title/tt32475568/
tt18251794,A Good Son,Hyo-ja,2022,"Comedy,Horror",Lee Hoon-guk,https://www.imdb.com/title/tt18251794/
tt21295412,A Home from Home,아이를 위한 아이,2022,Drama,Seung-hwan Lee,https://www.imdb.com/title/tt21295412/
tt22172122,A Letter from Kyoto,Gyoto-eseo on pyeonji,2022,Drama,Minju Kim,https://www.imdb.com/title/tt22172122/
tt21387514,A Man of Reason,Bohoja,2022,"Action,Drama,Thriller",Jung Woo-sung,https://www.imdb.com/title/tt21387514/
tt27436775,"A Mother, Youngsoon","Eomma, yeongsun",2022,Documentary,Chang Jun Lee,https://www.imdb.com/title/tt27436775/
tt22174176,A Table for Two,A Table for Two,2022,Documentary,Boram Kim,https://www.imdb.com/title/tt22174176/
tt22171858,A Wild Roomer,Goein,2022,Drama,Jeong-Hong Lee,https://www.imdb.com/title/tt22171858/
tt22084514,A Wing and a Prayer,Dong-e beonjjeog seoe beonjjeog,2022,Drama,Kwang-kuk Lee,https://www.imdb.com/title/tt22084514/
tt16376478,Aftershock,애프터 쇼크,2022,Documentary,Paula Eiselt,https://www.imdb.com/title/tt16376478/
tt20168564,Alienoid,외계+인 1부,2022,"Action,Adventure,Fantasy",Choi Dong-hoon,https://www.imdb.com/title/tt20168564/
tt30934039,Anemone: A Fairy Tale for No Kids,Anemone,2022,"Action,Comedy,Drama",Jung Ha-yong,https://www.imdb.com/title/tt30934039/
tt22874412,Aporia,Aporia,2022,Drama,Ju-hyoung Lee,https://www.imdb.com/title/tt22874412/
tt23054688,Archaeology of Love,Salang-ui gogohag,2022,Drama,Wanmin Lee,https://www.imdb.com/title/tt23054688/
tt18687124,BTS Permission to Dance on Stage - Seoul: Live Viewing,BTS Permission to Dance on Stage - Seoul: Live Viewing,2022,"Documentary,Music",Ha Jung Jae,https://www.imdb.com/title/tt18687124/
tt22010428,BTS: Permission to Dance on Stage - LA,BTS: Permission to Dance on Stage - LA,2022,"Documentary,Music",Park Jun-soo,https://www.imdb.com/title/tt22010428/
tt9342356,Back to Lyla,Back to Lyla,2022,"Comedy,Romance",America Young,https://www.imdb.com/title/tt9342356/
tt22173158,Beyond,Gihaeng,2022,Fantasy,Lee Ha-ram,https://www.imdb.com/title/tt22173158/
tt29627068,Big Sleep,Bigseullib,2022,Drama,Kim Tae-hoon,https://www.imdb.com/title/tt29627068/
tt22054008,Boogie Nights,Buginaiteu,2022,"Comedy,Drama,Fantasy",Kim Kyung-yeop,https://www.imdb.com/title/tt22054008/
tt10426796,Bridge of the Doomed,Bridge of the Doomed,2022,"Action,Horror,Thriller",Michael Su,https://www.imdb.com/title/tt10426796/
tt37184024,Call Me Sis,Call Me Sis,2022,Drama,Lee Sang-Woo,https://www.imdb.com/title/tt37184024/
tt21237030,Carter,카터,2022,"Action,Thriller",Jung Byung-gil,https://www.imdb.com/title/tt21237030/
tt20918806,Cassiopeia,Cassiopeia,2022,Drama,Shin Yeon-shick,https://www.imdb.com/title/tt20918806/
tt35545691,Cat Kiss,Goyang-ikiseu,2022,Drama,Hwang Soo-bin,https://www.imdb.com/title/tt35545691/
tt18570468,Celeb Five: Behind the Curtain,Celeb Five: Behind the Curtain,2022,"Comedy,Documentary",Min-Seok Go,https://www.imdb.com/title/tt18570468/
tt23746764,Christmas Carol,Christmas Carol,2022,Thriller,Kim Seong-soo,https://www.imdb.com/title/tt23746764/
tt13182834,Confession,Jabaek,2022,"Crime,Drama,Mystery",Yoon Jong-seok,https://www.imdb.com/title/tt13182834/
tt21867370,Confidential Assignment 2: International,공조2: 인터내셔날,2022,"Action,Comedy,Thriller",Seok-hoon Lee,https://www.imdb.com/title/tt21867370/
tt21263500,Contorted,Contorted,2022,"Horror,Mystery",Kang Dong Hun,https://www.imdb.com/title/tt21263500/
tt19768508,Cyber Hell: Exposing an Internet Horror,Cyber Hell: Exposing an Internet Horror,2022,"Crime,Documentary",Choi Jin-sung,https://www.imdb.com/title/tt19768508/
tt14540374,Daemuga: Hangwa Heung,Daemuga: Hangwa Heung,2022,"Comedy,Drama",Han-Jong Lee,https://www.imdb.com/title/tt14540374/
tt16296920,Dawning,Saebyeog,2022,"Horror,Thriller",Young Min Kim,https://www.imdb.com/title/tt16296920/
tt27733982,Dead Camping the Live,de-deu-kaem-ping deo-ra-i-beu,2022,"Action,Thriller",Hyunwoo Kim,https://www.imdb.com/title/tt27733982/
tt17494686,Decibel,Desibel,2022,"Action,Drama,Thriller",In-ho Hwang,https://www.imdb.com/title/tt17494686/
tt12477480,Decision to Leave,Heojil kyolshim,2022,"Crime,Drama,Mystery",Park Chan-wook,https://www.imdb.com/title/tt12477480/
tt22865284,Devil in the Lake,Devil in the Lake,2022,Horror,Se-woong Tak,https://www.imdb.com/title/tt22865284/
tt22872370,Ditto,Dong Gam,2022,"Drama,Fantasy,Romance",Eun-young Seo,https://www.imdb.com/title/tt22872370/
tt13740078,Doraemon the Movie: Nobita's Little Star Wars 2021,극장판 도라에몽: 진구의 우주소전쟁 리틀스타워즈 2021,2022,"Action,Adventure,Animation",Shin Yamaguchi,https://www.imdb.com/title/tt13740078/
tt21907494,Drown,Drown,2022,"Horror,Thriller",Lim Sang-su,https://www.imdb.com/title/tt21907494/
tt22694886,Erinyes,Erinyes,2022,,Jung Won-hee,https://www.imdb.com/title/tt22694886/
tt22173502,Eternal Brightness,Yulyeong-ui hae,2022,Documentary,Minwook Oh,https://www.imdb.com/title/tt22173502/
tt16282260,Exist Within,Exist Within,2022,Thriller,Kim Jung Wook,https://www.imdb.com/title/tt16282260/
tt9679806,"Exist, Not Exist: Zero Tolerance for Silence","Exist, Not Exist: Zero Tolerance for Silence",2022,"Biography,Drama,Fantasy",Hee-chul Kwon,https://www.imdb.com/title/tt9679806/
tt21626854,Feed the Whole Family,Feed the Whole Family,2022,Romance,Sung Yi-sung,https://www.imdb.com/title/tt21626854/
tt15218000,Fire Island,파이어 아일랜드,2022,"Comedy,Romance",Andrew Ahn,https://www.imdb.com/title/tt15218000/
tt19797378,For Tomorrow - A Documentary on Grassroots Innovators,For Tomorrow - A Documentary about Grassroots Innovators,2022,Documentary,An Tran,https://www.imdb.com/title/tt19797378/
tt16376512,Free Chol Soo Lee,프리 철수 리,2022,Documentary,Julie Ha,https://www.imdb.com/title/tt16376512/
tt37182975,From Fanfic to Love,From Fanfic to Love,2022,Drama,Kang Yoon-sung,https://www.imdb.com/title/tt37182975/
tt31961389,From the New World,Sinsegyerobuteo,2022,,,https://www.imdb.com/title/tt31961389/
tt26340748,Gabdunri: The Vanishing Town,Gab-dun-ri hyung-ga,2022,Horror,Hong Jaekyun,https://www.imdb.com/title/tt26340748/
tt24670346,Gentleman,Gentleman,2022,"Action,Crime",Kim Kyung Won,https://www.imdb.com/title/tt24670346/
tt22849954,Giants Even If They Die,Giants Even If They Die,2022,Documentary,Lee Dong-yun,https://www.imdb.com/title/tt22849954/
tt22873252,Girl Who Dreams About Time,Si-gan-eul kkum-kku-neun so-nyeo,2022,Documentary,Hyuck-jee Park,https://www.imdb.com/title/tt22873252/
tt26653258,Girls in the Cage,Girls in the Cage,2022,Drama,Kim Sun-Ung,https://www.imdb.com/title/tt26653258/
tt22777750,GoGo Dino: The Legendary Dino,GoGo Dino: The Legendary Dino,2022,Animation,Lee Sun-myung,https://www.imdb.com/title/tt22777750/
tt22766504,Good Deal,Georaewanryo,2022,Action,Kyoung-Ho Cho,https://www.imdb.com/title/tt22766504/
tt17720124,Goodafternoon Sweetdream,Goodafternoon Sweetdream,2022,Drama,Seunghyeon Bang,https://www.imdb.com/title/tt17720124/
tt22489882,Greenhouse,Greenhouse,2022,"Crime,Drama,Thriller",Lee Sol-hui,https://www.imdb.com/title/tt22489882/
tt22171898,Hail to Hell,Jiongmanse,2022,"Adventure,Drama",Lim Oh-Jeong,https://www.imdb.com/title/tt22171898/
tt22495364,Handyman,Tubero,2022,Drama,Topel Lee,https://www.imdb.com/title/tt22495364/
tt21109538,Hansan: Rising Dragon,한산: 용의 출현,2022,"Action,Drama,History",Kim Han-min,https://www.imdb.com/title/tt21109538/
tt11525390,Hellblazers,Hellblazers,2022,"Action,Horror",Justin Lee,https://www.imdb.com/title/tt11525390/
tt22778192,Hello Carbot the Movie: The Secret of the Suspicious Magic Troupe,Hello Carbot the Movie: The Secret of the Suspicious Magic Troupe,2022,Animation,Shinkyu Choi,https://www.imdb.com/title/tt22778192/
tt37183118,Hey Jini& Luckykang I: The Secret Door,Hey Jini& Luckykang I: The Secret Door,2022,Comedy,Ahn Jin-sung,https://www.imdb.com/title/tt37183118/
tt29477003,Hit Man,Hit Man,2022,Drama,Kang Tae-ho,https://www.imdb.com/title/tt29477003/
tt30208359,Home Ground,Homgeuraundeu,2022,Documentary,Kwon Aram,https://www.imdb.com/title/tt30208359/
tt23813502,Hometown,Hometown,2022,Comedy,Lee Yeon-woo,https://www.imdb.com/title/tt23813502/
tt22048600,Honest Candidate 2,Honest Candidate 2,2022,Comedy,You-Jeong Jang,https://www.imdb.com/title/tt22048600/
tt18250780,Hot Blooded,Hot Blooded,2022,"Action,Crime,Drama",Cheon Myeong-Gwan,https://www.imdb.com/title/tt18250780/
tt36217382,Hot Man Strategy,Hot Man Strategy,2022,Drama,Soo Sung Lee,https://www.imdb.com/title/tt36217382/
tt15689882,"Hot in Day, Cold at Night",낮에는 덥고 밤에는 춥고,2022,Drama,Songyeol Park,https://www.imdb.com/title/tt15689882/
tt35097551,How Have You Been,Olaenman-ida,2022,"Drama,Music,Romance",Lee Eun-jung,https://www.imdb.com/title/tt35097551/
tt6931658,Hunt,헌트,2022,"Action,Drama,Mystery",Lee Jung-jae,https://www.imdb.com/title/tt6931658/
tt23622954,I Haven't Done Anything,Na-neun a-mu-geot-do ha-ji anh-att-da,2022,Comedy,Sang-min Park,https://www.imdb.com/title/tt23622954/
tt7034992,I Want to Know Your Parents,Ni bu-mo eol-gul-i bo-go sip-da,2022,"Drama,Mystery",Kim Ji-hoon,https://www.imdb.com/title/tt7034992/
tt27710916,I am Internet Singer,I am Internet Singer,2022,Music,Lee Seung-Bin,https://www.imdb.com/title/tt27710916/
tt31491554,Immortal Vampire,Immortal Vampire,2022,"Drama,Fantasy,Romance",Hong-ik Kim,https://www.imdb.com/title/tt31491554/
tt22505246,In Dream,In deulim,2022,"Crime,Drama,Fantasy",Dong-yeob Shin,https://www.imdb.com/title/tt22505246/
tt12663772,In Our Prime,이상한 나라의 수학자,2022,Drama,Park Dong-hoon,https://www.imdb.com/title/tt12663772/
tt18968540,Incantation,주,2022,"Horror,Mystery",Kevin Ko,https://www.imdb.com/title/tt18968540/
tt23832724,Jajangmyeon Thank you,Jajangmyeon Thank you,2022,Drama,Seong Hoon Shin,https://www.imdb.com/title/tt23832724/
tt21968058,Jeong-sun,Jeong-sun,2022,Drama,Jeong Ji-hye,https://www.imdb.com/title/tt21968058/
tt22090084,Jiseok,Jiseok,2022,Documentary,Young-jo Kim,https://www.imdb.com/title/tt22090084/
tt29486240,Juhee from 5 to 7,5sibuteo 7sikkajiui juhui,2022,Drama,Jang Kun-jae,https://www.imdb.com/title/tt29486240/
tt22805954,Jurassic Cops the Movie: The Dinosaur Age Adventures,Jurassic Cops the Movie: The Dinosaur Age Adventures,2022,Animation,Horak Kim,https://www.imdb.com/title/tt22805954/
tt15332892,Kick Like Tayla,Kick Like Tayla,2022,Documentary,Gil Marsden,https://www.imdb.com/title/tt15332892/
tt22806098,Kill Me Now,My Son,2022,Drama,Choi Ik-hwan,https://www.imdb.com/title/tt22806098/
tt17491616,Kingmaker,Kingmeikeo: Seonkeopanui Yeou,2022,"Drama,History",Byun Sung-hyun,https://www.imdb.com/title/tt17491616/
tt22173586,Legend of the Waterflowers,Mulkkoch-ui jeonseol,2022,Documentary,Hee-Young Koh,https://www.imdb.com/title/tt22173586/
tt13236270,Life Is Beautiful,인생은 아름다워,2022,"Drama,Musical,Romance",Kook-Hee Choi,https://www.imdb.com/title/tt13236270/
tt21632892,Limit,Limit,2022,"Crime,Thriller",Lee Seung-joon,https://www.imdb.com/title/tt21632892/
tt19800160,Liquor Store Dreams,Julyu gage-ui amelikan deulim,2022,Documentary,So Yun Um,https://www.imdb.com/title/tt19800160/
tt21881700,Little Blue,Xiao lan,2022,Drama,Lee Yi-fang,https://www.imdb.com/title/tt21881700/
tt15553956,Love and Leashes,Love and Leashes,2022,"Comedy,Romance",Park Hyeon-jin,https://www.imdb.com/title/tt15553956/
tt15262370,Maneater,맨이터,2022,"Action,Horror,Thriller",Justin Lee,https://www.imdb.com/title/tt15262370/
tt8746404,Marmaduke,마마듀크,2022,"Adventure,Animation,Comedy",Mark A.Z. Dippé,https://www.imdb.com/title/tt8746404/
tt23157348,Men of Plastic,Men of Plastic,2022,"Comedy,Crime,Drama",Lim Jin-soon,https://www.imdb.com/title/tt23157348/
tt32058198,Mind Universe,Maindeu Yunibeoseu,2022,"Romance,Sci-Fi",,https://www.imdb.com/title/tt32058198/
tt20779470,Missing Yoon,Missing Yoon,2022,"Comedy,Drama",Jinhwa Kim,https://www.imdb.com/title/tt20779470/
tt15428330,Mobile Suit Gundam: Cucuruz Doan's Island,기동전사 건담 쿠쿠루스 도안의 섬,2022,"Action,Animation,Drama",Ga-Hee Im,https://www.imdb.com/title/tt15428330/
tt8946942,Moon Manor,문 매너,2022,"Biography,Comedy,Drama",Machete Bang Bang,https://www.imdb.com/title/tt8946942/
tt26281810,Mother Land,Mother Land,2022,"Animation,Fantasy",Jaebeom Park,https://www.imdb.com/title/tt26281810/
tt21093922,Mother and Daughter,Gyeongaheui ddal,2022,Drama,Kim Jung-eun,https://www.imdb.com/title/tt21093922/
tt34538598,Mother's Place,Mother's Place,2022,Drama,Ryu Hee-Jung,https://www.imdb.com/title/tt34538598/
tt27443926,My Anniversaries,Sakulai Syojissiui eotteon ginyeom-il,2022,Documentary,Sung Woong Kim,https://www.imdb.com/title/tt27443926/
tt32606311,My Chilling Roommate,Ossaghan Donggeo,2022,"Comedy,Drama,Horror",Hwang Kyung-Sung,https://www.imdb.com/title/tt32606311/
tt21190408,My Perfect Roommate,룸 쉐어링,2022,Comedy,Soon-Sung Lee,https://www.imdb.com/title/tt21190408/
tt23849218,NCT Dream The Movie: In A DREAM,NCT Dream The Movie: In A DREAM,2022,"Documentary,Music",Margo Yeji Lee,https://www.imdb.com/title/tt23849218/
tt28642202,Naui pituseongi yeonin,Naui pituseongi yeonin,2022,Drama,Jiyoung Yoo,https://www.imdb.com/title/tt28642202/
tt19757204,New Gods: Yang Jian,Xin shen bang: Yang Jian,2022,"Action,Animation,Fantasy",Ji Zhao,https://www.imdb.com/title/tt19757204/
tt21983200,New Normal,New Normal,2022,"Comedy,Horror,Thriller",Jung Bum-shik,https://www.imdb.com/title/tt21983200/
tt21301548,Next Door,Next Door,2022,"Comedy,Crime,Mystery",Yeom Ji-ho,https://www.imdb.com/title/tt21301548/
tt19820538,Next Sohee,Daeum Sohee,2022,"Drama,Thriller",July Jung,https://www.imdb.com/title/tt19820538/
tt27547850,Oh! My Ghost,O! Mai Goseuteu,2022,"Comedy,Horror,Mystery",Hong Tae-Seon,https://www.imdb.com/title/tt27547850/
tt18269838,Olivia Rodrigo: driving home 2 u (a SOUR film),올리비아 로드리고: 드라이빙 홈 2 유,2022,"Biography,Documentary,Music",Stacey Lee,https://www.imdb.com/title/tt18269838/
tt29506679,Open the Door,Opeun deo do-eo,2022,"Mystery,Thriller",Jang Hang-jun,https://www.imdb.com/title/tt29506679/
tt28103086,Peafowl,Peafowl,2022,Drama,Sungbin Byun,https://www.imdb.com/title/tt28103086/
tt23871460,Pinkfong Sing-Along Movie 2: Wonderstar Concert,Pinkfong Sing-Along Movie 2: Wonderstar Concert,2022,"Animation,Comedy,Family",Suk-young Kim,https://www.imdb.com/title/tt23871460/
tt21325182,Pororo: Dragon Castle Adventure,뽀로로 극장판 드래곤캐슬 대모험,2022,"Adventure,Animation,Family",Yoon Je-wan,https://www.imdb.com/title/tt21325182/
tt15575470,Project Wolf Hunting,늑대사냥,2022,"Action,Crime,Horror",Hongsun Kim,https://www.imdb.com/title/tt15575470/
tt21243874,Putin and SNS,Putin and SNS,2022,Documentary,Geum-Kang Kim,https://www.imdb.com/title/tt21243874/
tt19046606,Re: fresh,Re: fresh,2022,Music,Kim Kil-Young,https://www.imdb.com/title/tt19046606/
tt21279122,Remember,Rimembeo,2022,"Action,Drama,Thriller",Lee Il-hyeong,https://www.imdb.com/title/tt21279122/
tt18555320,Return to Space,리턴 투 스페이스,2022,Documentary,Jimmy Chin,https://www.imdb.com/title/tt18555320/
tt13456340,Riceboy Sleeps,라이스보이 슬립스,2022,"Drama,Family,History",Anthony Shim,https://www.imdb.com/title/tt13456340/
tt26537806,SAGAL: Snake and Scorpion,SAGAL: Snake and Scorpion,2022,"Crime,Documentary",Lee Dong-woo,https://www.imdb.com/title/tt26537806/
tt22543568,Saipan Romance Sex Instinct,Saipan Romance Sex Instinct,2022,,Lee Si-young,https://www.imdb.com/title/tt22543568/
tt22173830,Scorched Earth,Chotohwajagjeon,2022,Documentary,Miyoung Lee,https://www.imdb.com/title/tt22173830/
tt22191360,Semantic Error: The Movie,Simaentik Ereo: Deo Mubi,2022,"Drama,Romance",Kim Soo-jung,https://www.imdb.com/title/tt22191360/
tt13611770,Seoul Vibe,서울대작전,2022,"Action,Comedy,Crime",Moon Hyun-sung,https://www.imdb.com/title/tt13611770/
tt32633631,Sermon on the Mount: Final Cut,Sermon on the Mount: Final Cut,2022,Drama,Younguee Yoo,https://www.imdb.com/title/tt32633631/
tt18372308,Serve the People,Inmineul wihae bongmuhara,2022,"Drama,Romance",Cheol-soo Jang,https://www.imdb.com/title/tt18372308/
tt19383926,Seventeen Power of Love,Seventeen Power of Love,2022,"Documentary,Music",Oh Yoon-dong,https://www.imdb.com/title/tt19383926/
tt17499072,Sing a Song,Sing-eo-song,2022,Drama,Na Oh-Heon,https://www.imdb.com/title/tt17499072/
tt16295652,Sister J,Sister J,2022,Documentary,Lee Soojung,https://www.imdb.com/title/tt16295652/
tt21879984,Something in the Woods,Something in the Woods,2022,Horror,Alexander T. Hwang,https://www.imdb.com/title/tt21879984/
tt24018212,Soulful Conversation,Soulful Conversation,2022,Documentary,Ungyu Yeo,https://www.imdb.com/title/tt24018212/
tt16529222,Special Delivery,Special Delivery,2022,"Action,Crime,Thriller",Dae-min Park,https://www.imdb.com/title/tt16529222/
tt21211168,Spy-type model,스파이형 모델,2022,Sci-Fi,Kim Young-il,https://www.imdb.com/title/tt21211168/
tt30505204,Star of Ulsan,Ulsanui Byeol,2022,Drama,Jung Kihyuk,https://www.imdb.com/title/tt30505204/
tt19632878,Stellar: A Magical Ride,Seutella,2022,"Action,Comedy,Drama",Kwon Su-kyung,https://www.imdb.com/title/tt19632878/
tt15438014,Stone Turtle,돌거북이,2022,"Drama,Mystery,Sci-Fi",Ming Jin Woo,https://www.imdb.com/title/tt15438014/
tt14071684,Stonewalling,Dollo maghin byeog,2022,Drama,Ji Huang,https://www.imdb.com/title/tt14071684/
tt11010888,Student Body,더 테러 라이브 인 하이스쿨,2022,"Horror,Thriller",Lee Ann Kurr,https://www.imdb.com/title/tt11010888/
tt19849538,Take Care of My Mom,Malims-sireul Butak-hae,2022,,Kyung-mok Park,https://www.imdb.com/title/tt19849538/
tt29476774,Talisman,Talisman,2022,Mystery,Kim Se-sung,https://www.imdb.com/title/tt29476774/
tt19064658,The Aftermath of Murder,Neoreul Jukigo,2022,"Drama,Thriller",Seo-Hyeong Heo,https://www.imdb.com/title/tt19064658/
tt19245482,The Anchor,Anchor,2022,"Horror,Mystery,Thriller",Ji-Yeon Jung,https://www.imdb.com/title/tt19245482/
tt22298582,The Boys,Sonyeondeul,2022,"Crime,Drama,Mystery",Jeong Ji-yeong,https://www.imdb.com/title/tt22298582/
tt30744298,The Continuing Land,Ieojineun ttang,2022,Drama,Jo Heeyoung,https://www.imdb.com/title/tt30744298/
tt26757183,The Dream Songs,The Dream Songs,2022,Drama,Cho Hyun-chul,https://www.imdb.com/title/tt26757183/
tt23640302,The Fifth Thoracic Vertebra,The Fifth Thoracic Vertebra,2022,"Drama,Fantasy,Horror",Syeyoung Park,https://www.imdb.com/title/tt23640302/
tt32757791,The Flatterer,The Flatterer,2022,"Action,Comedy,Drama",Seung-jae Hwang,https://www.imdb.com/title/tt32757791/
tt22505124,The Ghost Station,Ogsuyeog gwisin,2022,"Horror,Mystery,Thriller",Jeong Yong-ki,https://www.imdb.com/title/tt22505124/
tt19632924,The Girl on a Bulldozer,Buldojeoe tan sonyeo,2022,"Drama,Mystery",Ri-Woong Park,https://www.imdb.com/title/tt19632924/
tt17080040,The Hill of Secrets,Bimileui eondeok,2022,Drama,Ji-eun Lee,https://www.imdb.com/title/tt17080040/
tt21255392,The Horizon,The Horizon VR,2022,Thriller,Minji Kang,https://www.imdb.com/title/tt21255392/
tt21038854,The Hotel,The Hotel,2022,,Kim Jung Min,https://www.imdb.com/title/tt21038854/
tt19713090,The Killer,The Killer,2022,"Action,Crime,Thriller",Jae-Hoon Choi,https://www.imdb.com/title/tt19713090/
tt21190242,The Movie WillBengers: Mysterious Camping,Geuk jang pan wil ben jyeo seu: su sang han kaem ping dae so dong,2022,"Action,Adventure,Animation",Shin Chang-Hwan,https://www.imdb.com/title/tt21190242/
tt27819506,The Nature Man,The Nature Man,2022,Comedy,Young-seok Noh,https://www.imdb.com/title/tt27819506/
tt23871504,The Night Owl,The Night Owl,2022,"Mystery,Thriller",Tae-Jin Ahn,https://www.imdb.com/title/tt23871504/
tt17146978,The Novelist's Film,소설가의 영화,2022,Drama,Hong Sang-soo,https://www.imdb.com/title/tt17146978/
tt22897604,The Other Child,Mi Hok,2022,"Mystery,Thriller",Kim Jin-young,https://www.imdb.com/title/tt22897604/
tt17491040,The Pirates: The Last Royal Treasure,Haejeok: Doggaebi Gitbal,2022,"Action,Adventure,Comedy",Jeong-hoon Kim,https://www.imdb.com/title/tt17491040/
tt16676718,The Policeman's Lineage,The Policeman's Lineage,2022,"Action,Crime,Drama",Kyu-maan Lee,https://www.imdb.com/title/tt16676718/
tt14083716,The Red Book Ritual,더 레드 북 리튜얼,2022,Horror,Nicolás Onetti,https://www.imdb.com/title/tt14083716/
tt20779270,The Red Herring,The Red Herring,2022,,Seung-jun Yi,https://www.imdb.com/title/tt20779270/
tt15838850,The Roundup,범죄도시2,2022,"Action,Crime,Thriller",Lee Sang-yong,https://www.imdb.com/title/tt15838850/
tt15345936,The Seven Faces of Jane,The Seven Faces of Jane,2022,Drama,Julian Acosta,https://www.imdb.com/title/tt15345936/
tt15150608,The Wandering Moon,The Wandering Moon,2022,"Drama,Mystery",Sang-il Lee,https://www.imdb.com/title/tt15150608/
tt14817272,The Weekend Away,위크엔드 어웨이,2022,"Crime,Drama,Mystery",Kim Farrant,https://www.imdb.com/title/tt14817272/
tt13721828,The Witch: Part 2 - The Other One,Manyeo: Part 2. The Other One,2022,"Action,Mystery,Thriller",Park Hoon-jung,https://www.imdb.com/title/tt13721828/
tt21983828,The Woman in the White Car,Hayan Chareul Tan Yeoja,2022,"Drama,Mystery,Thriller",Christine Ko,https://www.imdb.com/title/tt21983828/
tt26344746,Thunderbird,Thunderbird,2022,Thriller,Lee Jae-won,https://www.imdb.com/title/tt26344746/
tt20870784,Tinted with You,Tinted with You,2022,"Fantasy,Romance",Ra Ha Na,https://www.imdb.com/title/tt20870784/
tt19849514,Toxic,Gonggisalin,2022,Drama,Yong-sun Jo,https://www.imdb.com/title/tt19849514/
tt33355146,Tubepet Company,Tubepet Company,2022,Drama,Song Sang-Min,https://www.imdb.com/title/tt33355146/
tt21907524,Turandot,Turandot,2022,,Seewoo Kim,https://www.imdb.com/title/tt21907524/
tt3580748,Tyson's Run,타이슨스 런,2022,Drama,Kim Bass,https://www.imdb.com/title/tt3580748/
tt13235822,Umma,엄마,2022,"Drama,Horror,Mystery",Iris K. Shim,https://www.imdb.com/title/tt13235822/
tt21093464,Uncomfortable Relationship,Uncomfortable Relationship,2022,Drama,Lee Jung-Sub,https://www.imdb.com/title/tt21093464/
tt22488952,Unidentified,Mihwag-in,2022,"Drama,Sci-Fi",Jude Chun,https://www.imdb.com/title/tt22488952/
tt22174014,Universe Department Store,Yunibeoseu,2022,Documentary,Taewoong Won,https://www.imdb.com/title/tt22174014/
tt15784184,Urban Myths,Seoulgoedam,2022,"Fantasy,Horror,Mystery",Won Ki Hong,https://www.imdb.com/title/tt15784184/
tt27759722,Vestige,Vestige,2022,"Drama,Fantasy,Mystery",Kim Jong-kwan,https://www.imdb.com/title/tt27759722/
tt21404804,Walk Up,탑,2022,Drama,Hong Sang-soo,https://www.imdb.com/title/tt21404804/
tt24240118,What I Have Learned from Travelling to 32 Countries,What I Have Learned from Travelling to 32 Countries,2022,Documentary,Ungyu Yeo,https://www.imdb.com/title/tt24240118/
tt36869506,When I Sleep,Naega nuwoiss-eul ddae,2022,Drama,Choi Jung-moon,https://www.imdb.com/title/tt36869506/
tt20038778,When Spring Comes,When Spring Comes,2022,,Donku Lee,https://www.imdb.com/title/tt20038778/
tt20040376,Wolves,Wolves,2022,,Jeon Kyu-hwan,https://www.imdb.com/title/tt20040376/
tt12663250,Yaksha: Ruthless Operations,야차,2022,"Action,Crime,Thriller",Hyeon Na,https://www.imdb.com/title/tt12663250/
tt37184013,You2be: Recovery,You2be: Recovery,2022,Comedy,Seo Dong-heon,https://www.imdb.com/title/tt37184013/
tt30227809,10 Day Lover,10 Day Lover,2023,Romance,Lee Young Yong,https://www.imdb.com/title/tt30227809/
tt22507524,12.12: The Day,Seoul-ui Bom,2023,"Action,Drama,History",Sung Soo Kim,https://www.imdb.com/title/tt22507524/
tt37183896,2 Percent,2 Percent,2023,Drama,Shin-ku Moon,https://www.imdb.com/title/tt37183896/
tt37182941,"A Man Wishes for the First, A Woman Wishes for the Last","A Man Wishes for the First, A Woman Wishes for the Last",2023,"Drama,Romance",Lee Hyun-jun,https://www.imdb.com/title/tt37182941/
tt28488187,A Normal Family,Bo-tong-ui ga-jog,2023,"Crime,Drama,Thriller",Hur Jin-ho,https://www.imdb.com/title/tt28488187/
tt32509879,A Scent of the Spring,A Scent of the Spring,2023,Drama,Eun Oh,https://www.imdb.com/title/tt32509879/
tt26600129,A Song for My Dear,A Song for My Dear,2023,Drama,Lee Chang-yeol,https://www.imdb.com/title/tt26600129/
tt28453011,A Tour Guide,A Tour Guide,2023,Drama,Eun-Mi Kwak,https://www.imdb.com/title/tt28453011/
tt26441800,Absence,Bujae,2023,Drama,Lang Wu,https://www.imdb.com/title/tt26441800/
tt28079508,Always I Am,Boiji Anha,2023,Drama,Se-Hwan Cheon,https://www.imdb.com/title/tt28079508/
tt29404430,April Tragedy,April Tragedy,2023,Documentary,Hoon Koh,https://www.imdb.com/title/tt29404430/
tt27483623,Architecture & Cats,Geonchughag goyang-i,2023,Documentary,Ricky Jun Hyung Cho,https://www.imdb.com/title/tt27483623/
tt27611580,At the Peak of Our Own Story,At the Peak of Our Own Story,2023,Documentary,Ahn Jeehwan,https://www.imdb.com/title/tt27611580/
tt30427921,BTOB TIME: Be Together the Movie,BTOB TIME: Be Together the Movie,2023,"Documentary,Music",Jinchul Kim,https://www.imdb.com/title/tt30427921/
tt24807190,BTS: Yet to Come in Cinemas,BTS: Yet to Come in Cinemas,2023,"Documentary,Music",Oh Yoon-dong,https://www.imdb.com/title/tt24807190/
tt26350277,Ballerina,Ballerina,2023,"Action,Thriller",Chung-Hyun Lee,https://www.imdb.com/title/tt26350277/
tt29579082,Bayamseom,Bayamseom,2023,"Adventure,Comedy,Thriller",Kim Eu-min,https://www.imdb.com/title/tt29579082/
tt28625434,Be: The One,Be: The One,2023,"Documentary,Music",Kim Min Ha,https://www.imdb.com/title/tt28625434/
tt29578765,Because I Hate Korea,Han-guk-i silh-eo-seo,2023,"Drama,Family,Romance",Jang Kun-jae,https://www.imdb.com/title/tt29578765/
tt26258204,Believer 2,Dokjeon 2,2023,"Action,Crime,Thriller",Jong-Yeol Baek,https://www.imdb.com/title/tt26258204/
tt26736481,Binteumeotneun Sai,Binteumeotneun Sai,2023,"Comedy,Romance",Lee Woo-cheol,https://www.imdb.com/title/tt26736481/
tt28803498,Blesser,Geunyeoege,2023,Drama,Lee Sang-cheol,https://www.imdb.com/title/tt28803498/
tt28710841,Body Parts,Body Parts,2023,Horror,Won-kyung Choi,https://www.imdb.com/title/tt28710841/
tt30476355,Bottom of the Water,Mulgwisin,2023,"Horror,Mystery",Lim Ji-hoon,https://www.imdb.com/title/tt30476355/
tt22505214,Brave Citizen,Yonggamhan simin,2023,"Action,Comedy,Drama",Park Jin-Pyo,https://www.imdb.com/title/tt22505214/
tt27443631,Breath,Sum,2023,Documentary,Jero Yun,https://www.imdb.com/title/tt27443631/
tt28680165,Can We Get Married?,"Gyeolhon, Hagessna?",2023,Drama,Jin-Tae Kim,https://www.imdb.com/title/tt28680165/
tt24066788,Carrie and Superkola,Carrie and Superkola,2023,Animation,Chun-Baek Lee,https://www.imdb.com/title/tt24066788/
tt21254598,Cobweb,Geomijip,2023,"Comedy,Drama,History",Kim Jee-woon,https://www.imdb.com/title/tt21254598/
tt28819828,Concerning My Daughter,Ttale daehayeo,2023,Drama,Lee Mi-rang,https://www.imdb.com/title/tt28819828/
tt13086266,Concrete Utopia,Konkeuriteu Yutopia,2023,"Action,Adventure,Drama",Taehwa Um,https://www.imdb.com/title/tt13086266/
tt26351494,Countdown,Count,2023,"Drama,Sport",Kwon Hyeok-jae,https://www.imdb.com/title/tt26351494/
tt31173399,Crash Landing on You: Live in Seoul,Crash Landing on You: Live in Seoul,2023,"Action,Musical,Romance",Jaeseok Park,https://www.imdb.com/title/tt31173399/
tt32383438,Dauren's Wedding,Daulen-ui gyeolhon,2023,Drama,Lim Chan-ik,https://www.imdb.com/title/tt32383438/
tt29958654,Ddotty and the Tower of Eternity,Do-ti-wa yeong-won-eui tap,2023,"Adventure,Animation,Comedy",Yang Hee-Seong,https://www.imdb.com/title/tt29958654/
tt30051845,Dear Jinri,Dear Jinri,2023,Documentary,Yoon-suk Jung,https://www.imdb.com/title/tt30051845/
tt30444870,Dear Renee,Reuneege,2023,Drama,Kang Seung-won,https://www.imdb.com/title/tt30444870/
tt28680929,Debt,Debt,2023,Drama,Bong Soo Ko,https://www.imdb.com/title/tt28680929/
tt27801630,Devils,Akmadeul,2023,"Action,Crime,Mystery",Kim Jae-hoon,https://www.imdb.com/title/tt27801630/
tt28679245,Dolphin,Dolphin,2023,Drama,Duri Bae,https://www.imdb.com/title/tt28679245/
tt29005755,Dr. Cheon and Lost Talisman,Cheonbaksa toima yeonguso: seolgyeongui bimil,2023,"Crime,Fantasy,Horror",Kim Seong-sik,https://www.imdb.com/title/tt29005755/
tt13814704,Dream,Dream,2023,"Comedy,Drama,Sport",Lee Byeong-heon,https://www.imdb.com/title/tt13814704/
tt29555587,Dusty Snare and Islands,Dusty Snare and Islands,2023,Documentary,Chae Yu,https://www.imdb.com/title/tt29555587/
tt29579044,FAQ,Makgeolriga alryeojulgeoya,2023,"Comedy,Family",Kim Da-min,https://www.imdb.com/title/tt29579044/
tt27442992,Flowers of Mold,Neoleul jubda,2023,Drama,Hye-jung Shim,https://www.imdb.com/title/tt27442992/
tt33832431,Forgotten Soldier,Heugeuro dolagarira,2023,Drama,Lee Ha-ram,https://www.imdb.com/title/tt33832431/
tt27443058,From You,Dangsin-eulobuteo,2023,"Comedy,Drama",Dong-min Shin,https://www.imdb.com/title/tt27443058/
tt21109552,Gangnam Zombie,Gangnam Zombie,2023,"Action,Horror",Soo Sung Lee,https://www.imdb.com/title/tt21109552/
tt37183210,Gangster's Vlog,Gangster's Vlog,2023,Comedy,Jang-Hwan Jung,https://www.imdb.com/title/tt37183210/
tt28973023,Geunyeoui chwimisaenghwal,Her Hobby,2023,"Crime,Drama,Mystery",Myung-mi Ha,https://www.imdb.com/title/tt28973023/
tt39241489,Hantang,Hantang,2023,"Comedy,Crime,Mystery",Cho-Sin Jung,https://www.imdb.com/title/tt39241489/
tt28679156,Heavy Snow,Heavy Snow,2023,"Drama,Romance",Suik Yun,https://www.imdb.com/title/tt28679156/
tt34332399,Helpless,Gaegeumaen,2023,Comedy,Jeon Seung-pyo,https://www.imdb.com/title/tt34332399/
tt28803071,Heritage,Heritage,2023,,Lee Jong-su,https://www.imdb.com/title/tt28803071/
tt28625660,Honey Sweet,Daljjakjigeunhae: 7510,2023,"Comedy,Romance",Lee Han,https://www.imdb.com/title/tt28625660/
tt27502351,Hopeless,Hwaran,2023,"Crime,Drama",Kim Chang-hoon,https://www.imdb.com/title/tt27502351/
tt29579063,House of the Seasons,Jangson,2023,"Drama,Family,Mystery",Oh Jung-min,https://www.imdb.com/title/tt29579063/
tt27239225,I Am Here,I Am Here,2023,Action,Geun-ho Shin,https://www.imdb.com/title/tt27239225/
tt28803473,I yeonghwaui kkeuteseo,I yeonghwaui kkeuteseo,2023,"Drama,Mystery",Ahn Sun-kyeong,https://www.imdb.com/title/tt28803473/
tt28997098,IU Concert: The Golden Hour,Aiyu konseoteu: Deo goldeun awo,2023,"Documentary,Music",,https://www.imdb.com/title/tt28997098/
tt27049755,Immortal Woman,Immortal Woman,2023,Drama,Jong-tae Choi,https://www.imdb.com/title/tt27049755/
tt27541074,In Our Day,Uriui haru,2023,Drama,Hong Sang-soo,https://www.imdb.com/title/tt27541074/
tt26448971,In Water,Mul-an-e-seo,2023,Drama,Hong Sang-soo,https://www.imdb.com/title/tt26448971/
tt28556347,Iron Mask,Manbun-ui Ilcho,2023,"Action,Drama,Fantasy",Kim Sung Hwan,https://www.imdb.com/title/tt28556347/
tt29579010,It's Okay!,Gwaenchana gwaenchana gwaenchana!,2023,"Comedy,Drama,Family",Kim Hye-young,https://www.imdb.com/title/tt29579010/
tt28077132,"Jaurim, the Wonderland","Jaurim, the Wonderland",2023,,Jihwan Kim,https://www.imdb.com/title/tt28077132/
tt30689416,Jimin's Production Diary,Jimin's Production Diary,2023,"Documentary,Music",Park Jun-soo,https://www.imdb.com/title/tt30689416/
tt22352848,Jung_E,Jung_E,2023,"Action,Adventure,Drama",Yeon Sang-ho,https://www.imdb.com/title/tt22352848/
tt28544219,Kangdaniel: My Parade,Kangdaniel: My Parade,2023,"Documentary,Music",Jaeseok Park,https://www.imdb.com/title/tt28544219/
tt16900880,Kill Boksoon,Gil Bok-soon,2023,"Action,Thriller",Byun Sung-hyun,https://www.imdb.com/title/tt16900880/
tt26473924,Killed Herself Twice,Killed Herself Twice,2023,"Crime,Drama",Ungyu Yeo,https://www.imdb.com/title/tt26473924/
tt27304839,Killing Romance,Killing lomaenseu,2023,"Comedy,Musical,Romance",Wonsuk Lee,https://www.imdb.com/title/tt27304839/
tt33285452,La Traviata at the End of Summer,Yeoreumi Kkeutnal Muryeobeui Rateurabiata,2023,"Drama,Romance",Yoon Seok-ho,https://www.imdb.com/title/tt33285452/
tt26492886,Last Update,Majimag Eobdeiteu,2023,Animation,Yun-ho Yang,https://www.imdb.com/title/tt26492886/
tt37370350,Leseun,Leseun,2023,Drama,Kim Kyung-rae,https://www.imdb.com/title/tt37370350/
tt37183222,Library 815,Library 815,2023,Drama,Byung-Jo Son,https://www.imdb.com/title/tt37183222/
tt27664078,Live Stream,Live Stream,2023,Thriller,Choi Yeon Joo,https://www.imdb.com/title/tt27664078/
tt27442405,Long Distance,Long Distance,2023,"Comedy,Romance",Jae-Wan Lim,https://www.imdb.com/title/tt27442405/
tt28679713,Lost,Paran,2023,"Drama,Mystery",Kang Dong-in,https://www.imdb.com/title/tt28679713/
tt29031019,Love Reset,30 il,2023,"Comedy,Romance",Nam Dae-joong,https://www.imdb.com/title/tt29031019/
tt27828062,Make Up,Make Up,2023,Documentary,Seyoung Lee,https://www.imdb.com/title/tt27828062/
tt28230511,Mamamoo: My Con the Movie,Mamamoo: My Con The Movie,2023,"Documentary,Music",Jae-Kyung Lim,https://www.imdb.com/title/tt28230511/
tt29313435,Marrying the Mafia: Returns,Marrying the Mafia: Returns,2023,"Comedy,Crime",Jeong Yong-ki,https://www.imdb.com/title/tt29313435/
tt26679073,Marui Video,Marui Video,2023,"Horror,Mystery,Thriller",Yoon Joon-Hyeong,https://www.imdb.com/title/tt26679073/
tt28670618,Mimang,Mimang,2023,"Drama,Romance",Taeyang Kim,https://www.imdb.com/title/tt28670618/
tt29259250,Miss Fortune,Miss Fortune,2023,"Action,Comedy,Crime",Lee Seung-joon,https://www.imdb.com/title/tt29259250/
tt29031126,Mount Chiak,Chi-ak-san,2023,"Horror,Mystery,Thriller",Kim Sun-Ung,https://www.imdb.com/title/tt29031126/
tt26422301,Ms. Apocalypse,Ms. Apocalypse,2023,"Drama,Mystery,Thriller",Lim Seon-ae,https://www.imdb.com/title/tt26422301/
tt37183138,My Destiny,My Destiny,2023,Drama,Park Han-yeol,https://www.imdb.com/title/tt37183138/
tt32701843,My Girlfriend Is Crazy About Black Guy,My Girlfriend Is Crazy About Black Guy,2023,Romance,Lee Sang-soo,https://www.imdb.com/title/tt32701843/
tt24218390,My Heart Puppy,Meongmongi,2023,"Comedy,Drama,Family",Kim Joo-hwan,https://www.imdb.com/title/tt24218390/
tt29731419,NCT NATION: To the World in Cinemas,NCT Nation: To the World in Cinemas,2023,"Documentary,Music",Oh Yoon-dong,https://www.imdb.com/title/tt29731419/
tt21109580,Night of the Assassin,Night of the Assassin,2023,"Action,Adventure",Kwak Jeong-deok,https://www.imdb.com/title/tt21109580/
tt28678677,"No Heaven, But Love.","No Heaven, But Love.",2023,"Drama,Romance",Jay Han,https://www.imdb.com/title/tt28678677/
tt22813112,Noryang: Deadly Sea,Noryang,2023,"Action,Biography,History",Kim Han-min,https://www.imdb.com/title/tt22813112/
tt30061093,October Metafiction,October Metafiction,2023,Drama,Kyu Jun Cho,https://www.imdb.com/title/tt30061093/
tt28681585,Oksoonlog,Oksoonlog,2023,Documentary,Nayeon Kim,https://www.imdb.com/title/tt28681585/
tt14895212,One Win,1seung,2023,"Comedy,Drama,Sport",Shin Yeon-shick,https://www.imdb.com/title/tt14895212/
tt28266107,Our Song,Our Song,2023,Music,Seong-soo Oh,https://www.imdb.com/title/tt28266107/
tt26698192,Persona a Strange Girl,Pereuseona Isanghan Yeoja,2023,Drama,Jung Hyung-suk,https://www.imdb.com/title/tt26698192/
tt25503544,Phantom,Yuryeong,2023,"Action,Crime,History",Lee Hae-young,https://www.imdb.com/title/tt25503544/
tt29579024,Picnic,So-pung,2023,Family,Kim Yong-gyun,https://www.imdb.com/title/tt29579024/
tt30422251,Pororo Popstar Adventure,Pororo Popstar Adventure,2023,"Adventure,Animation,Family",Yoon Je-wan,https://www.imdb.com/title/tt30422251/
tt25808194,Project Silence,Sailleonseu,2023,"Action,Horror,Sci-Fi",Kim Tae-gon,https://www.imdb.com/title/tt25808194/
tt29646056,Promise,Promise,2023,"Documentary,Family",Byung-hun Min,https://www.imdb.com/title/tt29646056/
tt27795356,Ransomed,Bi-gong-sik-jak-jeon,2023,"Action,Comedy,Drama",Kim Seong-hun,https://www.imdb.com/title/tt27795356/
tt27002199,Rebound,Rebound,2023,"Drama,Sport",Jang Hang-jun,https://www.imdb.com/title/tt27002199/
tt26348079,Regardless of Us,Uriwa Sanggwaneopsi,2023,Drama,Yoo Heong-jun,https://www.imdb.com/title/tt26348079/
tt11692284,Road to Boston,1947 Boston,2023,"Biography,Drama,Sport",Kang Je-kyu,https://www.imdb.com/title/tt11692284/
tt30060596,Robocar Poli,Robocar Poli,2023,Animation,Eom Joon-yeong,https://www.imdb.com/title/tt30060596/
tt13429168,Running Man: Revengers,Running Man: Revengers,2023,"Adventure,Animation,Comedy",Young Sik Uhm,https://www.imdb.com/title/tt13429168/
tt28265721,Salon de Seoul,Salon de Seoul,2023,Drama,Lee Ja-min,https://www.imdb.com/title/tt28265721/
tt29432702,Secret: Untold Melody,Malhal su eobsneun bimil,2023,"Fantasy,Music,Romance",Seo You-min,https://www.imdb.com/title/tt29432702/
tt26625961,Seupeurinteo,Seupeurinteo,2023,"Drama,Sport",Sung Yeon Choi,https://www.imdb.com/title/tt26625961/
tt11832362,Shape of Tulip,Tulip moyang,2023,"Drama,Romance",Yunmo Yang,https://www.imdb.com/title/tt11832362/
tt27801929,She's from Another Planet,She's from Another Planet,2023,"Comedy,Romance",Sang-Beom Koo,https://www.imdb.com/title/tt27801929/
tt33050094,Shine,Syain,2023,Drama,Seok-yeong Park,https://www.imdb.com/title/tt33050094/
tt28679653,Shit Can,Shit Can,2023,Drama,Gun-ho Jang,https://www.imdb.com/title/tt28679653/
tt27675468,Silver Man,Silver Man,2023,Drama,Choi Yun-ho,https://www.imdb.com/title/tt27675468/
tt29466094,Single in Seoul,Single in Seoul,2023,"Comedy,Drama,Romance",Park Beom-su,https://www.imdb.com/title/tt29466094/
tt30274403,Skip,Skip,2023,"Crime,Drama",Kwon Soo Yoon,https://www.imdb.com/title/tt30274403/
tt8209702,Sleep,Jam,2023,"Horror,Mystery,Thriller",Jason Yu,https://www.imdb.com/title/tt8209702/
tt28678712,Small Fry,Small Fry,2023,Drama,Joong Ha Park,https://www.imdb.com/title/tt28678712/
tt28106766,Smugglers,Milsu,2023,"Action,Crime",Ryoo Seung-wan,https://www.imdb.com/title/tt28106766/
tt37183189,Solar Flower,Solar Flower,2023,Drama,Han Gyeong-tak,https://www.imdb.com/title/tt37183189/
tt13086130,Soulmate,Soulmate,2023,"Drama,Romance",Min Yong-geun,https://www.imdb.com/title/tt13086130/
tt26493087,Stars in the Ordinary Universe,Stars in the Ordinary Universe,2023,Drama,Bowon Kim,https://www.imdb.com/title/tt26493087/
tt27127187,Streamer,seu-teu-ri-meo,2023,"Horror,Mystery",Hyung-Mo Jang,https://www.imdb.com/title/tt27127187/
tt27410896,Suga: Road to D-Day,Suga: Road to D-Day,2023,"Biography,Documentary,Music",Park Jun-soo,https://www.imdb.com/title/tt27410896/
tt28678368,Sugung - The Underwater Palace,Sugung - The Underwater Palace,2023,Documentary,Soyeon Yoo,https://www.imdb.com/title/tt28678368/
tt22507484,Target,Taget,2023,"Crime,Mystery,Thriller",Park Hee-kon,https://www.imdb.com/title/tt22507484/
tt28995831,Tastes of Horror,Goe-dam-man-chan,2023,"Horror,Mystery",Johnny Chae,https://www.imdb.com/title/tt28995831/
tt28819823,The Berefts,The Berefts,2023,,Jeong Beom,https://www.imdb.com/title/tt28819823/
tt37182656,The Butterfly Effect,The Butterfly Effect,2023,Music,Joon-ki Min,https://www.imdb.com/title/tt37182656/
tt2403439,The Canterville Ghost,Kaenteobilui yuryeong,2023,"Animation,Comedy,Family",Kim Burdon,https://www.imdb.com/title/tt2403439/
tt27534328,The Childe,Gwigongja,2023,"Action,Drama,Thriller",Park Hoon-jung,https://www.imdb.com/title/tt27534328/
tt27161773,The Eighth Sense,The Eighth Sense,2023,"Drama,Romance",Inu Baek,https://www.imdb.com/title/tt27161773/
tt26918664,The Glorious My Revenge,Chanranhan Naui Boksu,2023,Drama,Lim Seong-woon,https://www.imdb.com/title/tt26918664/
tt34512998,The Guest,The Guest,2023,"Crime,Thriller",Jegwang Yeon,https://www.imdb.com/title/tt34512998/
tt27830625,The Hand,The Hand,2023,"Comedy,Horror",Choi Yun-ho,https://www.imdb.com/title/tt27830625/
tt26736862,The Layover,The Layover,2023,"Drama,Family,Romance",Choi Chang-Hwan,https://www.imdb.com/title/tt26736862/
tt37182949,The Makgeolli Spy Scandal,The Makgeolli Spy Scandal,2023,Drama,Yoon Yeo-Chang,https://www.imdb.com/title/tt37182949/
tt37182836,The Mat,The Mat,2023,"Drama,Mystery,Thriller",Choi Zion,https://www.imdb.com/title/tt37182836/
tt27688034,The Moon,Deo Mun,2023,"Action,Adventure,Drama",Kim Yong-hwa,https://www.imdb.com/title/tt27688034/
tt28681454,The New Employee: The Movie,The New Employee: The Movie,2023,"Drama,Romance",Jho Kwang-soo Kim,https://www.imdb.com/title/tt28681454/
tt21111120,The Point Men,Gyoseob,2023,"Action,Crime,Drama",Soon-rye Yim,https://www.imdb.com/title/tt21111120/
tt9861230,The Quiet Migration,Joyonghan iju,2023,Drama,Malene Choi,https://www.imdb.com/title/tt9861230/
tt21364552,The Roundup: No Way Out,Beomjoidosi 3,2023,"Action,Crime,Thriller",Lee Sang-yong,https://www.imdb.com/title/tt21364552/
tt28077172,The Summer,The Summer,2023,"Animation,Drama,Romance",Han Ji-won,https://www.imdb.com/title/tt28077172/
tt30403219,The Tenants,Seibja,2023,"Comedy,Horror,Sci-Fi",Yoon Eun-kyoung,https://www.imdb.com/title/tt30403219/
tt28681640,"The Waves, the Sand, and Two Lovers in the Middle Of...","The Waves, the Sand, and Two Lovers in the Middle Of...",2023,Drama,Ji-Yeong Hong,https://www.imdb.com/title/tt28681640/
tt34751331,The Way Fish Breathe,The Way Fish Breathe,2023,"Drama,Mystery",Ryu Seung-won,https://www.imdb.com/title/tt34751331/
tt14916052,The Wild,The Wild,2023,"Action,Crime,Drama",Kim Bong-han,https://www.imdb.com/title/tt14916052/
tt27641839,This is the President,This is the President,2023,Documentary,Chang-jae Lee,https://www.imdb.com/title/tt27641839/
tt28248430,Tomorrow X Together: Our Lost Summer,Tomorrow X Together: Our Lost Summer,2023,"Documentary,Music",Park Jun-soo,https://www.imdb.com/title/tt28248430/
tt28680784,Unknown,Unknown,2023,"Drama,Sci-Fi",Donku Lee,https://www.imdb.com/title/tt28680784/
tt31896019,Unknown Narrative: Skyrocket Junipers Under the Crescent,Moleuneun iyagi,2023,"Drama,Fantasy",Yang Gun-young,https://www.imdb.com/title/tt31896019/
tt26160190,Unlocked,Seumateuponeul tteoreotteuryeosseul ppuninde,2023,"Crime,Drama,Mystery",Kim Tae-joon,https://www.imdb.com/title/tt26160190/
tt28678654,Warm Welcome,Warm Welcome,2023,Documentary,Marisol Park,https://www.imdb.com/title/tt28678654/
tt29668008,Watercolors,Watercolors,2023,Music,Namsuk Kim,https://www.imdb.com/title/tt29668008/
tt26736976,Where Would You Like to Go?,Where Would You Like to Go?,2023,Drama,Kim Hee-jung,https://www.imdb.com/title/tt26736976/
tt27423198,Windmill,Windmill,2023,Action,Lee Sang-hoon,https://www.imdb.com/title/tt27423198/
tt29305713,Work to Do,Work to Do,2023,,Hong-jun Park,https://www.imdb.com/title/tt29305713/
tt23902534,Yellow Door: '90s Lo-fi Film Club,Yellow Door: '90s Lo-fi Film Club,2023,Documentary,Lee Hyuk-rae,https://www.imdb.com/title/tt23902534/
tt27849980,Zero Waste,Zero Waste,2023,Documentary,Dong Hyun Danny Kim,https://www.imdb.com/title/tt27849980/
tt26425683,j-hope IN THE BOX,J-hope in the Box,2023,"Documentary,Music",Park Jun-soo,https://www.imdb.com/title/tt26425683/
tt25383302,4PM,O-Hu Ne-Si,2024,"Comedy,Drama,Thriller",Jay Song,https://www.imdb.com/title/tt25383302/
tt37398251,A Bee and a Silkworm,Bimil-ui hwawon,2024,Drama,Kim Sung-hwan,https://www.imdb.com/title/tt37398251/
tt33094156,A Song of Korean Factory Girls,A Song of Korean Factory Girls,2024,Documentary,Won-sik Lee,https://www.imdb.com/title/tt33094156/
tt31015344,A Traveler's Needs,Yeohaengjaui pilyo,2024,Drama,Hong Sang-soo,https://www.imdb.com/title/tt31015344/
tt26224870,About Family,Daegajok,2024,Comedy,Yang Woo-seok,https://www.imdb.com/title/tt26224870/
tt31851580,Aespa: World Tour in Cinemas,Aespa: World Tour in Cinemas,2024,"Documentary,Music",Oh Yoon-dong,https://www.imdb.com/title/tt31851580/
tt20201212,Alienoid: The Return to the Future,Wegye+in 2bu,2024,"Action,Fantasy,Sci-Fi",Choi Dong-hoon,https://www.imdb.com/title/tt20201212/
tt33364791,Amazon Bullseye,Amazon Bullseye,2024,"Adventure,Comedy",Kim Chang-ju,https://www.imdb.com/title/tt33364791/
tt35571591,Ateez World Tour: Towards the Light - Will to Power,Ateez World Tour: Towards the Light - Will to Power,2024,"Documentary,Music",Oh Yoon-dong,https://www.imdb.com/title/tt35571591/
tt26625978,Audrey,Audrey,2024,Drama,Lee Young-Kook,https://www.imdb.com/title/tt26625978/
tt29722855,Badland Hunters,Hwang-ya,2024,"Action,Adventure,Crime",Heo Myeong-haeng,https://www.imdb.com/title/tt29722855/
tt34811749,Baekhyun: Lonsdaleite [dot] in Cinemas,Baekhyun: Lonsdaleite [dot] in Cinemas,2024,Documentary,Kim Ha-min,https://www.imdb.com/title/tt34811749/
tt34052250,Baridegi: The abandoned Girl,Baridegi: The abandoned Girl,2024,Horror,Lee Se-won,https://www.imdb.com/title/tt34052250/
tt37732005,Between the Two of Us,Uri dul saie,2024,Drama,Sung Ji-hye,https://www.imdb.com/title/tt37732005/
tt32755912,Black Owner and Horny College Girls,Black Owner and Horny College Girls,2024,Romance,Chun Sung-joon,https://www.imdb.com/title/tt32755912/
tt32881486,Blackpink: World Tour - Born Pink,Blackpink World Tour (Born Pink) in Cinemas,2024,"Documentary,Music",Min Geun,https://www.imdb.com/title/tt32881486/
tt35322890,Blanket Wearer,Blanket Wearer,2024,Documentary,Jeong-mi Park,https://www.imdb.com/title/tt35322890/
tt22507374,Bogota: City of the Lost,Bogota: Majimak gihoeui ttang,2024,"Crime,Drama,Thriller",Kim Seong-je,https://www.imdb.com/title/tt22507374/
tt36687358,Boy in the Pool,Boy in the Pool,2024,Drama,Ryu Yeon-su,https://www.imdb.com/title/tt36687358/
tt31806999,Bread Barbershop: Celeb in Bakery Town,Bread Barbershop: Celeb in Bakery Town,2024,Animation,Jung-hwan Ji,https://www.imdb.com/title/tt31806999/
tt32880592,By the Stream,Suyoocheon,2024,Drama,Hong Sang-soo,https://www.imdb.com/title/tt32880592/
tt30364726,Citizen of a Kind,Simin Deok-hee,2024,"Action,Comedy,Crime",Park Yong-ju,https://www.imdb.com/title/tt30364726/
tt34574710,City of Cain,City of Cain,2024,"Drama,Thriller",Chang-su Song,https://www.imdb.com/title/tt34574710/
tt30830309,Dead Man,Dedeumaen,2024,"Crime,Mystery,Thriller",Ha Joon Won,https://www.imdb.com/title/tt30830309/
tt31186560,"Dear Name,","Dear Name,",2024,Drama,Kwon Soo Yoon,https://www.imdb.com/title/tt31186560/
tt12663266,Devils Stay,Devils Stay,2024,"Drama,Horror,Mystery",Moon-Sub Hyun,https://www.imdb.com/title/tt12663266/
tt22477502,Dirty Money,Deoreoun done sondaeji mara,2024,"Action,Crime",Kim Min-soo,https://www.imdb.com/title/tt22477502/
tt30911335,Dog Days,Dogeudeijeu,2024,"Comedy,Drama,Family",Kim Deok-min,https://www.imdb.com/title/tt30911335/
tt32322546,Drive,Deulaibeu,2024,"Action,Crime,Mystery",Park Dong-hee,https://www.imdb.com/title/tt32322546/
tt40619891,Drive,Drive,2024,Drama,Chung Yeon,https://www.imdb.com/title/tt40619891/
tt32110583,Dwiju,Dwiju,2024,Horror,Kim Ji-Woon,https://www.imdb.com/title/tt32110583/
tt36313215,Edhi Alice,Edi aelliseu,2024,Documentary,Il-rhan Kim,https://www.imdb.com/title/tt36313215/
tt34997114,Epik High 20 the Movie,Epik High 20 the Movie,2024,Music,Jo Yoon-soo,https://www.imdb.com/title/tt34997114/
tt31898445,Escape,Talju,2024,"Action,Adventure,Thriller",Lee Jong-pil,https://www.imdb.com/title/tt31898445/
tt27802490,Exhuma,Pamyo,2024,"Horror,Mystery",Jang Jae-hyun,https://www.imdb.com/title/tt27802490/
tt32341853,Exorcism Chronicles: The Beginning,Toemalog,2024,"Action,Animation,Fantasy",Kim Dong-Chul,https://www.imdb.com/title/tt32341853/
tt30989079,Father-in-law and Son-in-law,Father-in-law and Son-in-law,2024,"Comedy,Drama",Choi Yi-hyun,https://www.imdb.com/title/tt30989079/
tt32220831,Following,Geunyeoga Jugeossda,2024,"Mystery,Thriller",Kim Se-hwi,https://www.imdb.com/title/tt32220831/
tt33048498,Frankenstein Father,Peulangkensyutain abeoji,2024,Drama,Choi Jae-young,https://www.imdb.com/title/tt33048498/
tt36268481,Gangwon 2024 Winter Youth Olympics - Closing Ceremony,Gangwon 2024 Winter Youth Olympics - Closing Ceremony,2024,Sport,Yang Jung-ung,https://www.imdb.com/title/tt36268481/
tt36268467,Gangwon 2024 Winter Youth Olympics - Opening Ceremony,Gangwon 2024 Winter Youth Olympics - Opening Ceremony,2024,Sport,Yang Jung-ung,https://www.imdb.com/title/tt36268467/
tt33083649,Ghost Train,Goegiyeolcha,2024,"Horror,Mystery",Se-woong Tak,https://www.imdb.com/title/tt33083649/
tt32602819,Gill,Agami,2024,Animation,Jae-hoon Ahn,https://www.imdb.com/title/tt32602819/
tt37408405,Ginseng Boy,Doenjang-i,2024,"Comedy,Drama",Cho Han-byul,https://www.imdb.com/title/tt37408405/
tt35465697,Go! Snails,Go! Snails,2024,Sport,Eun-ki Ko,https://www.imdb.com/title/tt35465697/
tt35100357,Güle-Güle,Güle-Güle,2024,"Comedy,Drama,Romance",Bong Soo Ko,https://www.imdb.com/title/tt35100357/
tt32475217,Handsome Guys,Haenseomgaijeu,2024,"Action,Comedy,Horror",Nam Dong-hyup,https://www.imdb.com/title/tt32475217/
tt23630030,Harbin,Haeolbin,2024,"Action,Biography,Crime",Woo Min-ho,https://www.imdb.com/title/tt23630030/
tt35098309,Hauchi,Hauchi,2024,"Drama,Romance",Kim Myung-kyun,https://www.imdb.com/title/tt35098309/
tt31450914,Hear Me: Our Summer,Hear Me: Our Summer,2024,"Drama,Romance",Jo Sun-ho,https://www.imdb.com/title/tt31450914/
tt33082302,Heartsping : Teenieping of Love,Heartsping : Teenieping of Love,2024,"Adventure,Animation,Drama",Suhoon Kim,https://www.imdb.com/title/tt33082302/
tt33317149,Hero: Live in Cinema,Hero: Live in Cinema,2024,Musical,Jaeseok Park,https://www.imdb.com/title/tt33317149/
tt34490115,Hidden Face,Hidden Face,2024,"Mystery,Thriller",Kim Dae-woo,https://www.imdb.com/title/tt34490115/
tt34170107,"Highlight: Lights Go On, Again in Cinema","Highlight: Lights Go On, Again in Cinema",2024,"Documentary,Music",Oh Yoon-dong,https://www.imdb.com/title/tt34170107/
tt31624258,Hijack 1971,Hijack 1971,2024,"Action,Crime,Thriller",Kim Sung-han-I,https://www.imdb.com/title/tt31624258/
tt31597833,Holy Punch,Holy Punch,2024,"Action,Drama",Hoon Koh,https://www.imdb.com/title/tt31597833/
tt34967983,Home Sweet Home,Jagiman-ui bang,2024,"Comedy,Drama",Oh Se-ho,https://www.imdb.com/title/tt34967983/
tt33830773,I Am Love,Ai em leobeu,2024,Romance,Baek Seung-bin,https://www.imdb.com/title/tt33830773/
tt30287778,"I, the Executioner",Beterang 2,2024,"Action,Adventure,Comedy",Ryoo Seung-wan,https://www.imdb.com/title/tt30287778/
tt34170103,IVE: The 1st World Tour in Cinema,IVE: The 1st World Tour in Cinema,2024,"Documentary,Music",Jo Yoon-soo,https://www.imdb.com/title/tt34170103/
tt34136712,Idiot Girls and School Ghost: School Anniversary,Ameba sonyeodeulgwa hakgyogoedam: gaegyoginyeomil,2024,"Comedy,Horror",Kim Min Ha,https://www.imdb.com/title/tt34136712/
tt32730880,In the Head,Meorisogeul,2024,"Adventure,Drama",Cho Sung-kyu,https://www.imdb.com/title/tt32730880/
tt32986426,In the Realm of Ripley,In the Realm of Ripley,2024,"Mystery,Sci-Fi,Thriller",Sooeung 'Chuck' Chae,https://www.imdb.com/title/tt32986426/
tt31172128,Indera,Indela,2024,"Horror,Thriller",Ming Jin Woo,https://www.imdb.com/title/tt31172128/
tt32509917,"Invitation, Uninvited","Invitation, Uninvited",2024,Fantasy,Eun Oh,https://www.imdb.com/title/tt32509917/
tt32751393,"It's So Big It Hurts, Black Oppa","It's So Big It Hurts, Black Oppa",2024,Romance,Chun Sung-joon,https://www.imdb.com/title/tt32751393/
tt32903026,Jung Kook: I Am Still,Jung Kook: I Am Still,2024,"Documentary,Music",Park Jun-soo,https://www.imdb.com/title/tt32903026/
tt29515521,K - Number,K - Number,2024,Documentary,Seyoung Jo,https://www.imdb.com/title/tt29515521/
tt37182559,K-Indi Idol,K-Indi Idol,2024,"Comedy,Romance",Soo Sung Lee,https://www.imdb.com/title/tt37182559/
tt31114619,K-School,Kseukul,2024,"Drama,Musical",Park Mi-kyung,https://www.imdb.com/title/tt31114619/
tt35621348,Korean Dream: The Nama-jinheung Mixtape,Korean Dream: The Nama-jinheung Mixtape,2024,Documentary,Lee Taewoong,https://www.imdb.com/title/tt35621348/
tt37529723,Little Wife,Little Wife,2024,"Comedy,Drama",Kim Woo-Jin,https://www.imdb.com/title/tt37529723/
tt33022813,Love in the Big City,Daedosiui sarangbeob,2024,"Comedy,Drama,Romance",Eon-hee Lee,https://www.imdb.com/title/tt33022813/
tt35513806,MOON's Walking,Mun-wokeu,2024,Drama,Shin Hyun-kyu,https://www.imdb.com/title/tt35513806/
tt32378970,Mash Ville,Mash Ville,2024,Thriller,Hwang Wook,https://www.imdb.com/title/tt32378970/
tt33982915,Merely Known as Something Else,Merely Known as Something Else,2024,"Drama,Romance",Jo Heeyoung,https://www.imdb.com/title/tt33982915/
tt30515931,Mission: Cross,Keuroseu,2024,"Action,Comedy,Crime",Lee Myung Hoon,https://www.imdb.com/title/tt30515931/
tt32599613,Mother's Kingdom,Mother's Kingdom,2024,"Drama,Mystery",Sanghak Lee,https://www.imdb.com/title/tt32599613/
tt34376837,"My Best, Your Least","My Best, Your Least",2024,Drama,Hyun-jung Kim,https://www.imdb.com/title/tt34376837/
tt33368329,My Dearest Fu Bao,再見熊貓福寶,2024,Documentary,Shim Hyeong-jun,https://www.imdb.com/title/tt33368329/
tt26672512,My Name Is Loh Kiwan,Ro Gi Wan,2024,"Drama,Romance",Kim Hee Jin,https://www.imdb.com/title/tt26672512/
tt34692664,NCT Dream Mystery Lab: Dream()Scape in Cinemas,NCT Dream Mystery Lab: Dream()scape in Cinemas,2024,"Documentary,Music",Oh Yoon-dong,https://www.imdb.com/title/tt34692664/
tt29845247,Noise,Noijeu,2024,"Drama,Horror,Thriller",Kim Soo-jin,https://www.imdb.com/title/tt29845247/
tt16244594,Not One and Not Two,Not One and Not Two,2024,Mystery,Bohyung Seo,https://www.imdb.com/title/tt16244594/
tt32277946,Nothingness,Mu,2024,"Action,Sci-Fi,Thriller",Gap Sik Kim,https://www.imdb.com/title/tt32277946/
tt28494829,Officer Black Belt,Mudosilmugwan,2024,"Action,Comedy,Crime",Kim Joo-hwan,https://www.imdb.com/title/tt28494829/
tt37651417,Okinawa Blue Note,Okinawa beullunoteu,2024,Drama,Cho Sung-kyu,https://www.imdb.com/title/tt37651417/
tt39320143,Once Again,Once Again,2024,Drama,Shin Seung-Hoon,https://www.imdb.com/title/tt39320143/
tt34852363,Pig That Survived Foot-and-Mouth Disease,Gujeyeog-eseo sal-a dol-aon dwaeji,2024,Animation,Hur Bum-wook,https://www.imdb.com/title/tt34852363/
tt32175399,Pilot,Pailleot,2024,Comedy,Kim Han-Gyul,https://www.imdb.com/title/tt32175399/
tt33090279,Punggi,Punggi,2024,Comedy,Park Kyu-sik,https://www.imdb.com/title/tt33090279/
tt33319928,"RM: Right People, Wrong Place","RM: Right People, Wrong Place",2024,"Documentary,Music",Lee Seokjun,https://www.imdb.com/title/tt33319928/
tt33472131,Revenge,Revenge,2024,"Horror,Mystery,Thriller",Lee Beom,https://www.imdb.com/title/tt33472131/
tt28284984,Revolver,Ribolbeo,2024,"Action,Crime,Drama",Oh Seung-uk,https://www.imdb.com/title/tt28284984/
tt35136066,Rhapsody for the Dead,Rhapsody for the Dead,2024,Horror,Kim Hyeon-joon,https://www.imdb.com/title/tt35136066/
tt31579728,SUGA: Agust D Tour 'D-DAY' the Movie,SUGA | Agust D TOUR 'D-DAY' THE MOVIE,2024,"Documentary,Music",Park Jun-soo,https://www.imdb.com/title/tt31579728/
tt31179204,Seeking the King,Wangeul Chajaseo,2024,"Adventure,Drama,Sci-Fi",Won Shin-yeon,https://www.imdb.com/title/tt31179204/
tt35423062,Silver Apricot,Eunbitsalgu,2024,Drama,Jang Man-min,https://www.imdb.com/title/tt35423062/
tt35042512,Sister Yujeong,Eonni Yujeong,2024,Drama,Chung Hae-il,https://www.imdb.com/title/tt35042512/
tt35899314,Somebody,Chimbeom,2024,"Mystery,Thriller",Lee Jung-chan,https://www.imdb.com/title/tt35899314/
tt26736821,Spring Garden,Neulbomgadeun,2024,"Horror,Thriller",Ku Born,https://www.imdb.com/title/tt26736821/
tt35437325,Spring Night,Bombam,2024,Drama,Mi-ja Kang,https://www.imdb.com/title/tt35437325/
tt39164111,Squirm,Squirm,2024,"Drama,Horror",Ahn Dro,https://www.imdb.com/title/tt39164111/
tt35565800,Sunny Day,Sseonidei,2024,Drama,Lee Chang-moo,https://www.imdb.com/title/tt35565800/
tt31513592,That One Night,That One Night,2024,"Crime,Thriller",Jin Lee,https://www.imdb.com/title/tt31513592/
tt34488697,The Blood of Desire,The Blood of Desire,2024,Action,Kwon Ha,https://www.imdb.com/title/tt34488697/
tt32507477,The Daechi Scandal,Daechidong seukaendeul,2024,Drama,Kim Soo-in,https://www.imdb.com/title/tt32507477/
tt27176023,The Desperate Chase,The Desperate Chase,2024,"Action,Comedy,Crime",Kim Jae-hoon,https://www.imdb.com/title/tt27176023/
tt38117570,The Final Semester,3hagnyeon 2haggi,2024,Drama,Lee Ran-hee,https://www.imdb.com/title/tt38117570/
tt32628369,The Firefighters,Sobanggwan,2024,"Action,Drama",Kwak Gyeong-Taek,https://www.imdb.com/title/tt32628369/
tt34574403,The First Responders,Bulkkoch-ui gieog,2024,Documentary,Hyung-seok Ryu,https://www.imdb.com/title/tt34574403/
tt1121948,The Killer,The Killer,2024,"Action,Crime,Drama",John Woo,https://www.imdb.com/title/tt1121948/
tt33048542,The Killers,Deo killeoseu,2024,"Horror,Thriller",Jang Hang-jun,https://www.imdb.com/title/tt33048542/
tt33832438,The Land of Morning Calm,Achim bada galmaegineun,2024,"Drama,Family,Mystery",Ri-Woong Park,https://www.imdb.com/title/tt33832438/
tt32633828,The Last Smile of Ms. Smile,The Last Smile of Ms. Smile,2024,"Drama,Mystery",Eun Oh,https://www.imdb.com/title/tt32633828/
tt34549029,The Loop,Ru Peu,2024,"Drama,Thriller",Sang-Beom Koo,https://www.imdb.com/title/tt34549029/
tt26591189,The Plot,Seolgyeja,2024,"Action,Crime,Thriller",Lee Yo-sup,https://www.imdb.com/title/tt26591189/
tt32221422,The River of Wrath,Bunnoui Gang,2024,Drama,Yoon Chul Hyung,https://www.imdb.com/title/tt32221422/
tt27811040,The Roundup: Punishment,Beomjoedosi4,2024,"Action,Crime,Thriller",Heo Myeong-haeng,https://www.imdb.com/title/tt27811040/
tt32013903,The Sin,The Sin,2024,Horror,Han Dong-seok,https://www.imdb.com/title/tt32013903/
tt33079438,The Time of Fever,The Time of Fever,2024,"Drama,Romance",Kyung Hee Yang,https://www.imdb.com/title/tt33079438/
tt31171712,The Unforgettable Day,The Unforgettable Day,2024,Drama,Seung-yong Kang,https://www.imdb.com/title/tt31171712/
tt35018659,The Unrighteous,The Unrighteous,2024,"Horror,Thriller",Kim Seon-kuk,https://www.imdb.com/title/tt35018659/
tt38129020,The face of Hwanhee,The face of Hwanhee,2024,Drama,Jeahan Lee,https://www.imdb.com/title/tt38129020/
tt31624202,Tiger's Trigger,Tiger's Trigger,2024,Action,Baek Joon Kim,https://www.imdb.com/title/tt31624202/
tt31315820,Troll Factory,Troll Factory,2024,"Crime,Drama",Gooc-jin Ahn,https://www.imdb.com/title/tt31315820/
tt34809878,Unseen,Boiji anhneun,2024,"Action,Thriller",Jung Hee-jun,https://www.imdb.com/title/tt34809878/
tt27987046,Uprising,"Jeon, Ran",2024,"Action,Drama,History",Kim Sang-man,https://www.imdb.com/title/tt27987046/
tt29419864,Victory,Victory,2024,"Comedy,Drama,Musical",Park Beom-su,https://www.imdb.com/title/tt29419864/
tt31414806,Wannabe,Hwanyeo,2024,"Crime,Thriller",Yooung-seon Yoo,https://www.imdb.com/title/tt31414806/
tt36266955,Water Lilies,Water Lilies,2024,Drama,Chanho Lee,https://www.imdb.com/title/tt36266955/
tt34386450,Waterdrop,Waterdrop,2024,"Crime,Drama,Family",Jongyong Choi,https://www.imdb.com/title/tt34386450/
tt32764225,What Happened in My Black Boyfriend's Room,What Happened in My Black Boyfriend's Room,2024,Romance,Chun Sung-joon,https://www.imdb.com/title/tt32764225/
tt37522533,When This Summer Is Over,Yeoreum-i jinagamyeon,2024,Drama,Jang Byung-ki,https://www.imdb.com/title/tt37522533/
tt32275404,When We Bloom Again,Moghwasom pineun nal,2024,Drama,Shin Kyung-soo,https://www.imdb.com/title/tt32275404/
tt26730336,While You Were Sleeping,While You Were Sleeping,2024,"Drama,Mystery",Yun-hyeon Jang,https://www.imdb.com/title/tt26730336/
tt31254554,Wonderland,Wonderland,2024,"Drama,Sci-Fi",Kim Tae-yong,https://www.imdb.com/title/tt31254554/
tt33563899,Works and Days,Works and Days,2024,Documentary,Kearn-Hyung Ahn,https://www.imdb.com/title/tt33563899/
tt32079860,XiXi,XiXi,2024,Documentary,Fan Wu,https://www.imdb.com/title/tt32079860/
tt33072964,Yeonryeon,Yeonryeon,2024,Drama,Seo-gon Gang,https://www.imdb.com/title/tt33072964/
tt33381920,You Are the Apple of My Eye,"Geu sijeol, uriga johahaetdeon sonyeo",2024,"Comedy,Drama,Romance",Cho Young-Myoung,https://www.imdb.com/title/tt33381920/
tt33478321,You Will Die in 6 Hours,You Will Die in 6 Hours,2024,"Mystery,Thriller",Yun-seok Lee,https://www.imdb.com/title/tt33478321/
tt31152244,Yumi's Cells: The Movie,Yumiui Sepodeul Deo Mubi,2024,"Animation,Comedy,Drama",Da Hee Kim,https://www.imdb.com/title/tt31152244/
tt38990836,#Runseokjin_Ep.Tour: The Movie,#Runseokjin_Ep.Tour: The Movie,2025,Music,Park Jun-soo,https://www.imdb.com/title/tt38990836/
tt35318576,(G)I-dle World Tour [iDOL] in Cinemas,(G)I-dle World Tour [iDOL] in Cinemas,2025,"Documentary,Music",Oh Yoon-dong,https://www.imdb.com/title/tt35318576/
tt38607898,2:15 PM,2:15 PM,2025,Drama,Se Ryeong Jeong,https://www.imdb.com/title/tt38607898/
tt36733209,3670,3670,2025,Drama,Park Joon-ho,https://www.imdb.com/title/tt36733209/
tt36449311,A Child of Silent,Ulji anhneun ai,2025,Drama,Lee Hyeok-jong,https://www.imdb.com/title/tt36449311/
tt33511069,Allegiance,Allegiance,2025,Crime,Han Chang-rok,https://www.imdb.com/title/tt33511069/
tt37182424,Anything for the Client,Anything for the Client,2025,Drama,Han Sang-il,https://www.imdb.com/title/tt37182424/
tt38048622,BTS 2021 Muster Sowoozoo Remastered,BTS 2021 Muster Sowoozoo Remastered,2025,"Documentary,Music",Jo Kyeongseok,https://www.imdb.com/title/tt38048622/
tt38598179,Backpike,Backpike,2025,,Kim Eun-seo,https://www.imdb.com/title/tt38598179/
tt38523250,Beautiful Dreamer,Beautiful Dreamer,2025,,Kwang-kuk Lee,https://www.imdb.com/title/tt38523250/
tt4462226,Big Deal,Big Deal,2025,"Biography,Drama",Yun-Jin Choi,https://www.imdb.com/title/tt4462226/
tt37543512,Black Snake,Black Snake,2025,Action,Park Do-hwan,https://www.imdb.com/title/tt37543512/
tt39121498,Blue Archive: The Orchestra in Cinema,Blue Archive: The Orchestra in Cinema,2025,Music,Jo Yoonsu,https://www.imdb.com/title/tt39121498/
tt31645750,Boss,Boss,2025,"Action,Comedy",Ra Hee-chan,https://www.imdb.com/title/tt31645750/
tt36109526,Boy,Boy,2025,"Action,Crime,Drama",Sang-Deok Lee,https://www.imdb.com/title/tt36109526/
tt38263623,By Another Name,Dareun ireumeuro,2025,Romance,Jeahan Lee,https://www.imdb.com/title/tt38263623/
tt32347250,Choir of God,Choir of God,2025,"Comedy,Drama,Musical",Kim Hyoeng Hyoep,https://www.imdb.com/title/tt32347250/
tt30495613,Commission,Commission,2025,"Mystery,Thriller",Shin Jae-min,https://www.imdb.com/title/tt30495613/
tt38954189,Concrete Market,Kon-keu-ri-teu Ma-ket,2025,"Action,Drama,Thriller",Hong Gi-Won,https://www.imdb.com/title/tt38954189/
tt30149686,Cornell's Box,Cornell's Box,2025,Drama,Lee Hyun-Ji,https://www.imdb.com/title/tt30149686/
tt39163455,Covid-19 Sapiens Love,Covid-19 Sapiens Love,2025,Comedy,Min-Young Jang,https://www.imdb.com/title/tt39163455/
tt32491690,Dark Nuns,Geomeun sunyeodeul,2025,"Horror,Mystery,Thriller",Kwon Hyeok-jae,https://www.imdb.com/title/tt32491690/
tt37929655,Delivery Heroes: Musical Adventure,Delivery Heroes: Musical Adventure,2025,Action,Seong-yun Oh,https://www.imdb.com/title/tt37929655/
tt37433144,Detective Agency,Detective Agency,2025,"Action,Crime,Thriller",Kim Tae-ha,https://www.imdb.com/title/tt37433144/
tt40710483,Don't go back,Don't go back,2025,Drama,Ryu Hyun-kyung,https://www.imdb.com/title/tt40710483/
tt39242486,Dream Studio in Madagascar,Kkumkkuneun sajingwan,2025,Drama,Cho-Sin Jung,https://www.imdb.com/title/tt39242486/
tt36674441,East Shore Line,Yeongdongseon,2025,Drama,Choi Jong-hak,https://www.imdb.com/title/tt36674441/
tt38518448,En Route To,Jiuri ganeun gil,2025,Drama,Yoo Jaein,https://www.imdb.com/title/tt38518448/
tt39049192,Even if This Love Disappears from the World Tonight,"Oneul Bam, Segyeeseo I Sarangi Sarajinda Haedo",2025,"Drama,Romance",Kim Hye-young,https://www.imdb.com/title/tt39049192/
tt37677140,Family Secrets,Family Secrets,2025,Drama,Lee Sang-hoon,https://www.imdb.com/title/tt37677140/
tt40845167,Fasting Love,Fasting Love,2025,Comedy,Jeon Chang-Geun,https://www.imdb.com/title/tt40845167/
tt37535842,Finding Hidden Money,Finding Hidden Money,2025,"Action,Comedy",Sol-mae Kim,https://www.imdb.com/title/tt37535842/
tt36400146,Flame of April,Flame of April,2025,Drama,Do Young-Chan,https://www.imdb.com/title/tt36400146/
tt38839218,Florence Knockin' on You,Pi-ren-che,2025,Drama,Lee Chang-yeol,https://www.imdb.com/title/tt38839218/
tt35303960,Forbidden Fairytale,Donghwajiman cheongbul-ibnida,2025,"Comedy,Romance",Jong-suk Lee,https://www.imdb.com/title/tt35303960/
tt39564394,Forte,Forte,2025,"Horror,Music,Mystery",Kimbo Kim,https://www.imdb.com/title/tt39564394/
tt37600106,Fragment,Fragment,2025,"Drama,Thriller",Kim Sung-yoon,https://www.imdb.com/title/tt37600106/
tt38518479,Funky Freaky Freaks,Chung chung chung,2025,Crime,Han Chang-lok,https://www.imdb.com/title/tt38518479/
tt38262395,G-Dragon in Cinema: Übermensch,G-Dragon in Cinema: Übermensch,2025,"Documentary,Music",Byun Jin Ho,https://www.imdb.com/title/tt38262395/
tt36444931,GALATEA,Gwisindeul,2025,"Drama,Sci-Fi",Seung-jae Hwang,https://www.imdb.com/title/tt36444931/
tt37182372,Good Job Today,Good Job Today,2025,Romance,Kim Gyeong-Eun,https://www.imdb.com/title/tt37182372/
tt33550069,Good News,Gut Nuiuseu,2025,"Action,Comedy,Crime",Byun Sung-hyun,https://www.imdb.com/title/tt33550069/
tt37024184,Gory: A Horror Tale,Gory: A Horror Tale,2025,Horror,Won Ki Hong,https://www.imdb.com/title/tt37024184/
tt37070533,Guitar Man,Gitamaen,2025,Drama,Kim Jong-myeon,https://www.imdb.com/title/tt37070533/
tt38589204,Halo,Halo,2025,Drama,Roh Young-wan,https://www.imdb.com/title/tt38589204/
tt37057950,Happy Happy,Haepihaepi,2025,Drama,Soo Sung Lee,https://www.imdb.com/title/tt37057950/
tt22641426,Harumi,Harumi,2025,"Drama,Mystery",Won Jun Lee,https://www.imdb.com/title/tt22641426/
tt14044924,Hi-Five,Haipaibeu,2025,"Action,Adventure,Comedy",Kang Hyoung-chul,https://www.imdb.com/title/tt14044924/
tt30788876,Hitman 2,Hiteumaen 2,2025,"Action,Comedy",Won-sub Choi,https://www.imdb.com/title/tt30788876/
tt15766876,Holy Night: Demon Hunters,Georokhan: Demun heonteoseu,2025,"Action,Fantasy,Horror",Lim Dae-hee,https://www.imdb.com/title/tt15766876/
tt37535870,Homecam,Homecam,2025,Horror,Oh Se-ho,https://www.imdb.com/title/tt37535870/
tt36759058,Homeward Bound,Homeward Bound,2025,"Comedy,Drama",Dae-hwan Kim,https://www.imdb.com/title/tt36759058/
tt36097466,Horror Express,Horror Express,2025,Horror,Vince Kim,https://www.imdb.com/title/tt36097466/
tt37657245,I Kill You,Ai kil yu,2025,"Action,Drama",Ha Yoo,https://www.imdb.com/title/tt37657245/
tt37271308,I Would Rather Kill You,Charari Jukyeo,2025,"Comedy,Mystery,Romance",Kim Sang Hoon,https://www.imdb.com/title/tt37271308/
tt35426496,IU Concert: The Winning,IU Concert: The Winning,2025,"Documentary,Music",Lee Ye-ji,https://www.imdb.com/title/tt35426496/
tt34136816,Idiot Girls and School Ghost 2: Teaching Practice,Idiot Girls and School Ghost 2: Teaching Practice,2025,Horror,Kim Min Ha,https://www.imdb.com/title/tt34136816/
tt36471239,In the Land of Machines,Gigyeui nala-eseo,2025,Documentary,Okyoung Kim,https://www.imdb.com/title/tt36471239/
tt37597844,Incarnation,Gumasunyeo - deulleobut-eossguna,2025,Horror,Roh Hong-Jin,https://www.imdb.com/title/tt37597844/
tt38598187,Indigestion,Indigestion,2025,,Han Hyeon Ji,https://www.imdb.com/title/tt38598187/
tt37970522,Journey There,Journey There,2025,Drama,Kim Jin-yu,https://www.imdb.com/title/tt37970522/
tt41300343,Just once before l die,Just once before l die,2025,Drama,Min Chae-yeon,https://www.imdb.com/title/tt41300343/
tt34869559,K-Family Affairs,K-Family Affairs,2025,Documentary,Arum Nam,https://www.imdb.com/title/tt34869559/
tt14205554,KPop Demon Hunters,Keipab Demon Heonteoseu,2025,"Action,Adventure,Animation",Chris Appelhans,https://www.imdb.com/title/tt14205554/
tt35231039,Kokuho,Gugbo,2025,Drama,Sang-il Lee,https://www.imdb.com/title/tt35231039/
tt39031970,LArirang,LArirang,2025,"Drama,Family",Sunhee Na,https://www.imdb.com/title/tt39031970/
tt35421721,Lobby,Lobby,2025,Comedy,Ha Jung-woo,https://www.imdb.com/title/tt35421721/
tt28664733,Lost in Starlight,I byeole pilyohan,2025,"Animation,Comedy,Drama",Han Ji-won,https://www.imdb.com/title/tt28664733/
tt38225427,Love Barista,Love Barista,2025,"Comedy,Drama,Romance",Kim Sung-hoon,https://www.imdb.com/title/tt38225427/
tt39320750,Love Song,Love Song,2025,Drama,Lee Ha-yul,https://www.imdb.com/title/tt39320750/
tt38787920,MONSTA X: CONNECT x in CINEMAS,Monsta X: Connect X in Cinemas,2025,"Documentary,Music",Margo Yeji Lee,https://www.imdb.com/title/tt38787920/
tt35820396,Manok,Manok,2025,Drama,Yu-jin Lee,https://www.imdb.com/title/tt35820396/
tt33312131,Mantis,Samagwi,2025,"Action,Thriller",Lee Tae Sung,https://www.imdb.com/title/tt33312131/
tt12299608,Mickey 17,Miki 17,2025,"Adventure,Comedy,Fantasy",Bong Joon Ho,https://www.imdb.com/title/tt12299608/
tt26736926,Midnight Sun,Taeyang-ui norae,2025,"Drama,Music,Romance",Young-Jun Cho,https://www.imdb.com/title/tt26736926/
tt33240854,Mothernet,AIeomma,2025,"Drama,Sci-Fi",Wi Ding Ho,https://www.imdb.com/title/tt33240854/
tt36428783,Mr. Robot,Miseuteo robot,2025,"Action,Adventure,Animation",Dae-hee Lee,https://www.imdb.com/title/tt36428783/
tt37718411,Murder Report,Sal-in-ja Ri-po-teu,2025,"Drama,Horror,Thriller",Young-Jun Cho,https://www.imdb.com/title/tt37718411/
tt36553678,My Daughter Is a Zombie,Jombittal,2025,"Comedy,Drama,Fantasy",Pil Gam-Sung,https://www.imdb.com/title/tt36553678/
tt34752625,My Friend Is a Murderer,My Friend Is a Murderer,2025,"Action,Comedy",Kim Hee-Seong,https://www.imdb.com/title/tt34752625/
tt40139794,My Friend's Wife 2,My Friend's Wife 2,2025,Drama,Do-si Lee,https://www.imdb.com/title/tt40139794/
tt1527793,No Other Choice,Eojjeolsuga Eobsda,2025,"Comedy,Crime,Drama",Park Chan-wook,https://www.imdb.com/title/tt1527793/
tt34573458,No Parking,No Parking,2025,"Crime,Thriller",Son Hyeon-woo,https://www.imdb.com/title/tt34573458/
tt34574758,Nocturnal,yahaeng,2025,"Crime,Drama,Thriller",Jin-hwang Kim,https://www.imdb.com/title/tt34574758/
tt30254719,Omniscient Reader: The Prophecy,Jeonjijeok dokja sijeom,2025,"Action,Adventure,Drama",Byung-woo Kim,https://www.imdb.com/title/tt30254719/
tt36109477,On the Way to South,On the Way to South,2025,"Action,Drama,War",Sang-rae Kim,https://www.imdb.com/title/tt36109477/
tt37764737,Once We Were Us,Meon Husnal Uri,2025,"Drama,Romance",Kim Do-Young,https://www.imdb.com/title/tt37764737/
tt37578191,Only God Knows Everything,Onri Gat Noujeu Ebeuritting,2025,"Mystery,Thriller",Paek Seung-hwan,https://www.imdb.com/title/tt37578191/
tt36591539,People and Meat,Saramgwa gogi,2025,Drama,Yang Jong-hyun,https://www.imdb.com/title/tt36591539/
tt37045033,Pieces of Memories,Gieok-ui jogak,2025,Drama,Lee Kwang-bok,https://www.imdb.com/title/tt37045033/
tt39308931,Pororo the Movie: Sweet Castle Adventure,Pororo the Movie: Sweet Castle Adventure,2025,"Adventure,Animation,Family",Yoo-rim Cheon,https://www.imdb.com/title/tt39308931/
tt35382678,Pretty Crazy,Akmaga Yisawadda,2025,"Comedy,Mystery,Romance",Lee Sang-geun,https://www.imdb.com/title/tt35382678/
tt37658798,Project Y,Peurojekteu Y,2025,"Action,Adventure,Crime",Lee Hwan,https://www.imdb.com/title/tt37658798/
tt35567425,"Red Velvet Happiness Diary: My Dear, ReVe1uv in Cinemas","Redeubelbet haepiniseu daieori: mai dieo, rebereop in sinema",2025,"Documentary,Music",Oh Yoon-dong,https://www.imdb.com/title/tt35567425/
tt32648798,Revelations,Gyesirok,2025,"Crime,Drama,Mystery",Yeon Sang-ho,https://www.imdb.com/title/tt32648798/
tt39233084,Risk Society,Risk Society,2025,"Crime,Drama",Kim Byung-jun,https://www.imdb.com/title/tt39233084/
tt41161431,Rolling Stone,Rolling Stone,2025,Drama,Talk Shin,https://www.imdb.com/title/tt41161431/
tt33269867,Run to You,Jeonryeokjilju,2025,"Biography,Drama,Sport",Lee Seunghoon,https://www.imdb.com/title/tt33269867/
tt38667070,Run to the West,Run to the West,2025,"Action,Drama,Fantasy",Kang Yoon-sung,https://www.imdb.com/title/tt38667070/
tt39052764,S.(Silent) Korea,S.(Silent) Korea,2025,Documentary,Ho Bin Kim,https://www.imdb.com/title/tt39052764/
tt39216116,Saehabyul,Saehabyul,2025,Drama,Woosuk Kim,https://www.imdb.com/title/tt39216116/
tt36615742,Saigon Sunset,Saigon Sunset,2025,"Drama,Romance",Son Hyeon-woo,https://www.imdb.com/title/tt36615742/
tt36795341,Savior,Savior,2025,"Horror,Mystery,Thriller",Joon Shin,https://www.imdb.com/title/tt36795341/
tt38593518,Savon,Savon,2025,"Comedy,Thriller",Jun Sup Lee,https://www.imdb.com/title/tt38593518/
tt34720345,Sea Tiger,Sea Tiger,2025,Drama,Yoon-Chul Jung,https://www.imdb.com/title/tt34720345/
tt37878581,Seagnal,Seagnal,2025,Documentary,Jiyun Lee,https://www.imdb.com/title/tt37878581/
tt36808546,Search and Seizure: The Rise of an Insurrection,Search and Seizure: The Rise of an Insurrection,2025,Documentary,Kim Yong-jin,https://www.imdb.com/title/tt36808546/
tt40710413,Second Sister,Second Sister,2025,Thriller,Shin Jae-ho,https://www.imdb.com/title/tt40710413/
tt38518505,Seven O'Clock Breakfast Club for the Brokenhearted,Sillyeondanghan saramdeureul wihan ilgop si jochanmoim,2025,"Drama,Romance",Lim Seon-ae,https://www.imdb.com/title/tt38518505/
tt36914945,Sisterhood,Sisterhood,2025,Mystery,Yoon Eun-kyoung,https://www.imdb.com/title/tt36914945/
tt39601427,So Far So Close,So Far So Close,2025,Drama,Jung Kyu Choi,https://www.imdb.com/title/tt39601427/
tt36471730,Some Like It Cold,Chagaun geos-i joh-a,2025,Drama,Hong Seong-eun,https://www.imdb.com/title/tt36471730/
tt39313179,Strange Tale of Consumption,Strange Tale of Consumption,2025,Horror,Choi Hee-cheol,https://www.imdb.com/title/tt39313179/
tt26762096,Streaming,Streaming,2025,"Mystery,Thriller",Cho Jang-ho,https://www.imdb.com/title/tt26762096/
tt35820422,Summer's Camera,Summer's Camera,2025,Drama,Divine Sung,https://www.imdb.com/title/tt35820422/
tt36189325,Sweet Home,Sweet Home,2025,"Fantasy,Thriller",Hong-ik Kim,https://www.imdb.com/title/tt36189325/
tt38523237,The Accordion Door,The Accordion Door,2025,"Family,Fantasy,Sci-Fi",Son Kyeong-su,https://www.imdb.com/title/tt38523237/
tt36877344,The Devil You Know,Ag-ui dosi,2025,Thriller,Hyun Woo-sung,https://www.imdb.com/title/tt36877344/
tt36676967,The Erase,The Erase,2025,Drama,Lee So-min,https://www.imdb.com/title/tt36676967/
tt37538626,The Fin,The Fin,2025,Drama,Syeyoung Park,https://www.imdb.com/title/tt37538626/
tt38644831,The First Ride,The First Ride,2025,"Adventure,Comedy",Nam Dae-joong,https://www.imdb.com/title/tt38644831/
tt36164440,The First Soul: Song Written Again,The First Soul: Song Written Again,2025,,Cho Jung-Rae,https://www.imdb.com/title/tt36164440/
tt29495236,The Fox King,Yeouwang,2025,Drama,Ming Jin Woo,https://www.imdb.com/title/tt29495236/
tt37285917,The Ghost Game,The Ghost Game,2025,"Horror,Mystery,Thriller",Son Dong-wan,https://www.imdb.com/title/tt37285917/
tt37848382,The Gifted: Romance Scam Hunters,The Gifted: Romance Scam Hunters,2025,"Crime,Sci-Fi,Thriller",Jeong-ho Kang,https://www.imdb.com/title/tt37848382/
tt35659511,The Go to Restaurant,The Go to Restaurant,2025,"Comedy,Drama,Mystery",Jay Han,https://www.imdb.com/title/tt35659511/
tt38523209,The Gorals,The Gorals,2025,Comedy,Yoo Jaewook,https://www.imdb.com/title/tt38523209/
tt29927663,The Great Flood,Daehongsu,2025,"Action,Adventure,Drama",Byung-woo Kim,https://www.imdb.com/title/tt29927663/
tt33472422,The Informant,The Informant,2025,"Action,Comedy,Crime",Kim Suk,https://www.imdb.com/title/tt33472422/
tt38814489,The Journey to Gyeong-ju,The Journey to Gyeong-ju,2025,"Action,Crime,Thriller",Kim Mi-Jo,https://www.imdb.com/title/tt38814489/
tt34539004,The Last Homework,The Last Homework,2025,Drama,Jeong-cheol Lee,https://www.imdb.com/title/tt34539004/
tt13498824,The Match,Seungbu,2025,"Biography,Drama,Sport",Hyeong-ju Kim,https://www.imdb.com/title/tt13498824/
tt38445271,The Mutation,The Mutation,2025,Drama,Su-won Shin,https://www.imdb.com/title/tt38445271/
tt38353637,The Nation of Namul,The Nation of Namul,2025,,Songyi Park,https://www.imdb.com/title/tt38353637/
tt35684021,The Noisy Mansion,The Noisy Mansion,2025,"Comedy,Mystery",Lee Ru-da,https://www.imdb.com/title/tt35684021/
tt38945563,The Nonsense,The Nonsense,2025,Mystery,Lee Je-hui,https://www.imdb.com/title/tt38945563/
tt38523286,The Observer's Journal,The Observer's Journal,2025,,Jung Hwan Lim,https://www.imdb.com/title/tt38523286/
tt34509472,The Old Woman with the Knife,Pagwa,2025,"Action,Crime,Thriller",Kyu-dong Min,https://www.imdb.com/title/tt34509472/
tt37136605,The Pact,Sinmyeong,2025,"Drama,Mystery,Thriller",Kim Nam-kyun,https://www.imdb.com/title/tt37136605/
tt37962136,The People Upstairs,Witjip saramdeul,2025,"Comedy,Drama",Ha Jung-woo,https://www.imdb.com/title/tt37962136/
tt37845611,The Possible Worlds,The Possible Worlds,2025,Drama,Jeong Sae-mul,https://www.imdb.com/title/tt37845611/
tt33321980,The Secret House,The Secret House,2025,"Horror,Thriller",Sang-min Park,https://www.imdb.com/title/tt33321980/
tt35494628,The Sense of Violence,The Sense of Violence,2025,Documentary,Kim Mooyoung,https://www.imdb.com/title/tt35494628/
tt36591286,The Square,Gwang-jang,2025,"Animation,Drama,Romance",Kim Bo-sol,https://www.imdb.com/title/tt36591286/
tt33514451,The Ugly,Eolgul,2025,"Drama,Mystery,Thriller",Yeon Sang-ho,https://www.imdb.com/title/tt33514451/
tt33513545,The Verdict,The Verdict,2025,"Action,Crime,Drama",Yusron Fuadi,https://www.imdb.com/title/tt33513545/
tt36870739,The Woman,The Woman,2025,Thriller,Hwang Wook,https://www.imdb.com/title/tt36870739/
tt37661885,The World of Love,Segyeui Ju-in,2025,Drama,Yoon Ga-eun,https://www.imdb.com/title/tt37661885/
tt38034769,Theory of Sicsa,Theory of Sicsa,2025,"Comedy,Fantasy,Romance",Park Soo-Won,https://www.imdb.com/title/tt38034769/
tt38447064,Time of Cinema,Geukjangui sigandeul,2025,"Documentary,Drama",Yoon Ga-eun,https://www.imdb.com/title/tt38447064/
tt38589235,Tomorrow's Min-Jae,Tomorrow's Min-Jae,2025,"Drama,Sport",Park Young-jae,https://www.imdb.com/title/tt38589235/
tt33317763,Tristes Tropiques,Tristes Tropiques,2025,Action,Park Hoon-jung,https://www.imdb.com/title/tt33317763/
tt36109428,Tropical Night,Tropical Night,2025,"Drama,Romance,Thriller",Son Hyeon-woo,https://www.imdb.com/title/tt36109428/
tt39746849,Two Voices Into an Echo,Uahan siche,2025,Drama,Kim Kyung-rae,https://www.imdb.com/title/tt39746849/
tt38390369,Under the Sky Without My Mom,Under the Sky Without My Mom,2025,,Han Myeong-gu,https://www.imdb.com/title/tt38390369/
tt35886703,Utopia,Mong-yudowon,2025,"Comedy,Drama",Jang Jung-hye,https://www.imdb.com/title/tt35886703/
tt36679841,Virus,Baireoseu,2025,Drama,Yi-kwan Kang,https://www.imdb.com/title/tt36679841/
tt38353906,Volcanoes and Us,Volcanoes and Us,2025,,Byoung-Gil Park,https://www.imdb.com/title/tt38353906/
tt32237537,Wall to Wall,84 Jegopmiteo,2025,"Drama,Thriller",Kim Tae-joon,https://www.imdb.com/title/tt32237537/
tt35499025,What Does That Nature Say to You,Geu jayeoni nege mworago hani,2025,"Comedy,Drama,Romance",Hong Sang-soo,https://www.imdb.com/title/tt35499025/
tt38935188,Who Gives Me Strength,Who Gives Me Strength,2025,Action,Choi Ji-on,https://www.imdb.com/title/tt38935188/
tt38448241,Wrangler,Wrangler,2025,"Drama,Thriller",Eun-Sun Seo,https://www.imdb.com/title/tt38448241/
tt35851026,Yadang: The Snitch,Yadang: The Snitch,2025,"Action,Comedy,Crime",Hwang Byeng-Gug,https://www.imdb.com/title/tt35851026/
tt39232530,You've Got Messenger,You've Got Messenger,2025,Drama,Park Han-jin,https://www.imdb.com/title/tt39232530/
tt38266673,Your Letter,Your Letter,2025,"Adventure,Animation,Drama",Kim Yong-Hwan,https://www.imdb.com/title/tt38266673/
tt38573874,j-hope Tour: Hope on the Stage - The Movie,j-hope Tour: Hope on the Stage - The Movie,2025,"Documentary,Music",Junsoo Park,https://www.imdb.com/title/tt38573874/
tt39240255,A Letter to My Youth,Naui Jeolm-Eun Sijeol-Ege Bonaeneun Pyeonji,2026,Drama,Sim F.,https://www.imdb.com/title/tt39240255/
tt39393155,A Vast Algorithm of Humanity: The Movie,A Vast Algorithm of Humanity: The Movie,2026,"Drama,Fantasy,Musical",Younguee Yoo,https://www.imdb.com/title/tt39393155/
tt39950539,BTS WORLD TOUR 'ARIRANG' in GOYANG: LIVE VIEWING,BTS World Tour 'Arirang' in Goyang: Live Viewing,2026,"Documentary,Music",Jungjae Ha,https://www.imdb.com/title/tt39950539/
tt39950835,BTS WORLD TOUR 'ARIRANG' in JAPAN: LIVE VIEWING,BTS World Tour 'Arirang' in Japan: Live Viewing,2026,"Documentary,Music",Jungjae Ha,https://www.imdb.com/title/tt39950835/
tt41391590,"Beyond Now, Nyein","Beyond Now, Nyein",2026,Documentary,Lim Dae-Cheong,https://www.imdb.com/title/tt41391590/
tt34385135,Colony,Colony,2026,"Action,Horror,Sci-Fi",Yeon Sang-ho,https://www.imdb.com/title/tt34385135/
tt39401029,Enhypen: Walk the Line Summer Edition - In Cinemas,Enhypen: Walk the Line Summer Edition - in Cinemas,2026,Music,Yoon-Dong Oh,https://www.imdb.com/title/tt39401029/
tt39318415,"Everyday, We Are",Everyday We Are,2026,"Drama,Romance",Kim Min-jae,https://www.imdb.com/title/tt39318415/
tt27369017,Hope,Hopeu,2026,"Action,Horror,Sci-Fi",Na Hong-jin,https://www.imdb.com/title/tt27369017/
tt32606470,Humint,Humint,2026,"Action,Adventure,Crime",Ryoo Seung-wan,https://www.imdb.com/title/tt32606470/
tt39383539,My Name,Nae Ireumeun,2026,Drama,Jeong Ji-yeong,https://www.imdb.com/title/tt39383539/
tt34392053,Night Fever,Night Fever,2026,"Action,Crime",Kim Pan-soo,https://www.imdb.com/title/tt34392053/
tt39308490,No Kids,Hateu maen,2026,Romance,Won-sub Choi,https://www.imdb.com/title/tt39308490/
tt39380534,Number One,Number One,2026,"Drama,Fantasy",Kim Tae-yong,https://www.imdb.com/title/tt39380534/
tt39387657,Pavane,Pabanneu,2026,"Drama,Romance",Lee Jong-pil,https://www.imdb.com/title/tt39387657/
tt39193651,Reunion: The Last Supper,Reunion: The Last Supper,2026,"Comedy,Drama",Sewoong Bae,https://www.imdb.com/title/tt39193651/
tt38958561,Run,Run,2026,Action,Son Hyeon-woo,https://www.imdb.com/title/tt38958561/
tt39368030,The Day She Returns,Geunyeoga doraon nal,2026,Drama,Hong Sang-soo,https://www.imdb.com/title/tt39368030/
tt38626703,The King’s Warden,The King's Warden,2026,"Drama,History",Jang Hang-jun,https://www.imdb.com/title/tt38626703/
tt39318287,The Seoul Guardians,The Seoul Guardians,2026,Documentary,Cho Chul-young,https://www.imdb.com/title/tt39318287/
tt39556297,The Ultimate Duo,Chul jang su sa,2026,"Comedy,Crime,Mystery",Park Chul-Hwan,https://www.imdb.com/title/tt39556297/
